{"type":"FeatureCollection","crs":{"type":"name","properties":{"name":"EPSG:4326"}},"features":[{"type":"Feature","id":1,"geometry":{"type":"MultiPolygon","coordinates":[[[[-90.7002375728072,29.0314116987781],[-90.6924331075351,29.0295329694074],[-90.6861765508886,29.0304140746606],[-90.6799208305737,29.030837308051],[-90.672093039647,29.0321692902595],[-90.6710628400011,29.0312440649642],[-90.6710782982105,29.0289507096592],[-90.6742140437795,29.0280503887249],[-90.6778607699468,29.0276143728842],[-90.6794324938089,29.0262464635419],[-90.6825680570199,29.0253457765521],[-90.6862147751023,29.0249083723176],[-90.6903880936891,29.0244733195827],[-90.6945611948836,29.0240392822393],[-90.6982007731561,29.0249780613967],[-90.7086225051613,29.0245747650485],[-90.7106975505855,29.0259635331486],[-90.7111858352481,29.0310128944054],[-90.7085688712473,29.0319150470737],[-90.7054412275838,29.0323596657207],[-90.7002375728072,29.0314116987781]]],[[[-90.5913510452672,29.0298302811709],[-90.6002546082725,29.0239220735729],[-90.6070297722139,29.0239661693088],[-90.6064878823834,29.0262577745205],[-90.6038705734294,29.0280757130905],[-90.6059382571599,29.0303813267652],[-90.6032984292385,29.0344943035414],[-90.5980798462585,29.0353801661198],[-90.5928538144481,29.0371802882234],[-90.5871091232404,29.0380602333605],[-90.5850570971453,29.0343760864799],[-90.5871549615744,29.0330148486607],[-90.5887267258607,29.032105957103],[-90.5913510452672,29.0298302811709]]],[[[-90.6315271920329,29.0227432202682],[-90.6336180289416,29.0222990935722],[-90.6383020667168,29.0223275079913],[-90.6476713136705,29.0233025004534],[-90.6476486383961,29.0269748432598],[-90.6507685340902,29.0274511464912],[-90.6507459387659,29.0306647422428],[-90.6496856266933,29.0324934304646],[-90.650708041539,29.0347943515554],[-90.6501735942506,29.0370856473025],[-90.6485871227465,29.0393703436432],[-90.6423383122727,29.0388732692604],[-90.6387294276368,29.03471958979],[-90.6382340238256,29.0315051172517],[-90.6361658765644,29.0291967724878],[-90.6340988971131,29.0273483889641],[-90.6320233890565,29.0259601422019],[-90.6315271920329,29.0227432202682]]],[[[-90.1983840033927,29.0356851400244],[-90.2036250253903,29.0334449281914],[-90.206226999204,29.0339300446862],[-90.2062038819584,29.0357654673071],[-90.205654869386,29.0380546225001],[-90.2040601351779,29.0403319226952],[-90.2009164233489,29.0416755047695],[-90.1977963066692,29.0407247693378],[-90.1973083310271,29.0384278383021],[-90.1983840033927,29.0356851400244]]],[[[-90.624058023839,29.0447257303176],[-90.6219832550958,29.0433351271659],[-90.6209380868223,29.0437864922602],[-90.615200827377,29.043750154054],[-90.612088026577,29.0423537307865],[-90.6079146693626,29.0427854426447],[-90.6037484968739,29.0427589179327],[-90.6037714955418,29.0395464503282],[-90.6084789317353,29.0372812970867],[-90.6116302325318,29.0350082375928],[-90.6168559346604,29.0327472787229],[-90.6179244645212,29.0299997819534],[-90.6195189822354,29.0263401034829],[-90.6101422002131,29.0258226976225],[-90.6096307767454,29.0249013389965],[-90.6096537924813,29.0221487365243],[-90.6133007531088,29.0221716453057],[-90.6185042443921,29.0226632363331],[-90.6216320901765,29.0226847452183],[-90.6252788091573,29.0222461451553],[-90.6283997109645,29.0227243137946],[-90.6278192366959,29.0300631478202],[-90.6257064557415,29.0337220141352],[-90.6251642622804,29.0364712591098],[-90.6267054874403,29.0392356202163],[-90.6292921449785,29.0415451070191],[-90.6287579330487,29.0433764658693],[-90.6271786831011,29.0447440500365],[-90.624058023839,29.0447257303176]]],[[[-90.7569544249505,29.043187258134],[-90.7522699236446,29.0427035186928],[-90.7480895541811,29.043600363859],[-90.7381939986755,29.0430905415273],[-90.7319532514798,29.0412215434298],[-90.7278104154255,29.0379881136745],[-90.7199975823466,29.0370259661433],[-90.7158627116539,29.0324154161059],[-90.7158931510674,29.0278298910866],[-90.7252545530336,29.0301715948365],[-90.732021542306,29.0311259392194],[-90.7413905916303,29.0325528071388],[-90.7570006432719,29.0363030051861],[-90.7694746196628,29.040956330466],[-90.7720458288729,29.0464746758985],[-90.7689176507119,29.0473765983867],[-90.7668349040307,29.0459895406243],[-90.7637218615839,29.0445980607838],[-90.759556096032,29.0441183654344],[-90.7569544249505,29.043187258134]]],[[[-90.5281265142363,29.0486649094344],[-90.5281566679854,29.0459117767801],[-90.5333674679618,29.0459497862026],[-90.5359464341245,29.0487199120311],[-90.5364501644201,29.0501008132156],[-90.534359283494,29.0510028649863],[-90.5322688777767,29.0519060004207],[-90.5296671321351,29.0514285606461],[-90.5281265142363,29.0486649094344]]],[[[-90.2106975343857,29.0504937153284],[-90.2117658495491,29.0486701317727],[-90.213848723791,29.0486917161263],[-90.215931529761,29.0491698816304],[-90.2185256657739,29.0496549454066],[-90.2226987310357,29.0496962886455],[-90.222668444336,29.0519910111027],[-90.2221262122473,29.0538231574805],[-90.2179377830991,29.0546980095647],[-90.2158549016707,29.0546753074607],[-90.2143062600198,29.0537430185867],[-90.2117278696772,29.0518805821707],[-90.2106975343857,29.0504937153284]]],[[[-90.6058008095316,29.0464426587449],[-90.6115385037615,29.0460208032124],[-90.6177795941137,29.0474377358317],[-90.6182675122636,29.0511126100803],[-90.6161773032774,29.0524762909158],[-90.613033957961,29.0542904608838],[-90.6078079009978,29.055633737887],[-90.6015589827263,29.0546753215955],[-90.6000255567396,29.051453709652],[-90.5995068659013,29.0509904188251],[-90.6000410589665,29.0491592438176],[-90.6021391686357,29.0477966405671],[-90.6058008095316,29.0464426587449]]],[[[-90.6245237014991,29.0511520664562],[-90.6281936473198,29.0488805839357],[-90.6302762107447,29.0488932031202],[-90.6318403519275,29.0489026307942],[-90.6323435306575,29.0507416774751],[-90.6318171700032,29.0516563197144],[-90.6297039210266,29.0553151177433],[-90.6275980714729,29.0575961367158],[-90.6249892165642,29.0575794188258],[-90.6239666409201,29.0552782928083],[-90.6245237014991,29.0511520664562]]],[[[-90.4452328634098,29.0512456170513],[-90.4510080443365,29.0471607738852],[-90.46250572988,29.0444984224426],[-90.4729348972408,29.0432032958827],[-90.4833952370402,29.040072711671],[-90.4886292171442,29.0378191946366],[-90.5016901096226,29.0337865087326],[-90.5095336623893,29.0310910017214],[-90.5157970839611,29.0302194887175],[-90.5163005097278,29.0316004709745],[-90.5141875473138,29.0347984161019],[-90.5146909811653,29.0366370842851],[-90.5167739793747,29.0366522261187],[-90.5199091095977,29.0357578425248],[-90.5251357064485,29.0339581849326],[-90.5282864862221,29.0312288469343],[-90.531948574479,29.0298787564484],[-90.5371820317635,29.0271615554064],[-90.5444991448243,29.0253786163762],[-90.5523110966559,29.0254339526502],[-90.5549055946898,29.0268276679313],[-90.5580562864286,29.0236385963836],[-90.5632673388315,29.0241327348762],[-90.5721326129445,29.0232754098824],[-90.5778622636594,29.0233135870995],[-90.5783581112383,29.0256121709437],[-90.5788768110598,29.0265343974689],[-90.5804255263726,29.0279206366984],[-90.5798767240059,29.0306713439587],[-90.5746657308917,29.0310956303652],[-90.5730709472762,29.0342959238402],[-90.5589562743757,29.0397065694728],[-90.5574234116328,29.0364819453552],[-90.5506485216775,29.0368943608501],[-90.5491149429773,29.0332130030488],[-90.5454599334448,29.0336457569229],[-90.5443765822802,29.0382283532588],[-90.545887548588,29.0446624409922],[-90.5401500151566,29.0446217522842],[-90.5380902033629,29.0418544065647],[-90.5365262535213,29.042301119366],[-90.533398034936,29.0422791763354],[-90.531300230694,29.0436403869911],[-90.5229302534927,29.0467917699719],[-90.5187495884835,29.0481377338269],[-90.5161402278233,29.0485767586788],[-90.514607164756,29.0458124130045],[-90.5151559931738,29.0426055427003],[-90.5089155954227,29.041643018833],[-90.5016141974895,29.041587505901],[-90.4958692367873,29.043378564336],[-90.4885370580809,29.0469938763728],[-90.4822581558418,29.0497007554671],[-90.4796032074774,29.0542691187801],[-90.4764831393068,29.0537862165773],[-90.4728590129554,29.0510032450697],[-90.4671367796299,29.0500421620495],[-90.4556624862164,29.0508699275937],[-90.4483229125786,29.0549426666269],[-90.446720837338,29.0590590460284],[-90.443066002977,29.0594880511667],[-90.441517563447,29.0580996226957],[-90.4415705119465,29.0530524152489],[-90.4452328634098,29.0512456170513]]],[[[-90.0823027214185,29.0628801379966],[-90.0839045963348,29.0601465725953],[-90.0849655920253,29.0592400535116],[-90.0886347167859,29.0574457965368],[-90.0944027156819,29.0552148332727],[-90.1001556219828,29.053903244484],[-90.1205790193933,29.0472475373964],[-90.1294750886525,29.0445897259168],[-90.1352426312043,29.0423598385474],[-90.1456873385212,29.0406352798018],[-90.1561477924067,29.0379957485022],[-90.1639673026632,29.0376194280297],[-90.1670959515414,29.0376521445691],[-90.1733365738714,29.0386367240831],[-90.178539812728,29.0391495277563],[-90.1811030763395,29.0419292259908],[-90.1805310677941,29.046052573902],[-90.1768534665306,29.0478505127657],[-90.1742827810382,29.0455288435735],[-90.1716811225332,29.0450440902397],[-90.1623424883677,29.0421896818645],[-90.1492889647696,29.043887637591],[-90.1492505860458,29.0466404268845],[-90.1466107464462,29.0493644169229],[-90.1418803708736,29.052067881418],[-90.1397365854655,29.0561752650163],[-90.1345182683868,29.0565777947591],[-90.1335642476736,29.0506010359599],[-90.1288570387539,29.0514672700876],[-90.1272474428176,29.0546619052858],[-90.1225246822638,29.0569051445673],[-90.1177944863542,29.0596063737302],[-90.1152387164888,29.0563657383193],[-90.1094937953125,29.0572201798486],[-90.1006281358223,29.0571214151182],[-90.097446710921,29.0607568960447],[-90.0953492139029,29.0621091179643],[-90.0901305132435,29.0620503935357],[-90.0848889944777,29.0642857653953],[-90.0823027214185,29.0628801379966]]],[[[-90.3246578328886,29.0667350943471],[-90.3215377144123,29.0662495133866],[-90.3163189984816,29.0666594567009],[-90.3105891258829,29.0661460697751],[-90.3064235606553,29.0656504513798],[-90.3043486221306,29.0651716187154],[-90.3007171915777,29.0628458417712],[-90.2981381490582,29.0605256863856],[-90.2939951099847,29.0581930350684],[-90.2892882478147,29.059984601414],[-90.2877010280139,29.0618027443969],[-90.2845730259226,29.0613140645058],[-90.2783247203021,29.0607971363081],[-90.2674300091302,29.0570199922204],[-90.2606395208283,29.0578730949846],[-90.2606853268229,29.054663550423],[-90.2638364237018,29.0523999878811],[-90.2591671488399,29.0509763871489],[-90.2544827032296,29.0504731420334],[-90.2492566049439,29.0513387065943],[-90.245609757504,29.0513033880039],[-90.2383922164043,29.0452669440353],[-90.2347684898033,29.0429358623088],[-90.2305949520276,29.0433538123216],[-90.2279704861958,29.0447048189595],[-90.2253839687948,29.04330189645],[-90.2227978430594,29.0418977241972],[-90.2207532020143,29.0386669168415],[-90.2197458824586,29.0363624440724],[-90.2182046608919,29.0345098839547],[-90.2161678702241,29.0308185632913],[-90.219303834982,29.0299314708128],[-90.2218896499004,29.0313357438267],[-90.2249954106035,29.033200879125],[-90.2286573901643,29.0323195926582],[-90.2364544021145,29.0337753006844],[-90.242687575614,29.035213531517],[-90.2499663629515,29.0362016647082],[-90.2556884229022,29.0371767766934],[-90.2640119581017,29.0381739184065],[-90.2723354394021,29.0396315026102],[-90.2806361205624,29.0424649065856],[-90.2868540262955,29.0452763806794],[-90.2936066200653,29.0476341041907],[-90.3013883795203,29.0509193345598],[-90.3091779022159,29.053287030928],[-90.3195536404786,29.0575121546156],[-90.326290362814,29.0607858079142],[-90.3319974505439,29.0631324549404],[-90.3314404824913,29.0663389155307],[-90.3246578328886,29.0667350943471]]],[[[-90.6422011017996,29.0567679492915],[-90.6474196623218,29.0558808725776],[-90.6541866866284,29.0568404461201],[-90.6557201889718,29.0609786079462],[-90.6541255679514,29.0641811828496],[-90.6515087899018,29.0655416679056],[-90.6462827095824,29.0678033378698],[-90.6441768887749,29.0700858047548],[-90.644138869377,29.0751327067475],[-90.6399581971814,29.0760261640201],[-90.6342359773305,29.0750716194824],[-90.6285064236337,29.0745782643162],[-90.6248666405453,29.072718379854],[-90.6259276362358,29.0704301666677],[-90.6285596551025,29.0672356925888],[-90.6311767448675,29.0663345538586],[-90.6358760827487,29.0654458406761],[-90.6379741627735,29.0636237346475],[-90.6390574609376,29.0581263876734],[-90.6422011017996,29.0567679492915]]],[[[-90.3376431626786,29.0705218625277],[-90.3371704179721,29.066389983591],[-90.3408248022771,29.0664225331849],[-90.3449674029728,29.0682966328192],[-90.3480648443781,29.0710778146297],[-90.34804965207,29.0724503845022],[-90.348552998785,29.0742900389336],[-90.3454022145198,29.0760985303252],[-90.3417859780716,29.0733136494484],[-90.3397180868303,29.071458763136],[-90.3376431626786,29.0705218625277]]],[[[-90.2839244306094,29.0723215700191],[-90.2855039033392,29.0709592979541],[-90.2901879959117,29.0714631921133],[-90.2938273594868,29.0719548341069],[-90.296428895821,29.0728973722657],[-90.297977751271,29.0738305038894],[-90.2984814070064,29.0756704995438],[-90.2963909473902,29.0761099057127],[-90.293247861687,29.0769987404898],[-90.2901117271474,29.0774282652851],[-90.2875102429155,29.0774032741383],[-90.2843901028796,29.0769142238418],[-90.2828410794448,29.0755243004821],[-90.2823373563357,29.0741407586726],[-90.2827036785288,29.0726668901731],[-90.2839244306094,29.0723215700191]]],[[[-90.6493953504823,29.069658425017],[-90.6525314320212,29.0687599118466],[-90.6556514301233,29.0696958062012],[-90.6582380939496,29.0720066177845],[-90.6566586230165,29.0742920370612],[-90.6529969192385,29.0756455621431],[-90.6519358678525,29.0774753537018],[-90.6498610784481,29.077004039903],[-90.6493497870328,29.0751655691954],[-90.6483351066817,29.0714870964964],[-90.6493953504823,29.069658425017]]],[[[-90.4001962784931,29.0710683332378],[-90.4054148462017,29.0706516928846],[-90.4069564046366,29.0725010153563],[-90.4038050310766,29.0752289120309],[-90.4011652642406,29.0779581237479],[-90.3995784944957,29.0797802833287],[-90.3975188461955,29.0774698509734],[-90.3975492739308,29.0747166559602],[-90.3980909391825,29.0733459079294],[-90.3986251430274,29.071972097691],[-90.4001962784931,29.0710683332378]]],[[[-89.1325651970497,29.0773003119941],[-89.1342355173025,29.0732038910827],[-89.1384012145824,29.0732884830056],[-89.1383404516383,29.0755809892979],[-89.1383097139842,29.0769562760861],[-89.1388277840866,29.0769685299041],[-89.1376842682558,29.081074839806],[-89.1340298165771,29.0810028106498],[-89.1325651970497,29.0773003119941]]],[[[-90.2285579322893,29.0805005686105],[-90.2291148491379,29.0772944912924],[-90.2301831930474,29.0754707214555],[-90.2317624313169,29.0741081282935],[-90.2338834767719,29.0718366254286],[-90.2349439801856,29.0704685627683],[-90.2391246613645,29.069135674314],[-90.2422451840827,29.0696239465354],[-90.2464031845973,29.0710414648404],[-90.248455560137,29.07381464049],[-90.2489439472075,29.0761133947194],[-90.2478835857276,29.0774815638002],[-90.2457930255001,29.0779176397398],[-90.2442286786031,29.07790311241],[-90.2405742332126,29.0783257835414],[-90.2348142679502,29.0801037596961],[-90.2306180953242,29.0823571456817],[-90.2295878902884,29.0809705710524],[-90.2285579322893,29.0805005686105]]],[[[-90.5409053042744,29.075829468167],[-90.5430037894394,29.0744670053676],[-90.5466429239441,29.0758689315716],[-90.5476651079228,29.0781697016175],[-90.5471154755128,29.0813788432864],[-90.5444912567177,29.0827369644032],[-90.5413477964171,29.0850087474467],[-90.540318186066,29.0831659102445],[-90.5398147108919,29.0813275479189],[-90.5398370951122,29.079032526109],[-90.5409053042744,29.075829468167]]],[[[-90.401135163492,29.0807090410177],[-90.405331469967,29.0784520327048],[-90.4089629499272,29.0798595784375],[-90.4094588433202,29.0826144918972],[-90.4047357153554,29.0853297934147],[-90.4031721886202,29.0853156934041],[-90.4016156732358,29.0843846119157],[-90.4005931874232,29.0829996943453],[-90.401135163492,29.0807090410177]]],[[[-90.4772534473578,29.0808633566151],[-90.480923123684,29.0790571203939],[-90.483524864834,29.0795357299609],[-90.4850734831287,29.0809245480008],[-90.4860881293438,29.0836852729484],[-90.4855465871613,29.0859739359869],[-90.4850123635534,29.087346964486],[-90.4813578139584,29.0877785507644],[-90.4798093340042,29.0859321621841],[-90.4782681097426,29.0840840550144],[-90.4772534473578,29.0808633566151]]],[[[-90.232639693684,29.0869662183813],[-90.2378886343308,29.0847250361731],[-90.2415202184956,29.0861366026826],[-90.2414897197934,29.0884311090421],[-90.2383388708495,29.0902340032262],[-90.2346613297731,29.092032951134],[-90.2315031631528,29.0947548382341],[-90.2288939426298,29.0947297594503],[-90.2289089094607,29.0933524876928],[-90.2273523832965,29.0928774480332],[-90.2268567108891,29.0905790553191],[-90.2279251464268,29.089213026625],[-90.2295038295374,29.0878526711742],[-90.232639693684,29.0869662183813]]],[[[-90.1559870847007,29.0875511109347],[-90.1617471829138,29.0857789147572],[-90.1653791003536,29.0871934946483],[-90.1648220775038,29.0894827462016],[-90.1616708656405,29.0912832144127],[-90.1580016690147,29.0926223866306],[-90.1548275078909,29.0958003423269],[-90.1522183466566,29.0957721388912],[-90.1522413668841,29.0943966951327],[-90.1506850491291,29.0939215582446],[-90.1501966476855,29.0916211400199],[-90.1512567235012,29.0902550168194],[-90.1528366004728,29.088897125141],[-90.1559870847007,29.0875511109347]]],[[[-90.6757703453648,29.097345942371],[-90.6721307985333,29.0959466805917],[-90.668995151779,29.0973057831002],[-90.6643035430025,29.0968184749021],[-90.660664098579,29.0949611686744],[-90.6565291569195,29.0908082374264],[-90.6560330892532,29.0875940364866],[-90.6586499032354,29.0862333935269],[-90.6638761982522,29.0844287069293],[-90.6618158618424,29.0816642893441],[-90.65976353571,29.0766036139072],[-90.6623880778986,29.074326228198],[-90.6634335578875,29.0743319941091],[-90.6655167204887,29.0748026794761],[-90.667599162641,29.0752743762721],[-90.6701931621099,29.0766670304432],[-90.6712229332595,29.0785072211793],[-90.6748624594297,29.0794467090371],[-90.6774487387771,29.0822145273394],[-90.6779366713,29.0863464013699],[-90.6779143454703,29.0900162195979],[-90.6820871654921,29.0900389154882],[-90.6893807678453,29.0900834492502],[-90.6883207432336,29.0928287621629],[-90.6851776099196,29.0951038415826],[-90.6815152548631,29.096460747153],[-90.6757703453648,29.097345942371]]],[[[-90.6066250811784,29.0721457752483],[-90.6118591008083,29.0698847140572],[-90.6149871406288,29.069901822528],[-90.618626020012,29.0708421920482],[-90.621746767309,29.0722390979509],[-90.6212125239382,29.0740726628336],[-90.6201521525769,29.0759021659253],[-90.6180617774023,29.0768037258217],[-90.6159711453096,29.0772510456401],[-90.6123092214443,29.0786031014267],[-90.6107220330846,29.0808882260221],[-90.6122784442644,29.0822734035713],[-90.6133081453453,29.0841165401413],[-90.6112104363248,29.0854805286172],[-90.6080670972967,29.0872945400919],[-90.6080442863767,29.0900469711464],[-90.6111645234306,29.0909853568192],[-90.6142774365201,29.092839331101],[-90.6152994147845,29.095140399531],[-90.6126597494581,29.0987947261359],[-90.6079677436262,29.0992220815485],[-90.6032758958979,29.0991916427872],[-90.5991175701932,29.0968721935348],[-90.5965313106087,29.0950197150009],[-90.5939452064328,29.0922496966758],[-90.5934415974098,29.0904093824854],[-90.5960583871375,29.088592815715],[-90.5976376667295,29.0872268627274],[-90.5960886936003,29.0858387780908],[-90.59350993944,29.0821507884184],[-90.5950897328683,29.0798675179155],[-90.5997969193302,29.0785225185938],[-90.6039778053249,29.0771720554966],[-90.6066250811784,29.0721457752483]]],[[[-90.4376109654479,29.0823878422078],[-90.4402432169782,29.0805733046818],[-90.4423032156215,29.0828839681158],[-90.4412427490387,29.0842518117734],[-90.4432949530002,29.0874791679489],[-90.4453622800995,29.0897892714103],[-90.4468729733196,29.0948485737552],[-90.4468274350229,29.0994363323714],[-90.4421277081712,29.0998573146774],[-90.4416318525074,29.0975591845238],[-90.4400833959094,29.0957120662539],[-90.43958732465,29.0929562157599],[-90.4370235642701,29.0892641485047],[-90.4376109654479,29.0823878422078]]],[[[-90.6293986986459,29.0929369139673],[-90.6314969367741,29.0915726011332],[-90.6367076289527,29.0916048986413],[-90.6408883487591,29.0902551486989],[-90.6440397609467,29.0875212119556],[-90.6471831305175,29.0857049577118],[-90.6476938676723,29.0866259130047],[-90.6482131010931,29.087545411705],[-90.6481901545274,29.0898413648344],[-90.6481746109781,29.0921334627508],[-90.6471143132786,29.094423038577],[-90.6476258184929,29.0958016736105],[-90.6502118687699,29.0985678687255],[-90.6491438347792,29.1013154663559],[-90.6460082500086,29.1026738135504],[-90.6413007581196,29.1040197956793],[-90.638165005364,29.1053768003563],[-90.6334347950815,29.1094782235986],[-90.6313596903684,29.1085466699303],[-90.629292152165,29.1062385563057],[-90.6282621339787,29.104400133373],[-90.6272323295915,29.1030170406613],[-90.6288036950259,29.1016510835812],[-90.6288344874772,29.0984384252009],[-90.6293986986459,29.0929369139673]]],[[[-90.1566584999171,29.1146309876322],[-90.1524928044338,29.1141265952009],[-90.1477933560598,29.114534627664],[-90.1451919544729,29.1140481623093],[-90.1446956604313,29.1122081067524],[-90.1437193713805,29.1071529610885],[-90.144802531204,29.1044092796886],[-90.1469158870802,29.1021387754849],[-90.1479842992617,29.1003159392724],[-90.1553155949241,29.0985584400995],[-90.1610606760006,29.0977023593335],[-90.1689113721705,29.0954908898516],[-90.1762435356055,29.0932730663857],[-90.1856579049359,29.0910768585476],[-90.1987500722609,29.0870822893589],[-90.2044567126297,29.0894340799215],[-90.205982874839,29.0922040884247],[-90.2043957098354,29.0940220680179],[-90.201770911627,29.0949135010998],[-90.19864352578,29.0948821756275],[-90.1960416256281,29.0948536061479],[-90.1939361569602,29.0962104514351],[-90.1892285608666,29.097078446732],[-90.183476216911,29.0983964861233],[-90.1792947470113,29.0992704158874],[-90.1740615753911,29.1005925284136],[-90.1688352686962,29.1014550465395],[-90.1651500793634,29.1037094856901],[-90.1630139610763,29.1073591371758],[-90.161388645521,29.1119279762722],[-90.1566584999171,29.1146309876322]]],[[[-90.2172511117943,29.1079196985219],[-90.2182968037856,29.1074714641147],[-90.2198604239455,29.1074862211635],[-90.2219431688301,29.1079653155079],[-90.2234919012108,29.1088995908225],[-90.2255292757836,29.1130491583621],[-90.2249797646462,29.1148782515703],[-90.2234004769694,29.116238464932],[-90.2223555808854,29.1162291940999],[-90.2208065861966,29.1152959710558],[-90.2203027265436,29.1139155785816],[-90.2187617565053,29.1120631925298],[-90.2177393928636,29.1102185046361],[-90.2172511117943,29.1079196985219]]],[[[-90.6579786236646,29.1050387739107],[-90.6626936748768,29.1032328031486],[-90.668415345857,29.10418432153],[-90.669972193618,29.1055696433138],[-90.6710020204631,29.106952247283],[-90.6720318886307,29.1087935285926],[-90.6720168140019,29.1115454076454],[-90.6683542478412,29.1129005660666],[-90.6626095242942,29.1137840110221],[-90.6547663748711,29.1160307252633],[-90.645359325912,29.1187265022408],[-90.6427653893251,29.1164159620048],[-90.6443522857324,29.1141326367082],[-90.645924301547,29.1127652732118],[-90.6485563150238,29.1100291142963],[-90.6522412932524,29.1059222455518],[-90.6579786236646,29.1050387739107]]],[[[-90.2798049399727,29.1103669485452],[-90.282429318668,29.1090145728114],[-90.283993483207,29.1090295219282],[-90.2855493374313,29.1095024276053],[-90.2871058231713,29.110435286449],[-90.2881358162047,29.1113623329713],[-90.2881133340681,29.1136575524648],[-90.2880902770096,29.1154927539797],[-90.2875254352236,29.1186980743621],[-90.285412568031,29.1209737512576],[-90.2807203007894,29.1209278269186],[-90.2786448106991,29.1199908639081],[-90.2771037014219,29.1181406371068],[-90.2776683339004,29.1144764118563],[-90.2787215690451,29.1135683656199],[-90.2792630528372,29.112195910496],[-90.2798049399727,29.1103669485452]]],[[[-90.4664197614381,29.1211563827021],[-90.470081684405,29.1207248751537],[-90.4726832261291,29.1212037148006],[-90.4768570019583,29.1212363679246],[-90.4778944779581,29.1217021028813],[-90.4799772686567,29.1221766806892],[-90.4783747101225,29.1253780535496],[-90.4762689656717,29.1276537285944],[-90.472080842849,29.1289992654408],[-90.4673884812843,29.1289623287394],[-90.4653134502331,29.1275696411773],[-90.4648407441542,29.1229779370803],[-90.4664197614381,29.1211563827021]]],[[[-90.1581234563128,29.1215285426476],[-90.1602215704735,29.1210916116006],[-90.1601836786365,29.1238442540545],[-90.1596339240557,29.1256741370029],[-90.1580246542079,29.1288667786708],[-90.1564374990859,29.130685166789],[-90.1522490384966,29.1315584393831],[-90.1496548782292,29.1306129016282],[-90.1497007830386,29.1274022367257],[-90.1512800761053,29.126044242671],[-90.1528744285294,29.1242244760907],[-90.1554916018378,29.1233346395923],[-90.1581234563128,29.1215285426476]]],[[[-90.6276209560548,29.1190752367417],[-90.6302382066183,29.118175235114],[-90.6323130373451,29.1191056405852],[-90.6359677540269,29.1191282233319],[-90.6395918597169,29.122362044075],[-90.6379972979853,29.1255630674542],[-90.6348460816305,29.1282968380799],[-90.6327403263999,29.1305778793647],[-90.6285521532716,29.1323865245021],[-90.6243865727727,29.1319024246471],[-90.6228376454575,29.1295974739958],[-90.6233866032327,29.1268492081105],[-90.6255077223495,29.1222739956059],[-90.6276209560548,29.1190752367417]]],[[[-90.4087263615291,29.1509685884126],[-90.4108240732446,29.1500710030704],[-90.4128995444703,29.1510050127505],[-90.4143948989569,29.1574392531517],[-90.4122890152672,29.1587983683859],[-90.410725294496,29.159244255487],[-90.4091611057024,29.158772691758],[-90.4065822437444,29.155997263109],[-90.4060788080962,29.1541581920802],[-90.4071471915316,29.1523327411865],[-90.4087263615291,29.1509685884126]]],[[[-90.0940518606814,29.151567823929],[-90.0972487357071,29.1470164600514],[-90.0988124735464,29.1470331296851],[-90.0998503960088,29.1475030040196],[-90.1018871812868,29.1507387110651],[-90.1034206018835,29.1530486956916],[-90.1064874439753,29.1576709002017],[-90.1074873928541,29.160434457076],[-90.107471733422,29.1618105638896],[-90.1053816403185,29.1617871778284],[-90.103298955621,29.161304583004],[-90.100696946773,29.1608181263744],[-90.0997050863251,29.1575964731533],[-90.0976681079093,29.1539007800256],[-90.0940518606814,29.151567823929]]],[[[-88.8378420648632,29.16825473947],[-88.8331877433575,29.1667704943688],[-88.8239032192132,29.1628856533077],[-88.8161896841092,29.159037944955],[-88.8141441231892,29.1576131881392],[-88.812618573631,29.156201433374],[-88.8100623635911,29.1543075806496],[-88.8097043409329,29.1487919377623],[-88.8144568860284,29.1470659244572],[-88.821720601432,29.1486092659723],[-88.8237119705842,29.151868087219],[-88.8252072909348,29.1541969774446],[-88.8273202380775,29.1533284568216],[-88.8314408264554,29.1552577219483],[-88.8360790070321,29.1571995387057],[-88.8398099807999,29.1545301242862],[-88.8449445668093,29.1574012448671],[-88.8447544195148,29.1638223947385],[-88.8441504030975,29.1665621045715],[-88.850910138474,29.1676339697409],[-88.8582659985679,29.1659647497273],[-88.8554576197497,29.1548872374336],[-88.849842032618,29.1506294306686],[-88.8473701995361,29.1459840343117],[-88.8527343185753,29.1410592100388],[-88.8568157799328,29.1443629403022],[-88.8662377669768,29.1431986307984],[-88.8688478983916,29.1432578919],[-88.8714333054748,29.1442350035303],[-88.8697475952846,29.1483268943311],[-88.8679929268199,29.1547115805471],[-88.8709078251696,29.162121348856],[-88.8683128788763,29.1616023938694],[-88.8653067233719,29.1574058411638],[-88.8611190991142,29.1577698956078],[-88.8676418840715,29.1666363643164],[-88.8753785543874,29.170022035953],[-88.866978617473,29.1716689231325],[-88.862774837015,29.1724905472723],[-88.8591196082936,29.1724084464921],[-88.8554799958851,29.1718676022056],[-88.8481943849447,29.1712428908582],[-88.8419847868314,29.1692652316683],[-88.8378420648632,29.16825473947]]],[[[-90.2812083015843,29.1658928819776],[-90.2848705183003,29.1654693045076],[-90.2874797064841,29.1654938946039],[-90.291652834628,29.1655320395203],[-90.2926834573805,29.1664589649455],[-90.2947658088029,29.166937467582],[-90.2931639473613,29.1701349893944],[-90.2910507693516,29.1719495504657],[-90.2868618766727,29.1732862275063],[-90.2821545752265,29.1737000701837],[-90.2800870064804,29.172304098534],[-90.2796217977408,29.1677119946442],[-90.2812083015843,29.1658928819776]]],[[[-90.8365295104713,29.1651404619989],[-90.8412364759475,29.1637850100899],[-90.8433116938483,29.1660865990174],[-90.8464170862422,29.1706881646894],[-90.8495295079532,29.1734545925601],[-90.847965747656,29.173904077396],[-90.8458749044592,29.1743551415236],[-90.8432659669054,29.1743455080711],[-90.8380549154007,29.1724876254957],[-90.834423758834,29.1678841551636],[-90.8365295104713,29.1651404619989]]],[[[-90.1392333932608,29.1672051007656],[-90.1413309648391,29.1663096740636],[-90.146023284183,29.1663621727136],[-90.1502117312975,29.1659456130289],[-90.1507763089788,29.1627408936698],[-90.1497847198221,29.1590610766889],[-90.15137913423,29.1567836463195],[-90.1534697636278,29.1568060207443],[-90.1550412907588,29.1563637874226],[-90.156612800822,29.1559215278772],[-90.1581541212033,29.157313730052],[-90.1586196425566,29.1614480793426],[-90.1569788571137,29.1669360964298],[-90.1537900390777,29.1710311459312],[-90.1479917588718,29.1750990410229],[-90.1427733663346,29.1750412383603],[-90.1401865524896,29.1736374821322],[-90.1365708226913,29.1708462899751],[-90.1392333932608,29.1672051007656]]],[[[-90.2320369681458,29.1745895772178],[-90.2362258069258,29.1737140176781],[-90.2383006655005,29.174652805505],[-90.2398492164215,29.176043230496],[-90.2387813234663,29.177868178286],[-90.236683270391,29.1787655567222],[-90.2350965653248,29.1801251911874],[-90.2324948735821,29.1796411876718],[-90.2309457001286,29.1782505878997],[-90.2304504086068,29.176409014206],[-90.2320369681458,29.1745895772178]]],[[[-89.8562205688623,29.17341266447],[-89.8588833891635,29.1706962791348],[-89.8620113095081,29.1707372302091],[-89.8608973437585,29.174850532874],[-89.859829347497,29.1762150860508],[-89.858257814976,29.1766515780068],[-89.8571973367152,29.1775557366425],[-89.8555646352116,29.181202659732],[-89.8529630557583,29.1807095703999],[-89.8530470141013,29.1761236004635],[-89.8562205688623,29.17341266447]]],[[[-90.2700774017646,29.1800067311057],[-90.2737548179752,29.1777488983272],[-90.2779275760133,29.1782485306137],[-90.279980250692,29.1810205263791],[-90.2783857239947,29.183297536705],[-90.273670417661,29.1846289022489],[-90.2705657133767,29.1823061743664],[-90.2705808742437,29.1813878389889],[-90.2700774017646,29.1800067311057]]],[[[-90.8224531884469,29.1632428213349],[-90.8255811599954,29.1627977611425],[-90.8276565584576,29.1655605925042],[-90.8281600030889,29.1687729078091],[-90.8302195974902,29.1733698272861],[-90.8296705867145,29.1784142396476],[-90.830174103211,29.1816264985405],[-90.8285949017724,29.1839143255715],[-90.8264965423716,29.1852792201475],[-90.8244059767542,29.1857299072308],[-90.8233686867057,29.1843485197768],[-90.8239028896524,29.1834349272196],[-90.8233835017214,29.1820556609712],[-90.8239176768203,29.1802225461241],[-90.8239254768919,29.1788473833946],[-90.8234068040199,29.1779279997853],[-90.8213313687268,29.1760834319588],[-90.8192641664933,29.1728625950481],[-90.8171965240853,29.1696405298872],[-90.8177304341812,29.1673499027423],[-90.8193095898057,29.1655219094845],[-90.8224531884469,29.1632428213349]]],[[[-90.1198314737532,29.1734156725002],[-90.122471083384,29.171151348285],[-90.1240350493953,29.1711687811247],[-90.1256068756654,29.1711858005934],[-90.1266218551555,29.1730329177887],[-90.1271330297898,29.1739557313297],[-90.1270720934708,29.1780846401662],[-90.1280865923623,29.1803882260877],[-90.1301463403755,29.1822443789963],[-90.1327330347445,29.1836507091453],[-90.1316647150896,29.185474509918],[-90.1290475750189,29.1859037982036],[-90.1259196735389,29.1858690998711],[-90.1238596317766,29.183552865715],[-90.1223266324897,29.1812433336765],[-90.1197549579522,29.1784618308662],[-90.1198314737532,29.1734156725002]]],[[[-88.8384590673262,29.1824920959257],[-88.833836590199,29.1800931881475],[-88.8290298623189,29.1836531043495],[-88.8237953962263,29.1839901279916],[-88.8245362233664,29.1766670898537],[-88.8208738377671,29.1770430873009],[-88.8209494768124,29.1742918150085],[-88.8162737430636,29.1737228111401],[-88.8137713564823,29.1699961197558],[-88.8095441632329,29.1717335039134],[-88.8080332669936,29.1698618582187],[-88.80918496468,29.1662189099395],[-88.8071565220561,29.1643355713614],[-88.8045470410216,29.1642748155249],[-88.8041575306161,29.1596774416935],[-88.8068131149876,29.1583635279305],[-88.8108715076085,29.1621269553114],[-88.8149762047891,29.1645165639555],[-88.8186309744714,29.1646014581273],[-88.8221710742077,29.168353775658],[-88.8263212396163,29.1693658246869],[-88.8309755961563,29.17085035229],[-88.8330048481623,29.1727309805799],[-88.8413818160531,29.1720051209746],[-88.8533133977603,29.1745697589552],[-88.8547636469382,29.1787343540508],[-88.8516048568871,29.1795793640298],[-88.8366813696509,29.189790841402],[-88.8330424758946,29.189249286459],[-88.8315318239971,29.1873804110502],[-88.8346899600746,29.1865347414505],[-88.8384590673262,29.1824920959257]]],[[[-90.2517666352899,29.1830415364926],[-90.2522932393876,29.1825876572926],[-90.2559477287955,29.1826242602121],[-90.2595867617906,29.1835756593878],[-90.261639270281,29.1868079192236],[-90.2610895480396,29.1890969223461],[-90.2563599045939,29.191343636795],[-90.2542764293791,29.190865406376],[-90.2522092648748,29.1890090196894],[-90.2522397608821,29.1871735328012],[-90.2517666352899,29.1830415364926]]],[[[-90.414799227073,29.1684525905496],[-90.41480708823,29.1675346787104],[-90.4163707560007,29.1675485721341],[-90.4189803888505,29.1680295397789],[-90.4210550650672,29.1694219809675],[-90.423107372335,29.1726494541496],[-90.4240996540927,29.1772444587826],[-90.4266399019684,29.1836887955508],[-90.4276164290727,29.1901193735741],[-90.4239471120727,29.1919237259332],[-90.4224131857244,29.188699537995],[-90.4187971810416,29.1850008017063],[-90.4167215211697,29.1840669350198],[-90.4151957542192,29.1799248018285],[-90.4147231065308,29.1753329949969],[-90.414799227073,29.1684525905496]]],[[[-90.1020170507274,29.1778073324182],[-90.1046717781062,29.1750838654251],[-90.1051829087231,29.1755491155439],[-90.1057019283448,29.1760128513409],[-90.1082809097788,29.1778766992301],[-90.1087613773018,29.1810940627308],[-90.1087307636152,29.1829273729804],[-90.1071288069522,29.1856611033436],[-90.1044660854657,29.1893014337974],[-90.1007736871528,29.1920116535395],[-90.0981641638974,29.1910655986966],[-90.095112335349,29.1855271689511],[-90.0894207426595,29.1822521568497],[-90.0930907235145,29.1809188412666],[-90.0967679672486,29.1800437992586],[-90.1020170507274,29.1778073324182]]],[[[-90.196361972045,29.1879921898837],[-90.2000238132652,29.1875706125],[-90.2042051026035,29.1876131982837],[-90.2062955523382,29.187175650296],[-90.2094694969681,29.1839974006353],[-90.2162979723283,29.1808537682319],[-90.2204558425872,29.1822731210518],[-90.2198833327819,29.1859384220191],[-90.2187998774127,29.1891367375523],[-90.21925789963,29.1937307795084],[-90.2161145947378,29.1950737835614],[-90.2134975957027,29.1955065495611],[-90.2093013673812,29.1968380577533],[-90.2040754065377,29.1972439691127],[-90.1999323207518,29.1944512618455],[-90.197346245322,29.1930480762543],[-90.1958051576043,29.1911966893097],[-90.1952936335254,29.1898166514332],[-90.196361972045,29.1879921898837]]],[[[-90.1489070855525,29.184282563466],[-90.1525997183256,29.1815694548359],[-90.1546902300442,29.1815918458192],[-90.1562465307312,29.1825267059912],[-90.1572612838458,29.184371167397],[-90.1577726426347,29.1852948891129],[-90.1592910011791,29.1885221838215],[-90.1607940003287,29.1931243667621],[-90.1607403816861,29.1972515999711],[-90.1585963043255,29.2008990139313],[-90.1549346337852,29.2017790431837],[-90.1512877189717,29.2008218376263],[-90.1518826794726,29.1957815698129],[-90.1529889619315,29.1912063094166],[-90.1514784932903,29.1870631955777],[-90.1489070855525,29.184282563466]]],[[[-90.8374523901868,29.1871648283287],[-90.8374601588174,29.185328869247],[-90.8385055337035,29.185332683159],[-90.8400695338508,29.1862581851236],[-90.8410996212073,29.188097277121],[-90.8426557646891,29.1903943549461],[-90.8436780286178,29.1936108702376],[-90.843670421684,29.1954456961188],[-90.8426024236259,29.1995695478984],[-90.8415492145323,29.2009408163014],[-90.8399778230468,29.2018514590076],[-90.8389402545206,29.20047025734],[-90.8389476054345,29.1995526099862],[-90.8394897908108,29.1963455180168],[-90.8384672942184,29.1922117369688],[-90.8374372365063,29.1889978983346],[-90.8374523901868,29.1871648283287]]],[[[-90.2324033738822,29.1865218740595],[-90.2407729513332,29.1852284832383],[-90.2454497855182,29.1871097373686],[-90.2454343821061,29.1884845242726],[-90.2449077034482,29.1889383601281],[-90.2422681171736,29.1912069799302],[-90.2391096199733,29.1930091479428],[-90.2375073542899,29.195746956378],[-90.2369123156356,29.2017027010886],[-90.2337385821099,29.2048829104427],[-90.2290465493285,29.2043771756667],[-90.2228053709414,29.2024793691001],[-90.2218063518191,29.1987987704717],[-90.2229273495806,29.1928491488197],[-90.2276808711448,29.1887667266519],[-90.2324033738822,29.1865218740595]]],[[[-89.2876020569654,29.200073015082],[-89.2892192149196,29.1978085664126],[-89.2923549712684,29.197868611536],[-89.2959703929446,29.1993107010075],[-89.2985503760002,29.2007356866254],[-89.3016399221125,29.2026277204921],[-89.3010602410563,29.2049117637719],[-89.2947962149182,29.2047952659649],[-89.2890600711805,29.2046885350668],[-89.2880369924798,29.2037512108652],[-89.2876020569654,29.200073015082]]],[[[-90.2823456127515,29.2007673915196],[-90.2855113898988,29.1985035392579],[-90.2875789379836,29.1998993175128],[-90.2875257119047,29.2044861800673],[-90.2828103211294,29.2058157509207],[-90.2807509881378,29.2030478621685],[-90.2823456127515,29.2007673915196]]],[[[-90.2937972398737,29.2040867131178],[-90.2959255760556,29.2004362343891],[-90.2995802082956,29.2004700958039],[-90.3021742410022,29.2018724090096],[-90.3021588636412,29.2032482635922],[-90.3021512791652,29.2041650521781],[-90.2995117378063,29.2064317112001],[-90.2948038686249,29.2068473537613],[-90.2937972398737,29.2040867131178]]],[[[-90.2458231693678,29.1990389452976],[-90.2495082068853,29.1963228126582],[-90.2531091863466,29.2004876608889],[-90.2535898694653,29.2041592998195],[-90.2498819581457,29.2082519359316],[-90.2472881509163,29.206851607541],[-90.2442208650567,29.2013158269223],[-90.2458231693678,29.1990389452976]]],[[[-90.7068292504619,29.2021141543307],[-90.7068373613506,29.2011964769954],[-90.7073634183742,29.2002815869653],[-90.7089355653429,29.1993731212682],[-90.712597295172,29.1984771777884],[-90.7188765657204,29.1966764585944],[-90.7235837818266,29.195782991552],[-90.7272532218958,29.1930514922836],[-90.7288554345787,29.1880131905568],[-90.7304426462946,29.1852701296525],[-90.7346461913941,29.1811654963128],[-90.7357144185226,29.1779597493784],[-90.7388578015682,29.1752245062983],[-90.7451444913025,29.1734217301316],[-90.7467465656448,29.1679256164383],[-90.7483564723981,29.1619703713748],[-90.7546278350771,29.1601678880183],[-90.7592968700888,29.1643211001609],[-90.7733275046962,29.1740227680649],[-90.7753946709971,29.1772424030452],[-90.7706801219432,29.1799733037175],[-90.7659726588002,29.180865589286],[-90.7607543417215,29.1812982983772],[-90.7570995388015,29.180821839144],[-90.7513470798616,29.1826283306881],[-90.7476850877244,29.1835267890192],[-90.7471507904547,29.1853584676468],[-90.7497522109062,29.186746965724],[-90.7544370122495,29.1886062715369],[-90.7580761449576,29.1913767318877],[-90.7564818886532,29.1954966122592],[-90.7528119518157,29.1982301534657],[-90.748089114905,29.2009581444918],[-90.7412837316374,29.2036769356403],[-90.7371106915283,29.2027363166488],[-90.7339828610153,29.201344046095],[-90.7308317425768,29.2040796034291],[-90.7276732426816,29.2077327053834],[-90.7229506105868,29.2109181181629],[-90.7203413999452,29.21090298158],[-90.718792672056,29.2086022600688],[-90.7167174469687,29.2067555191244],[-90.7115063990572,29.2053495434549],[-90.7083857514732,29.2039571970488],[-90.7068292504619,29.2021141543307]]],[[[-90.2682308581043,29.202467331762],[-90.2693142389133,29.1992662553373],[-90.271900818298,29.201126300243],[-90.2729380679223,29.2015952839783],[-90.2734416005885,29.2029763418895],[-90.2739530761584,29.2043558764564],[-90.2749294810919,29.2098685780434],[-90.2733122827135,29.2135241253279],[-90.2696503022544,29.214407252939],[-90.2665292773779,29.2129992519568],[-90.2660412963459,29.2107033627351],[-90.266613797168,29.2065781483507],[-90.2682308581043,29.202467331762]]],[[[-89.8467835071896,29.2058573089943],[-89.8499491504878,29.2040658192415],[-89.8509793689984,29.2045387289699],[-89.8541075067353,29.2050387984611],[-89.853512496827,29.2091592401122],[-89.8529474663948,29.2114472150116],[-89.8508041274494,29.2146285379908],[-89.8481795214804,29.2155096850045],[-89.8461039020327,29.2145657749831],[-89.8435333216432,29.2122367752768],[-89.8435789300085,29.2099436226715],[-89.8446622623085,29.2076641663875],[-89.8467835071896,29.2058573089943]]],[[[-90.6326028688901,29.2122291863053],[-90.6347012471555,29.2113246645364],[-90.6373104209663,29.2117996491323],[-90.6404463848259,29.211361154485],[-90.6435818662902,29.210920221838],[-90.6461910679487,29.2113949268267],[-90.6482739251226,29.2118668453893],[-90.6487924470777,29.2123285948091],[-90.6492962321705,29.2146246945907],[-90.6466791442021,29.2159850767163],[-90.6419719307908,29.2168738336204],[-90.6372644523765,29.2177634679769],[-90.6330913421989,29.2172781610874],[-90.6310164180472,29.2149720434452],[-90.6326028688901,29.2122291863053]]],[[[-90.3602717929575,29.1895514252321],[-90.3660248295142,29.1886828476774],[-90.3701977726051,29.189178539228],[-90.376461522062,29.1892329389444],[-90.3837550318887,29.1906702852839],[-90.3879055476404,29.193000276144],[-90.3889049027327,29.1971353342023],[-90.3888744543361,29.1994282926826],[-90.3878065146685,29.2017144279947],[-90.3888210099666,29.204474796925],[-90.388271774612,29.2072208145547],[-90.3861736308069,29.2076614808429],[-90.3845870658779,29.2094832613154],[-90.3861432183429,29.2108730189017],[-90.389766876672,29.2136561915979],[-90.3891950531796,29.2177796063119],[-90.3834424163732,29.2186485230073],[-90.3798106282908,29.2167828562903],[-90.3756528101343,29.2144530915705],[-90.3751568718255,29.2126147255749],[-90.3741801291255,29.2066411624608],[-90.3710977336029,29.2015693467433],[-90.364880002143,29.1978492047577],[-90.3607526916718,29.1932246156481],[-90.3597379107094,29.1904627588368],[-90.3602717929575,29.1895514252321]]],[[[-90.2164348360518,29.2102140126132],[-90.219585902388,29.2088694583774],[-90.2195705573663,29.2102454064317],[-90.2226681299256,29.2130277650712],[-90.2215616246845,29.2176047172411],[-90.2184034517761,29.2194073972663],[-90.2173736689485,29.2184798142647],[-90.2158782273253,29.2129597784589],[-90.2164348360518,29.2102140126132]]],[[[-90.6842010585608,29.2258377213904],[-90.6831634576953,29.2253743363591],[-90.6821330002329,29.2235334302598],[-90.6811033494576,29.2212328277337],[-90.6784941999014,29.2207602145676],[-90.6748318897606,29.2211961954775],[-90.6722228489005,29.2211809741735],[-90.6690870494326,29.2220813917591],[-90.6649059676051,29.2220553962059],[-90.6628304990743,29.2206683586877],[-90.6602367646085,29.218359900232],[-90.6586802159864,29.2165172012086],[-90.6586955646013,29.2146817912553],[-90.6597486164898,29.2133123030322],[-90.6623730517789,29.211952312736],[-90.6634333090542,29.209665054791],[-90.6624113101285,29.206906218999],[-90.6629528846504,29.2041572634405],[-90.6660811077272,29.2050943330104],[-90.6707733084934,29.205579008368],[-90.6744196420969,29.2069773476193],[-90.677028894061,29.2069926392508],[-90.6801722196144,29.2056339631628],[-90.681721376,29.2079342737952],[-90.6827510159955,29.2097751920583],[-90.6879620010249,29.2111814865058],[-90.6916013376506,29.2134958020931],[-90.6910599023676,29.216244903094],[-90.6899762412842,29.22220154212],[-90.68733654811,29.2253976702931],[-90.6862913960062,29.2253911155624],[-90.6842010585608,29.2258377213904]]],[[[-90.360958765198,29.2212065269903],[-90.3526503684077,29.2170057818884],[-90.341724906107,29.2132381115741],[-90.3381005390072,29.210455212927],[-90.3402065646306,29.2090966203793],[-90.3412595563319,29.2081890231762],[-90.3438763739074,29.2082116090762],[-90.3459517499117,29.2091481076135],[-90.3480422454605,29.2091651098036],[-90.3495981796349,29.2100978595565],[-90.3516736724201,29.2110330722234],[-90.3563653494686,29.2119927149579],[-90.3594787629196,29.2133959548658],[-90.364124889095,29.2184815626245],[-90.3683055244598,29.2180605567242],[-90.3755763814699,29.2213321812457],[-90.3828626975878,29.2236896356388],[-90.3880505878295,29.2269447960929],[-90.3869669231528,29.2306055601721],[-90.3817409551228,29.231018683127],[-90.3775674416016,29.2305235600131],[-90.3734099648048,29.2286536340874],[-90.3687482789105,29.225403052996],[-90.360958765198,29.2212065269903]]],[[[-90.2054867658503,29.2087269245767],[-90.2107665142197,29.2046515220842],[-90.2138941758494,29.2046845242756],[-90.2149321288546,29.2056118887227],[-90.2149165808137,29.2065290160738],[-90.2132990590417,29.2101825560585],[-90.2122309675588,29.2124658562592],[-90.210590960057,29.2179521743795],[-90.2110486364229,29.2225450135576],[-90.2130705905155,29.2280678552152],[-90.2129943442091,29.2335734557594],[-90.2093165093836,29.2353702843994],[-90.2072718494739,29.2321389468166],[-90.2057538529506,29.228452836289],[-90.2047621748606,29.2243152301217],[-90.2043272537192,29.2178884184835],[-90.2038772525591,29.2123798993006],[-90.2054867658503,29.2087269245767]]],[[[-89.8187682937011,29.2247427055056],[-89.8213846028301,29.2243215152346],[-89.8255508220312,29.2252941202367],[-89.8265882845562,29.2257668857376],[-89.8265576151741,29.227144939113],[-89.8260084858207,29.2289720574675],[-89.8244059021336,29.2307848836501],[-89.8238415346581,29.2330693363508],[-89.8248181165596,29.2372090830719],[-89.8247951547226,29.2381267098474],[-89.8216592384737,29.2385427482142],[-89.8190653135649,29.2375884517439],[-89.8180584844895,29.2352845073589],[-89.8170667408225,29.2320585964566],[-89.8165933448375,29.2293001998683],[-89.8161206459451,29.2265418183416],[-89.8166625402672,29.2251717015685],[-89.8187682937011,29.2247427055056]]],[[[-90.2123533189988,29.2427390583174],[-90.2134212990906,29.2409156729908],[-90.2165573437987,29.2409481735958],[-90.2196853836191,29.2414386639509],[-90.2227900735305,29.2437616970242],[-90.2222411013823,29.2455917465459],[-90.2195934617111,29.2483177365036],[-90.2169687416561,29.2492085970466],[-90.2143670984224,29.2487242120068],[-90.2128336409947,29.2459554072141],[-90.2123533189988,29.2427390583174]]],[[[-89.7724573955532,29.243361832987],[-89.7835581883362,29.2361786419738],[-89.7904020428541,29.2330643444362],[-89.7902950031981,29.2390256325401],[-89.7929345966593,29.2376863619585],[-89.7977642046297,29.2304160978594],[-89.8066984181525,29.2273293941175],[-89.8124279170521,29.2283249212564],[-89.8118331074682,29.2324463164052],[-89.8044934682534,29.2337201339669],[-89.7997710418728,29.2350306609864],[-89.8002286966791,29.2387053615086],[-89.8001903080737,29.2409980167725],[-89.7980240001048,29.2450971171784],[-89.7969705646358,29.2455402000345],[-89.7906765455471,29.2468292296863],[-89.7849314060801,29.2467474635554],[-89.7797895050893,29.2420895463136],[-89.7791716456336,29.2475849762371],[-89.7697342246347,29.2492864689495],[-89.7692382234438,29.2479021101754],[-89.7724573955532,29.243361832987]]],[[[-89.7738082847724,29.2264081443245],[-89.7801326570363,29.22328783673],[-89.7833062638996,29.2214981185731],[-89.7880444646966,29.2192700016417],[-89.7943844874093,29.2152314803707],[-89.8033869773853,29.2084741814623],[-89.8086285159141,29.2071711995776],[-89.8144040660484,29.2054170191667],[-89.8207362258075,29.2018338024112],[-89.8254893655877,29.199146542308],[-89.8307691894156,29.1960062169081],[-89.8355374891645,29.1919433957627],[-89.8445630550635,29.1833492368888],[-89.8487441845017,29.1834047933817],[-89.8518563861254,29.1843645802395],[-89.852840897456,29.1875895200851],[-89.8491638405715,29.1889155449038],[-89.8438383095637,29.1952666393605],[-89.8406564058604,29.1979774495548],[-89.8380169013324,29.1993179231625],[-89.8337903440903,29.2024717833268],[-89.8305477708677,29.208390495031],[-89.8273662606266,29.2110997561986],[-89.8257181691855,29.215664621499],[-89.8236052723484,29.2170107706656],[-89.8209808433476,29.2178923903408],[-89.8162580693189,29.2187458915457],[-89.8135572179419,29.2237550209491],[-89.8099029207734,29.2237030549889],[-89.805172155332,29.2250140935796],[-89.7994430094704,29.2244759060844],[-89.7926220997214,29.2262154090578],[-89.7910122235109,29.2284880650467],[-89.7872894360902,29.2321027527496],[-89.7814829875034,29.2352311597651],[-89.7767144847352,29.2388347874],[-89.7682845512769,29.2428428972083],[-89.7671549314852,29.2474134660717],[-89.7660414301647,29.2510679200889],[-89.7623791451767,29.2514745868772],[-89.759235918438,29.2518889901318],[-89.7577025346722,29.2500322723922],[-89.7577249862661,29.2486568298789],[-89.7583051892435,29.245912026596],[-89.7620893666324,29.2390845506181],[-89.7642254974959,29.2363643043422],[-89.7658584864605,29.2327165403398],[-89.7690471966986,29.2300099322004],[-89.7716949163199,29.2277531668821],[-89.7738082847724,29.2264081443245]]],[[[-89.8294110310291,29.2432350551057],[-89.8330730573023,29.2428270520569],[-89.8356667639204,29.2437796324899],[-89.8377119942604,29.2465606921297],[-89.8366210226872,29.2492980454085],[-89.8339655002994,29.2515545403018],[-89.8308069132676,29.2528885318528],[-89.8271678012207,29.2519211251536],[-89.8251006430047,29.250516554835],[-89.8256647841048,29.2482298148915],[-89.8262216722073,29.2464046470537],[-89.8278164019238,29.2445898338154],[-89.8294110310291,29.2432350551057]]],[[[-90.233166113627,29.2493704103959],[-90.230610293456,29.2447577439409],[-90.2342877608706,29.2434188391665],[-90.2368968430532,29.2434434325167],[-90.2410547402614,29.2453204647499],[-90.2446941595322,29.2462722624656],[-90.2452588674692,29.2430673964425],[-90.2432066859656,29.2402960462739],[-90.2411617224253,29.23660677881],[-90.2406660060003,29.2347653573863],[-90.2443357991075,29.2334264214496],[-90.248020734217,29.2311702229514],[-90.2496460183313,29.2270570918192],[-90.2507521750261,29.2220212447907],[-90.2528731225647,29.2192907215036],[-90.2555353571643,29.215645571692],[-90.2576412444472,29.2142908851015],[-90.2586486232917,29.2170531223405],[-90.2612116569344,29.2207461198075],[-90.2600982400555,29.2262401351103],[-90.2589537531459,29.2344858489163],[-90.2593963593746,29.2409116683211],[-90.2588008032907,29.246409541126],[-90.2555965036891,29.2518833180458],[-90.2519194045838,29.2536818684613],[-90.2445873363702,29.2549869428981],[-90.2393844586362,29.2530999752392],[-90.233166113627,29.2493704103959]]],[[[-90.2713282051864,29.2474480659703],[-90.2723963532632,29.2456240818495],[-90.2749908063814,29.2470236230703],[-90.2770425962196,29.2497964793055],[-90.2769891482568,29.2543819351187],[-90.2716869168524,29.2602934376461],[-90.2664534847208,29.2611619206176],[-90.2643932731768,29.2588479864959],[-90.2665373541306,29.2547410776308],[-90.2675978602393,29.2533750869754],[-90.2713282051864,29.2474480659703]]],[[[-89.769062674671,29.2575329916372],[-89.7727324111842,29.2566667929734],[-89.7769058411621,29.2571855967248],[-89.7784235852588,29.2599580920971],[-89.7773481725063,29.2613199078936],[-89.7747158616871,29.2626594827581],[-89.7715723933016,29.2630731032578],[-89.767917822147,29.2625619342062],[-89.7674451834417,29.2602610858192],[-89.7674681443804,29.2588857165771],[-89.769062674671,29.2575329916372]]],[[[-89.7777369094623,29.2686641001166],[-89.780377008675,29.2673252449403],[-89.7829858734653,29.2673619892048],[-89.7855725795124,29.2687752169319],[-89.7844965505157,29.2705947243767],[-89.7823834632357,29.2719400383327],[-89.7787139099788,29.2723477332778],[-89.7776990104388,29.2709568464625],[-89.7777369094623,29.2686641001166]]],[[[-89.7949716999409,29.2693648180654],[-89.7960403582607,29.2680044745123],[-89.7986570078513,29.2680403855252],[-89.8001908596393,29.2698964064789],[-89.8006712552971,29.2721977738502],[-89.7990841388026,29.2730918068391],[-89.7970091526671,29.2721458536452],[-89.7954605056264,29.2712071025131],[-89.7949716999409,29.2693648180654]]],[[[-89.7646454230603,29.2703120217948],[-89.767803548358,29.2689823480639],[-89.7704131003595,29.2690194960863],[-89.7714350211317,29.2704100221538],[-89.7729460269655,29.273641897715],[-89.7760279939917,29.2764361580571],[-89.7759822922016,29.2787292119577],[-89.7738917903646,29.2786988875406],[-89.7712976839962,29.2777445511782],[-89.767658651001,29.27677615177],[-89.7640270416833,29.2753483440601],[-89.7635619227753,29.272130552938],[-89.7646454230603,29.2703120217948]]],[[[-89.7139174781177,29.2718713660073],[-89.7170757471459,29.270998715835],[-89.7202572439123,29.2682940246207],[-89.7266276512412,29.2633417346108],[-89.7346081413932,29.2556617753926],[-89.7404067449926,29.2529929945005],[-89.7523848333803,29.2550015698048],[-89.7507137756107,29.2604829457453],[-89.7485166976484,29.2664132934989],[-89.7442972137409,29.2681852033393],[-89.7426573149352,29.2722884237475],[-89.7348291009019,29.2717169479233],[-89.729069424897,29.2720927846456],[-89.7238200135331,29.2733909259325],[-89.7206313302443,29.2760961060121],[-89.718967823713,29.2811176932552],[-89.7163434396279,29.2819965299795],[-89.7137419976169,29.2810410937686],[-89.713802911478,29.2778329739707],[-89.7106901852381,29.2768689304857],[-89.7118037485424,29.2732162313985],[-89.7139174781177,29.2718713660073]]],[[[-89.908298747254,29.2740973998725],[-89.9093825664409,29.2718197724016],[-89.9125028484106,29.2727758080856],[-89.9156308999092,29.2732737522195],[-89.9187364090841,29.275148012447],[-89.918705374986,29.2769813022798],[-89.9186675639974,29.2792761374991],[-89.9180724489863,29.2838552693809],[-89.914448419653,29.2815141031624],[-89.9123806353112,29.2801126018159],[-89.9113657465509,29.2782632526816],[-89.9103664480525,29.2754989993868],[-89.908298747254,29.2740973998725]]],[[[-89.8273741208853,29.2698125053871],[-89.8347131735002,29.2685367627324],[-89.8352015920118,29.2703776382649],[-89.8330809373239,29.2721843263802],[-89.8293727376452,29.2748853908757],[-89.8272442604278,29.2771499561182],[-89.8297998084093,29.2803941630909],[-89.8333936309929,29.284110943978],[-89.8328136445095,29.2873136987601],[-89.8296702821252,29.2877292651811],[-89.8254970425901,29.2872140191356],[-89.8208433256506,29.2843984700876],[-89.8177838335745,29.2797726254718],[-89.8173562732285,29.2747213823223],[-89.8194773734807,29.2729150634611],[-89.8242153730551,29.2711462846468],[-89.8273741208853,29.2698125053871]]],[[[-90.7721523421162,29.2758390667394],[-90.7737394891534,29.2730954999436],[-90.7763641220719,29.2712739298751],[-90.7789962208886,29.2680772415929],[-90.7784922004373,29.2648626501062],[-90.7764171783692,29.2630174387131],[-90.7722438454094,29.2616210535643],[-90.7696346194963,29.2611498478574],[-90.7670181881964,29.2611364914097],[-90.7649427582933,29.2588358037433],[-90.7628750565965,29.2560737673897],[-90.7597543155876,29.2542235005797],[-90.7555740521254,29.2537429028412],[-90.7524381538428,29.2537276558099],[-90.7493098400361,29.2532521219122],[-90.7472348673754,29.2514073954482],[-90.7462045689148,29.2481914750098],[-90.7462351224142,29.244063446198],[-90.7452129932328,29.2403896811317],[-90.743664280615,29.2385469669715],[-90.741581594121,29.236700183447],[-90.7410779797081,29.2344047596166],[-90.7431832920692,29.2316641294348],[-90.746327123374,29.2303034162048],[-90.7484172730715,29.2307727351844],[-90.7483947783585,29.2335257498055],[-90.7478529792578,29.236274944228],[-90.7488825267268,29.2385735736714],[-90.7514997458492,29.2385863984698],[-90.7530787981674,29.2363009110873],[-90.7556880231821,29.236315179296],[-90.7561994340734,29.2381514565395],[-90.7556650433789,29.2404427563928],[-90.755116069434,29.2436498954024],[-90.7577253142116,29.2441226553089],[-90.7598235361702,29.2432166155428],[-90.7608914057692,29.2400097435746],[-90.7619521948472,29.2372641737547],[-90.7651029566545,29.234527708918],[-90.7677270523804,29.2327074642425],[-90.7682764853644,29.2290393898405],[-90.7661940009913,29.2276517499772],[-90.7630508029987,29.2285544538733],[-90.7604412680652,29.2290012403221],[-90.7578244900156,29.2289875998119],[-90.7562760253328,29.226686438549],[-90.7583739221012,29.2248609390762],[-90.7609981777273,29.2239569247412],[-90.7662242912843,29.2230661666317],[-90.7688487409465,29.2212447523241],[-90.7693830112667,29.2189556390822],[-90.7709549624026,29.2180450229138],[-90.772518580766,29.218510601073],[-90.7740826653549,29.2189784891738],[-90.776165827956,29.2194454123726],[-90.779301145927,29.2190024274716],[-90.7819178583996,29.2180983371241],[-90.7850611318507,29.2167364040206],[-90.7871519067755,29.2162888396195],[-90.7892425514447,29.2167573015859],[-90.7897610877728,29.2176769078441],[-90.7892194791149,29.2199676811785],[-90.7881663364967,29.221797092183],[-90.7845042500364,29.2231555492499],[-90.780826754774,29.2258917143749],[-90.7802932264622,29.228182053125],[-90.7792324230111,29.2309278132154],[-90.7766076607353,29.2327517127569],[-90.7771112050796,29.2359641425319],[-90.7786604737546,29.2382637776003],[-90.781269381664,29.2391956439152],[-90.7849314905821,29.2382947661857],[-90.7875483458868,29.2369307688473],[-90.7891353456004,29.2341880521377],[-90.7907145245811,29.2323606066829],[-90.7927974275691,29.2328270808376],[-90.793308674967,29.2351228786837],[-90.7927668084926,29.2383308757576],[-90.7917063859273,29.2406181724001],[-90.7896009963111,29.2429022826035],[-90.7875029674903,29.2442675540201],[-90.7843673270242,29.2447119282795],[-90.7817578423964,29.2442410350207],[-90.7796752394456,29.2433134410428],[-90.7760205892392,29.2423792763916],[-90.7734112564267,29.2419081239225],[-90.7702829183656,29.2418930021094],[-90.7686964944721,29.2441780534475],[-90.7681545184033,29.2469273277945],[-90.7697035032106,29.2506051657688],[-90.7728239298091,29.2519953309083],[-90.7764784039457,29.2524709372677],[-90.7785688554771,29.2524797937279],[-90.781185651493,29.2524929310702],[-90.7822231247978,29.2534149626327],[-90.7832531366958,29.2552556715141],[-90.7848170919274,29.2566382410686],[-90.7879452269693,29.2566539774945],[-90.7910959097248,29.2543742332767],[-90.7926754704895,29.2520893555626],[-90.7947814395191,29.2502649580535],[-90.7968718560162,29.2493574207873],[-90.7994958969448,29.247992649934],[-90.8015944656531,29.246169721118],[-90.8037074783728,29.2420505606007],[-90.8047830761783,29.2379290300457],[-90.8069117671947,29.2305999221832],[-90.8069348844402,29.226931018117],[-90.8059051321553,29.2246341044476],[-90.8048672752698,29.2227928565532],[-90.8022730862564,29.2204894063599],[-90.8001902416588,29.2191024613181],[-90.7986343928244,29.2177185575424],[-90.7981228822202,29.2154238474215],[-90.7991834880418,29.2131353348522],[-90.7997248316967,29.2103858336502],[-90.7981684510596,29.2085432476116],[-90.7955672677633,29.2066963895557],[-90.7919355569361,29.2030097625648],[-90.7903788025998,29.2011669882428],[-90.7903946767292,29.198873104907],[-90.7893719699311,29.1956593331045],[-90.7872894379472,29.1951915879078],[-90.7846721748074,29.1956383104713],[-90.7820555252169,29.1969999569994],[-90.7810025541768,29.1983718133966],[-90.777333012598,29.2001879170056],[-90.7762725127775,29.2029348681187],[-90.7746928154689,29.205678221805],[-90.7725872749357,29.2084194610665],[-90.7689177387468,29.2097778163889],[-90.7657893054642,29.2093049951295],[-90.7626616438344,29.2088309743805],[-90.7595333731469,29.2083568824385],[-90.7579691915399,29.2069737948356],[-90.7585036855407,29.2051398715693],[-90.7595562011349,29.2037704542112],[-90.7611429295572,29.2010257618892],[-90.7616851805105,29.1987339581461],[-90.7611736708045,29.1959791639252],[-90.7622415350137,29.1932330184693],[-90.7638212278307,29.190947404554],[-90.7648737856457,29.1891181776719],[-90.7669721477415,29.187752222891],[-90.7690624025418,29.187303888051],[-90.7716715017924,29.187775246201],[-90.7737621311902,29.1877865943375],[-90.7758525153479,29.1868783818349],[-90.7774396569952,29.1836759568213],[-90.7795377289352,29.1823097138876],[-90.7816358709437,29.1804836419643],[-90.7826962890175,29.1781963729506],[-90.7832300715525,29.1754461457393],[-90.7832531591537,29.1726930626678],[-90.7827493983154,29.1694804629413],[-90.7811932287824,29.1680961191557],[-90.7791107111716,29.1676281517964],[-90.7759825743331,29.1671532959654],[-90.7744181070618,29.1662278240596],[-90.7749527519796,29.164398361977],[-90.7765243249247,29.1630290297704],[-90.7780955493235,29.1621205244003],[-90.780712666038,29.1607566883304],[-90.7833373277025,29.1593936115554],[-90.786991570972,29.1584931039218],[-90.7890823180492,29.1585019198685],[-90.7922098179822,29.1585153453977],[-90.7979475041273,29.1585420607364],[-90.8010983719358,29.1562642109203],[-90.8047527373762,29.1553643175674],[-90.8110163152549,29.1558506203823],[-90.8136106192527,29.1572391356493],[-90.8151748565552,29.1586225377594],[-90.815685613473,29.1600022256191],[-90.8151517222417,29.1622928621681],[-90.8140910095205,29.1645816112656],[-90.8125195228136,29.1664090651154],[-90.810932630898,29.1691545661346],[-90.8103983866288,29.1709876355388],[-90.8109100795911,29.1732824045185],[-90.8119394060745,29.1755815843339],[-90.8129695149906,29.1778796906586],[-90.8134809788825,29.1792594232441],[-90.8145181844893,29.1810984156169],[-90.8155560584427,29.1824787958821],[-90.8160595497864,29.1856922615579],[-90.8150067018155,29.1870633100794],[-90.8129236955212,29.1861363660569],[-90.8108487695729,29.1833755347985],[-90.8082468146238,29.1824449747997],[-90.8061491963331,29.1833532383189],[-90.8051039238551,29.1842662739809],[-90.8024870541773,29.1856307246834],[-90.8009079138242,29.1869986173863],[-90.8014186743352,29.1897531007582],[-90.8024486206562,29.1911340931099],[-90.8040050066831,29.1934329309107],[-90.80451638793,29.1948126825114],[-90.8055464555236,29.1971108144231],[-90.8071028154994,29.1994119138558],[-90.8102232690473,29.2008021938087],[-90.8138777746249,29.2008178807904],[-90.8175472937459,29.1989993150786],[-90.8212172018373,29.1962633994692],[-90.8233152854554,29.1944387750014],[-90.8254132442075,29.192154407421],[-90.8275111319928,29.1903296753332],[-90.8285639458277,29.1894170653715],[-90.8306545150384,29.1894272306922],[-90.8316843787144,29.1908066738731],[-90.8316772119551,29.1926416009025],[-90.8321808003168,29.1958537993147],[-90.832691601252,29.1981505253939],[-90.8337138400279,29.201364792322],[-90.8331798895078,29.2036565772421],[-90.8321349395249,29.2036526691317],[-90.8310967924837,29.2022713286317],[-90.8295407828508,29.2013476555326],[-90.8269311823404,29.2008767142039],[-90.826405094774,29.201792181543],[-90.827427111666,29.2054662586166],[-90.8284500223817,29.2095978586583],[-90.8315698911264,29.2114470299707],[-90.8357431782722,29.2114664137887],[-90.8415036753372,29.2087374290632],[-90.8430906876272,29.2055352272101],[-90.8462570199333,29.2000426744096],[-90.8462870119857,29.1945399165916],[-90.8504835825653,29.1908862582415],[-90.8510097752346,29.1890568498928],[-90.8520705032271,29.1867677956833],[-90.8536649077535,29.181728189226],[-90.8526424003814,29.1766784713767],[-90.8536951001302,29.1753070236677],[-90.8583877033417,29.1771608786301],[-90.8583647352165,29.1812884993044],[-90.858875687967,29.1826668237363],[-90.8593871347908,29.184963471044],[-90.859371333425,29.1872561472197],[-90.8588376640777,29.1904629972434],[-90.857776975611,29.1936693509722],[-90.8546183122224,29.1982434867547],[-90.8530239023061,29.2037415801734],[-90.8503918897276,29.206482791252],[-90.8493311410738,29.2096901847219],[-90.848263311899,29.2138117526497],[-90.8492932375587,29.2174861820689],[-90.8508419232271,29.2197869228405],[-90.8523983910008,29.2220871744713],[-90.8544811125291,29.2239304036161],[-90.8560375659297,29.2257708706168],[-90.8560221867721,29.2285243630877],[-90.8539089351004,29.232182598235],[-90.8518107508711,29.234466344815],[-90.848667480115,29.2362877873437],[-90.8460429837404,29.2381112504125],[-90.8439447527987,29.2399374174308],[-90.8402754555616,29.2417547226975],[-90.8381848387403,29.2422057359874],[-90.8350416721887,29.243567060728],[-90.833461929066,29.2453951118752],[-90.8313641266207,29.2481382093873],[-90.8313410569859,29.251348413926],[-90.8328974627758,29.2536488898954],[-90.8349803397127,29.2550338974321],[-90.8386349818342,29.2555094638009],[-90.8428155785714,29.2550670362176],[-90.8464780584938,29.2537064554259],[-90.8496211477902,29.2518861913176],[-90.8512005145188,29.2495992546914],[-90.8527875286054,29.2463970598303],[-90.8548857909882,29.2445707204131],[-90.8575101535137,29.2422873223299],[-90.8596159356937,29.2395444254159],[-90.8611949044686,29.2377170269802],[-90.8638120346578,29.2358936235189],[-90.865909793984,29.2349830717276],[-90.8685270939548,29.2331618536988],[-90.8716704060334,29.2313397527196],[-90.8742948646787,29.2295156649674],[-90.8758814466756,29.2263107109457],[-90.8774683978802,29.2221886055107],[-90.8769647690942,29.2185182820934],[-90.8748899787915,29.2148407715415],[-90.8727991221199,29.2152901816317],[-90.8701824303086,29.2166564092866],[-90.8675654833758,29.2175627954398],[-90.8649639147022,29.2166350208967],[-90.8639338462103,29.2138790683314],[-90.8644603038826,29.2120462463681],[-90.866062674669,29.2065476041672],[-90.8676418967688,29.2033432041886],[-90.8692132873559,29.2019736287385],[-90.8713039670594,29.2015230757725],[-90.8749664317104,29.2006212393412],[-90.8765451390756,29.1987912502961],[-90.8760342752583,29.1955787933721],[-90.8750041223248,29.1937400331528],[-90.872913740862,29.1932722462644],[-90.8703043370826,29.1932633203778],[-90.867695388749,29.1937118793291],[-90.8598522267494,29.1955118216946],[-90.8630107365261,29.1904800793873],[-90.8635528239859,29.1868153869482],[-90.8635676650528,29.1840628575424],[-90.8630566341488,29.1817673986766],[-90.8620264021636,29.1790089902534],[-90.8615153568867,29.1767146301164],[-90.8589139481133,29.1753280002697],[-90.8578836712122,29.1734889774247],[-90.8578918216268,29.1721127792885],[-90.8594711596093,29.1698256790236],[-90.8610347195821,29.1698312717238],[-90.863133141865,29.1670886275864],[-90.8647046195887,29.1666362380257],[-90.86679474593,29.1666444924171],[-90.8725397865823,29.1657490906333],[-90.8756526098402,29.1685158743879],[-90.8798186907007,29.1703660187282],[-90.8839914577219,29.1713005513345],[-90.8897287198622,29.1722389917988],[-90.8923380939972,29.1717910786173],[-90.8970382807863,29.171808190539],[-90.9012113963539,29.1722834099625],[-90.9043315902887,29.1741292257648],[-90.9069254478238,29.1768919968599],[-90.9090007645393,29.1805701291923],[-90.9100307970986,29.1828671073505],[-90.9121134198122,29.1837919453117],[-90.9147151241314,29.185177118886],[-90.91680554512,29.1861014348761],[-90.9183546278437,29.1888608673966],[-90.9209559665485,29.1916204413405],[-90.9251138475872,29.1948469574879],[-90.92771602981,29.196231742586],[-90.9324076529596,29.1976243280155],[-90.9350018051421,29.2013022964274],[-90.9360396225016,29.2040581379219],[-90.9360166831225,29.20818660267],[-90.937054053121,29.2109412844614],[-90.9386028241294,29.2146173276815],[-90.9385878213658,29.2182856912605],[-90.9385724664626,29.2210380529561],[-90.9374968210465,29.2274558059953],[-90.9364440359577,29.2302048804097],[-90.9359170689407,29.2315782560029],[-90.9332925896341,29.2334039751562],[-90.931202178527,29.2347729133324],[-90.9285781268185,29.2365985472954],[-90.9270061855641,29.2384287288238],[-90.9254267963776,29.2402559146713],[-90.9248930183341,29.2430042307307],[-90.9259303524,29.2443843424108],[-90.9274943327844,29.2453071172086],[-90.9274870312778,29.2476002970768],[-90.9264337422341,29.2498895536912],[-90.9269449492078,29.2521867197309],[-90.926930171023,29.2544769968217],[-90.9269147262884,29.2576900134933],[-90.9284710009243,29.2599888523253],[-90.9315991808819,29.2613733711953],[-90.9331784020834,29.2590863872715],[-90.9342309554069,29.2581727392784],[-90.9352686389174,29.2586356137554],[-90.9368330406117,29.2595571205086],[-90.9378705732053,29.2613967039757],[-90.9389083806834,29.2636926735335],[-90.9399378778467,29.2664474904436],[-90.9404490461929,29.2687422259932],[-90.9399153624725,29.271491701311],[-90.9372980571118,29.2728596189818],[-90.9341625774441,29.2723894437924],[-90.9315536569583,29.2719226524126],[-90.9284254105253,29.2705358667611],[-90.9247710432882,29.2700649121491],[-90.9216349671392,29.2695953964563],[-90.9158827094219,29.2704921157287],[-90.9111752274143,29.271850020499],[-90.9054075429287,29.2754972081204],[-90.8996469704051,29.279144626811],[-90.8970225171497,29.2814279753968],[-90.8943980737758,29.2832537953002],[-90.8912545937122,29.2841582823787],[-90.8891642984877,29.2841507206783],[-90.8860363233459,29.283679699524],[-90.8823819381425,29.2818303749901],[-90.8802994367014,29.2809050698133],[-90.8766443400324,29.27997488338],[-90.8745544023374,29.2799647435009],[-90.8719526117799,29.2785787423947],[-90.8693355345914,29.2781095408404],[-90.8672448530913,29.2785611875718],[-90.8656737005577,29.2794710341487],[-90.8651472321056,29.2808440712353],[-90.864094339219,29.2822166910555],[-90.861996039107,29.282666364736],[-90.8599133211719,29.2821991924882],[-90.8583493255162,29.2808156898421],[-90.8562662320853,29.2798909286611],[-90.8536494531374,29.2803395673294],[-90.8499878077499,29.2812408246097],[-90.8426633159274,29.282126879723],[-90.8379638936046,29.2821052276456],[-90.8337825683336,29.2820888322703],[-90.8311732139615,29.2811595866725],[-90.8275344244098,29.2779338882394],[-90.8259779701109,29.27609083646],[-90.8218046461342,29.2742380929037],[-90.8197138442599,29.2742289867952],[-90.8176237888856,29.27513708302],[-90.815510352161,29.2778806255709],[-90.814968272786,29.2810873828669],[-90.8154796468463,29.2838414779137],[-90.8149225215886,29.2898005362087],[-90.8149077443022,29.2925517036435],[-90.813328421591,29.2943793945745],[-90.811222342967,29.2966627301187],[-90.8106960326184,29.297576910697],[-90.8085982490377,29.2980266358377],[-90.8059886700868,29.298012760109],[-90.804424842416,29.2966317803724],[-90.8028606410461,29.2957070918567],[-90.8013040906274,29.2943244748932],[-90.7992137810298,29.2938541877277],[-90.7929499013172,29.292909015897],[-90.7877316605953,29.2919665828951],[-90.7819943211999,29.289187207099],[-90.7762802778148,29.2841144619605],[-90.7742049952354,29.2818117880297],[-90.7721369162461,29.2785902763599],[-90.7721523421162,29.2758390667394]]],[[[-89.6391720095506,29.2987226658849],[-89.6418194551857,29.2969281316812],[-89.644932008949,29.298353175562],[-89.6474960415184,29.3006855829851],[-89.6495251506922,29.3039266281796],[-89.6484110358223,29.3071208592294],[-89.6462900613343,29.308922535225],[-89.644207317348,29.3084314019985],[-89.6426813806159,29.3061147985188],[-89.6411864052184,29.3024224339662],[-89.6391720095506,29.2987226658849]]],[[[-89.7811245210775,29.3122821093733],[-89.7739226519862,29.3057597391705],[-89.7692457450377,29.3043182454891],[-89.7682382808532,29.3020092194959],[-89.7698941912305,29.2974462774879],[-89.7731288143629,29.2919889152713],[-89.7726560723514,29.2892304416518],[-89.7737699078452,29.2855772489449],[-89.7794994318976,29.2865756253435],[-89.783642410784,29.2889274397811],[-89.7861750589122,29.2930915825183],[-89.7866254283816,29.2972253619043],[-89.7923020012396,29.3014317204102],[-89.794293077541,29.3069643339744],[-89.7937129266659,29.3097069339679],[-89.7900737328723,29.3087394297821],[-89.787983178933,29.3087094432716],[-89.7853588334754,29.3091313231565],[-89.7811245210775,29.3122821093733]]],[[[-90.3093914263691,29.2968782374245],[-90.3115049044161,29.2950644900663],[-90.3188065242332,29.2969656353997],[-90.3192638457645,29.3020135766428],[-90.3186915470633,29.3065938723676],[-90.3102538404829,29.3124791707369],[-90.3076519906366,29.3115387646262],[-90.3076747180133,29.3092452817184],[-90.3072020397822,29.3051131366081],[-90.3083308510901,29.2987043812582],[-90.3093914263691,29.2968782374245]]],[[[-88.9763986284092,29.3103381740623],[-88.9784973713906,29.309925062917],[-88.9826702875321,29.3104721151546],[-88.9857531385006,29.3123745315519],[-88.9846157330103,29.315560022411],[-88.9825181479573,29.315973397422],[-88.9793895808257,29.3154476648644],[-88.9762840420065,29.3144629593992],[-88.975284874662,29.3126069068784],[-88.9753226784641,29.3112315442644],[-88.9763986284092,29.3103381740623]]],[[[-90.9716381926331,29.3124103972032],[-90.9737289028792,29.3119576923021],[-90.9758189205243,29.3119656381111],[-90.9773831272842,29.3128874824824],[-90.9784284231184,29.3142664893292],[-90.9773757988281,29.3156378993727],[-90.9752774295458,29.3165496228849],[-90.9737057640742,29.3170037619328],[-90.9705775140479,29.3160770546127],[-90.9690139190407,29.3146955265734],[-90.9690212448019,29.3133206636506],[-90.9716381926331,29.3124103972032]]],[[[-90.8770184739752,29.3097839137974],[-90.8749279847145,29.3084004550365],[-90.8717926281161,29.3088465965684],[-90.8702284572888,29.3083815407802],[-90.8691904557747,29.3065423707149],[-90.8702437385301,29.3047134678719],[-90.8702585463593,29.3024198331626],[-90.8692291147729,29.2996631814567],[-90.867146006969,29.296903357691],[-90.8650706165917,29.2950601890299],[-90.86403323761,29.2932232319423],[-90.863522212096,29.2913866241413],[-90.8635298378945,29.2895508396502],[-90.8645827352727,29.2886390732083],[-90.8666731589563,29.2886471234682],[-90.8682448747335,29.2881946500864],[-90.870854079087,29.2877460913527],[-90.8729520746701,29.286838820161],[-90.8745235218511,29.2859265077003],[-90.8760953490195,29.2859336790858],[-90.8776595270333,29.2859400834233],[-90.8792230232257,29.2868635331295],[-90.8813063241674,29.2877888791445],[-90.8828699640903,29.2896293648002],[-90.8833891049846,29.2905483436058],[-90.8833737851157,29.2932993616293],[-90.8833582766007,29.2960526472033],[-90.8849151117853,29.2978913278173],[-90.88753196709,29.2979003432915],[-90.8896222227886,29.2983675823935],[-90.8911862058679,29.2988334444867],[-90.8922236603081,29.3002127109382],[-90.8916898508236,29.3020459606886],[-90.8911634596266,29.3025019871894],[-90.8895996337525,29.3024958463208],[-90.886463698639,29.3015656199199],[-90.8838618973018,29.3001800082538],[-90.881763865786,29.3006301386917],[-90.880703674986,29.303377851137],[-90.8822598049931,29.3061358548634],[-90.883823564392,29.307977407316],[-90.8885080171889,29.3116625439115],[-90.8911098508654,29.3144247516716],[-90.8921399534933,29.316264092996],[-90.8916135452284,29.3176372142395],[-90.8900418680786,29.3185473886308],[-90.8884776586239,29.3176252797398],[-90.8858687075953,29.3157805904907],[-90.8843121697531,29.313480098478],[-90.8811915006095,29.3111755276182],[-90.8796276540741,29.3107129498716],[-90.8770184739752,29.3097839137974]]],[[[-89.8418011802309,29.311286674177],[-89.8439296269055,29.3090206747944],[-89.8470654344583,29.3090638390672],[-89.8491634902285,29.3086333368245],[-89.8496211135939,29.312307340211],[-89.8485149973233,29.3159619240741],[-89.8453333873691,29.3182128264174],[-89.8416714769786,29.3186214856966],[-89.8396190457433,29.3163012849195],[-89.8407174535705,29.3131047735599],[-89.8418011802309,29.311286674177]]],[[[-89.6881453974196,29.3072616258465],[-89.680325214325,29.3062278799685],[-89.6802563395938,29.3098962955964],[-89.682842749197,29.3113110459737],[-89.6842693834626,29.3186711045869],[-89.6800579224088,29.3199834547752],[-89.6754954895736,29.312575930634],[-89.6745113905697,29.3093505899351],[-89.6714902574545,29.3033437871904],[-89.6699870606755,29.3001099440196],[-89.6663559894487,29.2986786057263],[-89.6632583567023,29.2967980154812],[-89.6596566981145,29.2939904333903],[-89.6597409322404,29.2894080437035],[-89.6608316998961,29.2871301784869],[-89.6660887981439,29.2858349673065],[-89.6724061060564,29.2836350225146],[-89.6792340963264,29.2819055314026],[-89.6881298691416,29.2811208916572],[-89.6954847294106,29.2793947452811],[-89.7059442095223,29.2790915630126],[-89.7026639654483,29.2863823539005],[-89.6994901897017,29.2886272450054],[-89.6943327604329,29.2848811512458],[-89.6931350474444,29.2926628297404],[-89.6889614090574,29.292141683323],[-89.6858791087562,29.2893433937249],[-89.6868557742011,29.2930268682783],[-89.6889083195224,29.294892898159],[-89.6915099798241,29.2958478702948],[-89.6925167091866,29.2976988290774],[-89.6997874979248,29.3001003639145],[-89.7108347053027,29.2965939764816],[-89.7166564450123,29.2930100555117],[-89.7176172668705,29.2971514866788],[-89.713902235504,29.3003087272752],[-89.7085306963805,29.3075644894988],[-89.7052887151477,29.313020293853],[-89.7035565512775,29.3217098721699],[-89.6946532380038,29.322494160084],[-89.6937144877521,29.3169771388317],[-89.6927911184547,29.3105427190287],[-89.6881453974196,29.3072616258465]]],[[[-89.6673627430658,29.3271299212268],[-89.6694759067025,29.3262447860842],[-89.6736569795468,29.326307440618],[-89.6746870201909,29.3272397980939],[-89.675701634965,29.3286304877674],[-89.6751449489834,29.3304583776967],[-89.6740688517147,29.3318189834575],[-89.6698728659383,29.3326714131883],[-89.6683238748428,29.3317307413345],[-89.6678433381495,29.3294297976541],[-89.6673627430658,29.3271299212268]]],[[[-88.9780779003737,29.3250523814944],[-88.9823267520046,29.3228510033361],[-88.9891090845019,29.3234534706738],[-88.9901245095564,29.3243941546556],[-88.9910854562804,29.3276230406627],[-88.9915435395831,29.3299281750929],[-88.9909018972302,29.3340423392899],[-88.9882625669754,29.3349027829484],[-88.985698619746,29.3330124797246],[-88.9805495268431,29.3301508227269],[-88.9780779003737,29.3250523814944]]],[[[-89.1532253652162,29.327756968462],[-89.154301078006,29.3268605577369],[-89.1579482533309,29.3273927608752],[-89.1594806893741,29.3287991957052],[-89.1604428012131,29.3320283580994],[-89.1598470421099,29.3347699663928],[-89.15773378954,29.3356455510091],[-89.155156067544,29.3342185602423],[-89.1541559731382,29.3323621756501],[-89.1531789519604,29.3295925443764],[-89.1532253652162,29.327756968462]]],[[[-89.1655400128151,29.3371752702905],[-89.1687128300592,29.3358603040781],[-89.1713145568362,29.3363715064688],[-89.1717800144091,29.3386740805242],[-89.1701400446365,29.3413930350621],[-89.1680338061123,29.341810548058],[-89.1649432547853,29.3399145263937],[-89.1654933426411,29.3390085818831],[-89.1655400128151,29.3371752702905]]],[[[-89.8287622614427,29.3386235480945],[-89.8330044879983,29.3354716176698],[-89.8366667056126,29.3355209229459],[-89.838192560598,29.3378352698017],[-89.8365670986173,29.3410234071648],[-89.8333475177744,29.3455652644043],[-89.8317459985909,29.3473770429117],[-89.8296626814795,29.3468910569214],[-89.8286482634365,29.345042140809],[-89.8281826953708,29.3418261241448],[-89.8287622614427,29.3386235480945]]],[[[-89.5962261932705,29.3278654607758],[-89.5962566623283,29.3264885643918],[-89.6004450959681,29.3260973618875],[-89.6020397798706,29.3247472553817],[-89.603619001072,29.3243121553131],[-89.6067777650719,29.3234442091781],[-89.6141021014858,29.323100851846],[-89.619351185863,29.3222650036055],[-89.6251568583054,29.3196034872194],[-89.6309931902485,29.3155659792076],[-89.6341898775264,29.3124043759919],[-89.6378600542141,29.31200205535],[-89.6414913158837,29.3134344906415],[-89.6408657982902,29.3184706120083],[-89.6449858629503,29.3217448855224],[-89.645420434647,29.3263378754243],[-89.6432233593797,29.3313494227454],[-89.6410793484944,29.3340674504085],[-89.6405071539978,29.3363512191174],[-89.6383708847937,29.3386111219165],[-89.6357694993765,29.3381136726055],[-89.6352812596297,29.336270606105],[-89.6348159260243,29.3335121741168],[-89.634877006972,29.3303018326384],[-89.6328549621495,29.3270612241397],[-89.6297270436016,29.3265531650014],[-89.6275374998095,29.3311074455649],[-89.6269423246113,29.334765389803],[-89.6279037016284,29.3389077976781],[-89.6247298773728,29.340692650062],[-89.6246534666747,29.3443591630868],[-89.6282849250754,29.3462496959757],[-89.6287580344979,29.3485501175206],[-89.6250576268059,29.3503279191991],[-89.6213342968028,29.3534798411981],[-89.6197092642167,29.3562059656968],[-89.6176497874947,29.3548001642439],[-89.6176723154454,29.3534224462176],[-89.6177184089009,29.3511317405248],[-89.6162228235473,29.3474380032963],[-89.6131407756728,29.3446398361454],[-89.6079452497511,29.3431820372235],[-89.6043438741327,29.3399149226356],[-89.6013149121998,29.3348229151096],[-89.5962261932705,29.3278654607758]]],[[[-89.5854841373064,29.3414515370387],[-89.5933578465171,29.3402004419136],[-89.5980422346354,29.3411922551275],[-89.6026501500718,29.34630924835],[-89.6056790024102,29.3513999898859],[-89.6014675736958,29.3527113660568],[-89.5962186034047,29.3535441028985],[-89.58889454996,29.3538884985064],[-89.5846905009057,29.3547388559263],[-89.5815015849533,29.3569818674312],[-89.5799601801303,29.3555805356794],[-89.5800215224878,29.3528290922066],[-89.5811354352367,29.3496378444468],[-89.5854841373064,29.3414515370387]]],[[[-89.8010599446424,29.3373260333005],[-89.7953076680605,29.3372456144863],[-89.7915614238312,29.3417778422616],[-89.7863354764624,29.3417053234675],[-89.7774622441743,29.3406638201577],[-89.7743727016553,29.3378680175844],[-89.775478746959,29.3346741140467],[-89.7771115670402,29.3314864398823],[-89.783383088721,29.3315745608283],[-89.7917601500366,29.3312325708433],[-89.7938958964212,29.3285129490385],[-89.7871515518806,29.3256660934916],[-89.783512606022,29.324697294054],[-89.7845731336903,29.3237951045391],[-89.7861446751944,29.32335857261],[-89.7903411990616,29.3229612897361],[-89.7998164076929,29.3194249398413],[-89.8018304332549,29.3235797402176],[-89.8054547976597,29.3254639644634],[-89.8142975222625,29.32833522236],[-89.8173262398536,29.3347986977238],[-89.8156707867188,29.3398187783368],[-89.8160977245323,29.3448706940214],[-89.8149457771142,29.3503588980714],[-89.8116955870763,29.3567345259895],[-89.8074916619895,29.3575919751099],[-89.8054471907259,29.3552707968607],[-89.8044627728201,29.3515894847326],[-89.8066217029256,29.3479497920524],[-89.8093077410836,29.3438596299248],[-89.8072930875993,29.3397050536161],[-89.8010599446424,29.3373260333005]]],[[[-89.6381650906435,29.3491551038768],[-89.6444442632756,29.3487928363164],[-89.6479994592002,29.3543490443434],[-89.6458705561814,29.3561521597839],[-89.639553330914,29.3578905420246],[-89.6332822556959,29.3577933866728],[-89.6322522833237,29.3568605820624],[-89.6312834116623,29.3531764436504],[-89.632900445649,29.3504481404105],[-89.6381650906435,29.3491551038768]]],[[[-89.6695676606256,29.3482582125938],[-89.670109290843,29.3473499876772],[-89.6726883046163,29.3492219021421],[-89.6736874369265,29.3515298367865],[-89.6736264017928,29.3547389733723],[-89.6714669839022,29.3579170839778],[-89.6678049702054,29.3578616621794],[-89.6636394975043,29.3568815903488],[-89.6621058370574,29.3550247040173],[-89.6632124096722,29.352289666434],[-89.6647994722677,29.3513966214265],[-89.6685068544796,29.3487015010833],[-89.6695676606256,29.3482582125938]]],[[[-89.7929348886118,29.3528040005869],[-89.7955671715832,29.3519227363248],[-89.7976572835513,29.3519535816031],[-89.7991831385368,29.3542673274759],[-89.7996489257914,29.3574835629773],[-89.7975123412786,29.359746613536],[-89.7943693130675,29.3601623296648],[-89.7923018305597,29.358756178816],[-89.7918441380241,29.3550819555945],[-89.7929348886118,29.3528040005869]]],[[[-91.0363047811047,29.3607383876074],[-91.0373655746742,29.357989418986],[-91.0399822188749,29.3557041518943],[-91.041035004862,29.3534128899107],[-91.0410505448181,29.3502026505786],[-91.0410582326003,29.3469940312042],[-91.04211088923,29.3442453815708],[-91.0426448478349,29.3414945129633],[-91.041607131985,29.3387428018946],[-91.0405696425105,29.3359887525537],[-91.0390061283518,29.334151096663],[-91.0369229900051,29.3318526948792],[-91.0353587185666,29.3304733376054],[-91.0337949214385,29.3281771100382],[-91.0322382847816,29.3258803232582],[-91.0306817352612,29.3222080030231],[-91.0291182776964,29.319910529643],[-91.0270350252637,29.3176118429499],[-91.0249525579585,29.3162312810969],[-91.0228696334109,29.3134751465204],[-91.0218317271182,29.3107196174142],[-91.0223584920143,29.3084289266805],[-91.0213210878798,29.3070500391365],[-91.0202754021767,29.3065885581716],[-91.0187117954914,29.3052089650316],[-91.0182001564281,29.3033733420751],[-91.0166285304824,29.3024526111169],[-91.0145380753577,29.3024466120361],[-91.0124479409317,29.3028990998276],[-91.0098389261228,29.3010577894806],[-91.0077557195041,29.2987597271052],[-91.0056805267562,29.2955430227155],[-91.0046426977185,29.293248031112],[-91.0025602097522,29.2914072299006],[-91.0009958889063,29.2900261138292],[-90.9999586410786,29.2881885334288],[-90.9983869962683,29.2877271513323],[-90.9968231200885,29.2881811788664],[-90.9957699819618,29.2895527489746],[-90.9957625097752,29.2913884629201],[-90.9978448692825,29.293229361617],[-90.9988828438472,29.2959818750553],[-90.9983485870017,29.2996495958069],[-90.9962507558102,29.3014776931825],[-90.9931074302569,29.301928134384],[-90.9904905237482,29.3028377947684],[-90.9868207692686,29.3055785997466],[-90.9847301901765,29.306946311676],[-90.9810602686103,29.3092306758914],[-90.9784438400053,29.3105974498243],[-90.9758269397849,29.3105885459183],[-90.9726910531804,29.3096634926721],[-90.9700895204394,29.3069024650016],[-90.9685333850424,29.304145999359],[-90.9690670588814,29.3009380270723],[-90.9722254231309,29.2963607413251],[-90.9738049838956,29.2926988550899],[-90.9748729729706,29.287657150635],[-90.9748959330109,29.2812352983227],[-90.9749267389369,29.2743567535482],[-90.9759942878375,29.2679393259187],[-90.9765283578334,29.2656482657211],[-90.9754909644787,29.2633517060817],[-90.9749721218251,29.2619747240479],[-90.9754987313127,29.2606012148343],[-90.9770779417344,29.2592295179097],[-90.9786421511891,29.2587746744387],[-90.9823038926964,29.2578686562734],[-90.9870039600095,29.2583420236876],[-90.9906580245144,29.2588118057933],[-90.9937860823012,29.2601965725733],[-90.9958692161563,29.2629524867795],[-90.9974333043385,29.2638763307213],[-91.0000425464211,29.265716964953],[-91.0010803368312,29.2675536133591],[-91.0026365665513,29.2698533447623],[-91.002101997092,29.2726041042976],[-91.0005308301854,29.2748906119076],[-90.9994776318716,29.2771815989567],[-90.999989083187,29.2785588643235],[-91.0020797736702,29.2803981654312],[-91.0052000780978,29.2831585010066],[-91.0072827547104,29.2863747798288],[-91.0104109167018,29.2873015358532],[-91.0114638176733,29.2863859705255],[-91.0104261099082,29.2836336427382],[-91.0093882125986,29.2808767323153],[-91.0078323278316,29.2790402002822],[-91.007839671559,29.2767470703012],[-91.0083660977902,29.2744541262925],[-91.0094192952057,29.2726226929327],[-91.0099451177691,29.2717074850477],[-91.0099528666367,29.2698718140031],[-91.0099603891289,29.2680384115404],[-91.0099679691133,29.2662038430366],[-91.0120585500021,29.2648332627541],[-91.0136381664623,29.2630025206414],[-91.0126004407309,29.2607074901273],[-91.0105101580828,29.259784322888],[-91.0079007668798,29.2593183532727],[-91.0047725464979,29.2570158527075],[-91.0037274761408,29.2565541919454],[-91.0037354010782,29.2551792791476],[-91.0063517883607,29.2533533159478],[-91.0079235607318,29.2524412924172],[-91.006366933058,29.2496852768142],[-91.00429191099,29.2464694535189],[-91.0016829419952,29.24416806835],[-90.9990810732843,29.2427854376533],[-90.996982969005,29.2436953744946],[-90.9969754833438,29.2459885434538],[-90.9964488469068,29.2487389354309],[-90.993824332566,29.2519395537427],[-90.9912079111476,29.2523918435584],[-90.9870267745228,29.2528381897298],[-90.9807552591303,29.2528190943272],[-90.9750179116501,29.2509670561107],[-90.9708522440146,29.2482031668098],[-90.9661604798295,29.2445210655252],[-90.9619943558499,29.2426727178808],[-90.9599042429834,29.2417495007575],[-90.9588663447755,29.2399100468281],[-90.9609646116498,29.2380827035198],[-90.9641006249167,29.2376350019461],[-90.9672358494629,29.2381019717718],[-90.9698454778211,29.2381116807558],[-90.9724623115663,29.2362843288583],[-90.9735150122135,29.23445314715],[-90.9745754985592,29.2312458900859],[-90.9761547754562,29.2284985079274],[-90.9782530845514,29.2252939469803],[-90.9793130795186,29.2220877883357],[-90.9777490371505,29.2197889957572],[-90.9741098855777,29.2174846344026],[-90.9709745810816,29.2174729696711],[-90.9699290642617,29.2179291351096],[-90.9704405542047,29.2193066855475],[-90.972004522911,29.2216044313421],[-90.9698990138188,29.2248093515504],[-90.9667627912444,29.2257180049066],[-90.9646729155331,29.2257097325345],[-90.9604913710733,29.2256963526454],[-90.9573638693436,29.2256872665183],[-90.954747025717,29.2270545541659],[-90.9536940825247,29.2293440516164],[-90.9531523624758,29.2334709056081],[-90.9536556732581,29.2371428785806],[-90.9510390991261,29.238050332127],[-90.9473923442127,29.2371211166412],[-90.9447901170741,29.2348187130618],[-90.9437529303319,29.2320642696414],[-90.9442868224615,29.2293135690953],[-90.9453470743469,29.2256468571538],[-90.9458812620222,29.2228984098658],[-90.9469419154546,29.2201499444872],[-90.9464229272739,29.2164775542266],[-90.9464304794105,29.2146416950881],[-90.9422652600343,29.2127935630723],[-90.9401898705553,29.2091174912756],[-90.938640965698,29.2059010892305],[-90.9391751991874,29.202234395543],[-90.9402358714843,29.1999433496564],[-90.9433636454035,29.1999553049542],[-90.9501461800219,29.2018110127963],[-90.9569286346902,29.2036696424365],[-90.9626659767805,29.2050633194806],[-90.9689298061874,29.2055427806079],[-90.9762465760918,29.2051055224061],[-90.98251017553,29.2046646781102],[-90.9898191247014,29.2046876348931],[-90.9997373249387,29.2060923830966],[-91.0075651005941,29.2070323792908],[-91.0200925878298,29.2084425071793],[-91.028431300066,29.212133648641],[-91.0388684588395,29.2149111309945],[-91.0446054119593,29.2167595078492],[-91.0545161804343,29.2209125598438],[-91.0618174795527,29.2232220277714],[-91.0701717047955,29.2259926508872],[-91.0769541477857,29.2273830366739],[-91.0821731206346,29.2292294920402],[-91.0873839152211,29.2324493109449],[-91.0936397118928,29.2370488919279],[-91.0978128768677,29.2398092126115],[-91.1030243317159,29.2439474710492],[-91.1066788202256,29.2471651685041],[-91.1097990087705,29.2508391143483],[-91.1155364730317,29.2568119490065],[-91.1202206662155,29.2623232609745],[-91.1264764592939,29.2692117753825],[-91.1322141310659,29.2751822926639],[-91.1374250388402,29.281153381054],[-91.1431697066917,29.2862067703661],[-91.1478618086432,29.2903428286027],[-91.1504715187482,29.2930973565163],[-91.1551633503069,29.2981487871366],[-91.1593368844893,29.3027399571196],[-91.1624645281528,29.3109982822338],[-91.1624571098652,29.3151249685343],[-91.1608779991565,29.3187929468616],[-91.1577417163949,29.3201649845309],[-91.1551253973844,29.3201610307435],[-91.1530347563085,29.3187814103876],[-91.1519972668341,29.3160286438298],[-91.1525237289979,29.3132777737635],[-91.1540951968402,29.3105296063808],[-91.1535764098821,29.307776114309],[-91.1520200786524,29.3045644152955],[-91.1509744782892,29.3027289695415],[-91.1488917459811,29.2995149127376],[-91.1462824634742,29.2972176656405],[-91.1436734369872,29.2953812111518],[-91.1400110918121,29.2949154210528],[-91.1358305301092,29.2949097913091],[-91.1332212709585,29.2949057542828],[-91.1295589680043,29.2944407407504],[-91.1253779337875,29.2935164977599],[-91.1217237767562,29.2916764260851],[-91.1185957908346,29.2907533160382],[-91.1149335768136,29.2916643193232],[-91.1149259546084,29.2944156958714],[-91.1117900392578,29.2948694038039],[-91.1076095395386,29.2948614480463],[-91.1034209001846,29.2953121534648],[-91.0992322060334,29.2980551354442],[-91.0971343209431,29.3012619464684],[-91.0981790930596,29.3040149123712],[-91.0981719900806,29.3063078876994],[-91.0955549721808,29.3076787764605],[-91.0918924644107,29.3085888775297],[-91.0871779288315,29.3117885390101],[-91.0840268768684,29.3163686342003],[-91.082447365511,29.3218682435831],[-91.0829585428403,29.3259969604326],[-91.083469798323,29.3292064255809],[-91.0829358576844,29.3328755092774],[-91.080837812694,29.3360807389856],[-91.0787318751054,29.3411202519648],[-91.076107774888,29.3456981389344],[-91.0719109752379,29.3488999954731],[-91.0682412477078,29.3507255949966],[-91.065105741989,29.3516352657741],[-91.0619622628237,29.3530026334029],[-91.059345772235,29.3543726283546],[-91.0546306114284,29.3566559209451],[-91.0514874412836,29.3580241145295],[-91.0493896424315,29.3589351560497],[-91.0467800095817,29.3580119843224],[-91.0452005125974,29.3598419678434],[-91.0425841630442,29.3612115834801],[-91.0389219427349,29.362119854717],[-91.0363047811047,29.3607383876074]]],[[[-89.6952175722417,29.3472683803016],[-89.6974377396018,29.3404218008711],[-89.698490588471,29.3404373615085],[-89.703075780124,29.3464668854381],[-89.7045556799944,29.351076366713],[-89.706569955288,29.3552309821111],[-89.7096140780879,29.3603207987128],[-89.7058832579319,29.3639338206288],[-89.7022063816088,29.364795798474],[-89.6964229891821,29.3660875498316],[-89.6932947122064,29.365581608],[-89.6922879765557,29.3632731156458],[-89.6928750570349,29.3600729877907],[-89.6950420998257,29.3564363549959],[-89.6972162581719,29.3518850124286],[-89.6952175722417,29.3472683803016]]],[[[-89.6521269304698,29.3571658673018],[-89.6573678635341,29.3567859185212],[-89.6604656651639,29.3586686904995],[-89.6619457869182,29.3632754776768],[-89.6603282355018,29.36554524043],[-89.6576732790526,29.3677960211711],[-89.656597623755,29.3691565136108],[-89.6539883304684,29.3686588439145],[-89.6529509784361,29.3681832455749],[-89.6514021113081,29.3672435035459],[-89.6509291707689,29.3649421677266],[-89.6499221153179,29.3626342660676],[-89.6499903818897,29.3594259583716],[-89.6521269304698,29.3571658673018]]],[[[-89.8189889217315,29.3586689206846],[-89.8294720311285,29.3578944818217],[-89.8289152445356,29.3597217976472],[-89.8309446780013,29.3634161738285],[-89.8293118713948,29.3666045230829],[-89.8298002369057,29.368905175468],[-89.8266412968361,29.3697779397101],[-89.8183177041445,29.3673711734275],[-89.8152358619841,29.3641188053557],[-89.8152891841827,29.3609103291226],[-89.8189889217315,29.3586689206846]]],[[[-89.631565621002,29.3651044952634],[-89.6331754208558,29.3628366095007],[-89.6363185981871,29.362884900195],[-89.639439421841,29.3638496022475],[-89.6414839488001,29.3661733931968],[-89.6424756161102,29.3689408443065],[-89.6424452153244,29.3703165792553],[-89.6398129224715,29.3711915280649],[-89.6366619980691,29.3716025841767],[-89.6346175303988,29.3692787989242],[-89.631565621002,29.3651044952634]]],[[[-89.1169481942444,29.3747286535572],[-89.1211971186388,29.3725214249566],[-89.127995121348,29.3726589355019],[-89.1290166019458,29.3735952457283],[-89.1299777319261,29.3768257041528],[-89.1304440662548,29.3791284425922],[-89.1303371074471,29.3832535637833],[-89.1276970684216,29.3841187407244],[-89.1251260352812,29.3822317263499],[-89.1199535053325,29.3798332396579],[-89.1194510605261,29.3793717092632],[-89.1169481942444,29.3747286535572]]],[[[-89.8054164548685,29.3859931071535],[-89.803402271203,29.3813787985561],[-89.7993282452013,29.3753626239027],[-89.800403809769,29.373541922614],[-89.8097883020314,29.3755077207662],[-89.8150066280932,29.3769533158322],[-89.8239181600535,29.3756999066854],[-89.8312270562243,29.3767184178162],[-89.832149947618,29.3836091735746],[-89.831082192105,29.3849688496032],[-89.8290063579599,29.3840248486268],[-89.8237730282361,29.3839525986487],[-89.8206146343422,29.3852852053629],[-89.8158996316391,29.3852211288518],[-89.810070636237,29.3888088222127],[-89.8064008763675,29.3892178410089],[-89.8054164548685,29.3859931071535]]],[[[-89.6745115855041,29.3896041252882],[-89.6787227806566,29.3882918411971],[-89.6849713279239,29.3897612813093],[-89.6875199049788,29.3934670909001],[-89.6843152873736,29.3966305371833],[-89.6816831921501,29.3975078002122],[-89.6769451683212,29.3988122862009],[-89.6743355965568,29.3983151598942],[-89.6727946732308,29.3969166534966],[-89.6733897882419,29.3932553230987],[-89.6745115855041,29.3896041252882]]],[[[-89.8184017181831,29.3916746516166],[-89.8215906125759,29.3889676427203],[-89.8262602252043,29.3913230789622],[-89.8283046219077,29.3941024362709],[-89.8261683131777,29.3963672320442],[-89.8235210921215,29.3981642578517],[-89.8193099239185,29.3994827108205],[-89.8151286049358,29.3989653841316],[-89.8135647754684,29.3984867107917],[-89.813106875422,29.3948128211481],[-89.815235747898,29.3930074459904],[-89.8173412156677,29.3925771738387],[-89.8184017181831,29.3916746516166]]],[[[-89.2798503461567,29.3902796331912],[-89.2861833925529,29.3881056159608],[-89.2897996891882,29.3900073668973],[-89.2880740237308,29.3963961307062],[-89.2848472931965,29.4000050640235],[-89.2806284282282,29.4012998800772],[-89.276967099946,29.4012322417986],[-89.2759369281479,29.4002966812868],[-89.2754864041683,29.3975365474999],[-89.2744801086921,29.3956821668364],[-89.2755703867659,29.3938705089501],[-89.2771874728549,29.3920654246615],[-89.2798503461567,29.3902796331912]]],[[[-89.7896008731814,29.3921934007444],[-89.7943308220543,29.3908827804092],[-89.7953227911983,29.394106065512],[-89.7946897169766,29.40005801248],[-89.7925225753711,29.4041564226525],[-89.7903793918342,29.4068763161167],[-89.7867015812632,29.4077425168387],[-89.7857558394237,29.4022276107617],[-89.7858394375423,29.3976436326598],[-89.7874643883817,29.3944551404476],[-89.7896008731814,29.3921934007444]]],[[[-89.7693904294939,29.4097915043446],[-89.7735869326999,29.409392440976],[-89.7772186066962,29.4108193784471],[-89.7787596243453,29.4126760825878],[-89.7771418555367,29.4149441416498],[-89.7739836350176,29.416273027602],[-89.7692835533313,29.4152907004913],[-89.7672158803806,29.413885213576],[-89.7667276136843,29.4120466322728],[-89.7667511549347,29.4106703237655],[-89.7693904294939,29.4097915043446]]],[[[-89.3232920459483,29.3906253689684],[-89.325413822632,29.3892882494516],[-89.3264282110306,29.3906828181164],[-89.3295101978197,29.393030173406],[-89.3294499406271,29.3957819251477],[-89.3293269711462,29.4008239561085],[-89.3319203507776,29.4017886757687],[-89.3345305899902,29.4022939461201],[-89.3370940305698,29.40463448549],[-89.3380167036729,29.4096961616223],[-89.3395351601336,29.4120157113007],[-89.3420832467084,29.4148121384486],[-89.3409847310834,29.4170859817595],[-89.3399092329909,29.4184420489763],[-89.3372462473997,29.4202282644371],[-89.3357276993109,29.4179086940663],[-89.3331794133101,29.415109787067],[-89.3311504137307,29.4123231622531],[-89.3280220729746,29.4118055698908],[-89.3259626591346,29.4103923893157],[-89.3234217231495,29.4071361562137],[-89.3229640503768,29.4043755413261],[-89.3235507993777,29.4016358638292],[-89.3231393054006,29.397042142483],[-89.3232920459483,29.3906253689684]]],[[[-89.707958430917,29.4194479818456],[-89.7121700312096,29.4181331618962],[-89.7184262150552,29.4195999289781],[-89.7204480514685,29.4232991911005],[-89.7172435308814,29.4264624547073],[-89.7146116341855,29.4273395040932],[-89.7098736094583,29.4286467352809],[-89.7072646728028,29.428148378637],[-89.7057234179985,29.4267504595298],[-89.7063108587022,29.4230917779435],[-89.707958430917,29.4194479818456]]],[[[-89.727527991328,29.436240740945],[-89.7218137808563,29.4338651364088],[-89.7218673105657,29.4311143968802],[-89.726101487318,29.4288825758573],[-89.7313811943649,29.426668347783],[-89.7388730620878,29.4180649612563],[-89.7457773723261,29.4126622357699],[-89.7467846020502,29.4149688298258],[-89.7467387439532,29.4172615730689],[-89.7451061367727,29.4204474650505],[-89.743473389455,29.4236333557211],[-89.7444272484715,29.4286906422247],[-89.7464492268186,29.4328469394575],[-89.7437864676029,29.4351003007637],[-89.7385297322744,29.4359410911879],[-89.7327925455927,29.434941332488],[-89.727527991328,29.436240740945]]],[[[-89.8329433809994,29.427635615346],[-89.8372310308674,29.422193173622],[-89.8387875246922,29.4226718034024],[-89.841389441912,29.4236234632973],[-89.8429230457651,29.4259370537844],[-89.8413053865509,29.4286648401101],[-89.8391690823125,29.430929868842],[-89.8417327869968,29.4341749270037],[-89.8411525642564,29.4373761238089],[-89.8374523640753,29.4391594911404],[-89.834324247898,29.4381995440806],[-89.8322875740111,29.434964824277],[-89.8328669729963,29.4317613201022],[-89.8329433809994,29.427635615346]]],[[[-89.7919964294142,29.4330336538668],[-89.7967270205825,29.4321827764373],[-89.7987944806324,29.4335852891514],[-89.7992364445657,29.4381773329329],[-89.7975967056602,29.4418219888544],[-89.7902185538725,29.4444702206624],[-89.7881511710776,29.4430664314088],[-89.7866174540368,29.4407519466111],[-89.7888074703427,29.4357385426788],[-89.7919964294142,29.4330336538668]]],[[[-89.7019240851325,29.4335724051464],[-89.7087520520463,29.4322969924412],[-89.7102625251791,29.4355292154761],[-89.7060206408816,29.4382183387868],[-89.7022975129995,29.4413720441791],[-89.6954232738653,29.4449396858842],[-89.6901895425947,29.4444016504776],[-89.6908004679548,29.440284328623],[-89.6950422965567,29.4375968708623],[-89.6977123635673,29.4348856334478],[-89.7019240851325,29.4335724051464]]],[[[-89.7032971914853,29.4436805780528],[-89.7080275023792,29.4428339305357],[-89.7127426003037,29.4429019142766],[-89.7132154204687,29.4456602659194],[-89.7120633697443,29.4511448684154],[-89.7093853238974,29.4538578820827],[-89.7077984023373,29.4547482316217],[-89.705723510525,29.4538018422097],[-89.7041973078916,29.45148787992],[-89.7021756071238,29.447789569573],[-89.7032971914853,29.4436805780528]]],[[[-89.6644179281222,29.449975221795],[-89.6624646870639,29.443070194238],[-89.6614727619373,29.4403020011045],[-89.6630674907556,29.4389509971257],[-89.6678282805887,29.4367306649143],[-89.6716277769481,29.4299110908719],[-89.6743512631754,29.4244496146809],[-89.6776544816628,29.416245077502],[-89.6844904166332,29.4145145249541],[-89.6870614901978,29.4168460909886],[-89.6885725265742,29.4200776500084],[-89.6926464456765,29.4260995891414],[-89.6946682362758,29.4297971139448],[-89.6925166283382,29.432515254763],[-89.6893508493943,29.433844175313],[-89.6861998926526,29.4342568269207],[-89.6804392707217,29.4341703212414],[-89.6762205952979,29.4359407790311],[-89.6708872651167,29.4409051472077],[-89.6729170183826,29.4441439889144],[-89.675548756975,29.4432668812737],[-89.6787078794026,29.4423965071171],[-89.6818126780101,29.4442778369541],[-89.6817442515383,29.4479435308514],[-89.6795695568979,29.452035404464],[-89.6731992753331,29.4565258551574],[-89.6695220747182,29.4569290517908],[-89.6664545894326,29.4532148433505],[-89.6644179281222,29.449975221795]]],[[[-89.851269481716,29.4576861245767],[-89.8350493850633,29.4565489821441],[-89.8282359609756,29.4569159798953],[-89.8214531972869,29.455447183083],[-89.821491365805,29.4531561130843],[-89.8226211760395,29.448587043396],[-89.8216519711031,29.4444468100834],[-89.815937725597,29.4416181260724],[-89.8091470109197,29.4401498126963],[-89.8060424521624,29.4382726872619],[-89.8051113825064,29.4318398851173],[-89.8041729448684,29.4258673858585],[-89.7963606894062,29.4234647696908],[-89.7890059432233,29.4247377527473],[-89.7838327907421,29.4214558772405],[-89.7833141484128,29.4209905756855],[-89.7843977771569,29.4191708687457],[-89.7886090558527,29.4178550420617],[-89.7933620069866,29.4156280410324],[-89.797657137126,29.4097302213246],[-89.8066295398282,29.4057282784392],[-89.8102154752035,29.4099043416319],[-89.8116878939042,29.4154260232436],[-89.8126490625122,29.4200222299833],[-89.8120542870642,29.4241405463436],[-89.8172116579425,29.4287967282953],[-89.8234832299289,29.4298005463126],[-89.8260233179043,29.4339612231677],[-89.8269546094442,29.4403937031628],[-89.8299986379211,29.4459352642334],[-89.8393902699933,29.4478982867534],[-89.8509107961012,29.44805213444],[-89.8603100683449,29.4495540513103],[-89.8654828174825,29.453291322024],[-89.8669779204408,29.4578942969556],[-89.8637964614036,29.4601446235513],[-89.8611797165917,29.4601084399791],[-89.8580592576539,29.4586936553974],[-89.851269481716,29.4576861245767]]],[[[-88.9744227956198,29.4556774805553],[-88.9792219776516,29.4525701031261],[-88.9872020177476,29.4481552206766],[-88.992489199676,29.4464327466174],[-88.9998665196237,29.444756696684],[-89.008267054816,29.444017829002],[-89.0161480969745,29.4432687032305],[-89.0234649638969,29.4438804634585],[-89.0270047626975,29.4485411018171],[-89.0259062812085,29.4503516739727],[-89.0243110601135,29.451234892963],[-89.019039514261,29.4524994373704],[-89.0132873140359,29.4519190188734],[-89.0095871767367,29.453216491477],[-89.0048104687568,29.455408584755],[-89.0006222228649,29.4553203050845],[-88.9938783643128,29.4528829490816],[-88.9902156723881,29.452806842436],[-88.9843330322921,29.4572640247955],[-88.9800376955402,29.4608409129171],[-88.9783905590084,29.4635583202163],[-88.974086983807,29.4675930617506],[-88.9709435890834,29.4675214194442],[-88.9709814674457,29.4661508198427],[-88.9710506386208,29.4638588074399],[-88.9716081618323,29.4624957028913],[-88.9727451073851,29.45930946578],[-88.9744227956198,29.4556774805553]]],[[[-89.8249781595123,29.4632872787864],[-89.8260541067624,29.4619286858053],[-89.8323254972891,29.4624729487786],[-89.8412288384106,29.4625930116276],[-89.8475081053657,29.4631359711222],[-89.8490182272572,29.4663644246152],[-89.8525814451373,29.4723710768455],[-89.8551523066995,29.4751564125853],[-89.8592726794817,29.479337810531],[-89.8576929363591,29.4797747071235],[-89.8545422940277,29.4801906315427],[-89.8519328992315,29.4796984955356],[-89.8472482919243,29.4778020608539],[-89.8441507633824,29.4750095247725],[-89.8384366966411,29.4726400356011],[-89.8305938930693,29.47161594138],[-89.8253979727873,29.4692541844203],[-89.8249781595123,29.4632872787864]]],[[[-89.3719373600924,29.4818331396645],[-89.3725402302594,29.47863402662],[-89.3726171655736,29.4754277022614],[-89.3721730034628,29.4717512876021],[-89.3712054469349,29.4685234279434],[-89.3723491936327,29.4644186369257],[-89.3759807831874,29.4658583748833],[-89.3822062554301,29.4682600690442],[-89.3874323079017,29.4688114784492],[-89.3894468122657,29.4725162346411],[-89.3872794388949,29.4756865285995],[-89.3882183427585,29.4802877504742],[-89.3819321300296,29.4801767540506],[-89.3777434763026,29.4801024156728],[-89.3761338929428,29.4819074368912],[-89.3719373600924,29.4818331396645]]],[[[-88.9669688403952,29.4784434547335],[-88.9701272333908,29.4780520896248],[-88.9737741571874,29.4785885279783],[-88.9763990425325,29.478645914086],[-88.9794884826436,29.4805451614872],[-88.9794578608722,29.4814609543908],[-88.9804811506769,29.4824012285921],[-88.9793823439978,29.4842123927314],[-88.9767268054403,29.4855298481955],[-88.9709061311327,29.4876969579964],[-88.9657020595377,29.4862087663673],[-88.9641848589218,29.4843434306577],[-88.9647940810761,29.4811465551719],[-88.9669688403952,29.4784434547335]]],[[[-89.3305096948459,29.4833787320647],[-89.3363002046246,29.4821076371874],[-89.339947335932,29.4830902803472],[-89.3419455349753,29.4872532049951],[-89.3392519985796,29.4904139981286],[-89.3360948605304,29.4908160747819],[-89.3339887082445,29.4912361481095],[-89.328755117111,29.491140085101],[-89.3277404717942,29.4897457260031],[-89.3283353442602,29.4865470809163],[-89.3305096948459,29.4833787320647]]],[[[-91.084636849116,29.4800461369308],[-91.0851710583508,29.4763787721365],[-91.0857051463131,29.4727124626119],[-91.0862390555106,29.4695045674435],[-91.088345220373,29.4658418518724],[-91.0920144682027,29.4626402538032],[-91.0967375296922,29.4612749013962],[-91.0993543005553,29.4608207661417],[-91.1040618526314,29.4617480744716],[-91.1072052518467,29.4622107426916],[-91.1103484749921,29.4626744161999],[-91.1140104554512,29.4631396972289],[-91.116634889842,29.4631442234628],[-91.1187252344738,29.4636074062157],[-91.1213421975763,29.4645290147331],[-91.122387260747,29.4659048709626],[-91.1218607473792,29.4677371752407],[-91.1208081617164,29.469111097627],[-91.1181837461902,29.4704830852973],[-91.116611663002,29.4713967761711],[-91.1155591411195,29.4732278738118],[-91.1150324956994,29.4755186022605],[-91.1150250567505,29.4768942389894],[-91.1139799172231,29.4782676228141],[-91.111881753655,29.4787216165895],[-91.1097833107109,29.4787182758084],[-91.1071668973773,29.4796300039037],[-91.1055872961885,29.4810034945476],[-91.1034896482533,29.4828325755157],[-91.1008646371442,29.4842028487177],[-91.0987667062397,29.4855745398608],[-91.0945708201764,29.4873997966891],[-91.0919539235492,29.488311086987],[-91.0888026532954,29.4896797699348],[-91.0867043927093,29.4910511375],[-91.0851330335631,29.4915048863453],[-91.0830347478242,29.4919605175754],[-91.0804184288137,29.491954775185],[-91.079365438909,29.4910350533446],[-91.0788462611838,29.4892006374926],[-91.0793804281978,29.4869096756011],[-91.0799073080783,29.4859932008027],[-91.0825313265491,29.4837087991404],[-91.084636849116,29.4800461369308]]],[[[-89.9035690409263,29.4932138029176],[-89.899906640954,29.4927085588847],[-89.8962143414558,29.4944938722542],[-89.8924983911127,29.4971974679214],[-89.8904235091819,29.495793023771],[-89.8867537079899,29.4962051942966],[-89.8835799457181,29.4975383384647],[-89.8815577778264,29.4933855836571],[-89.8779646128096,29.4892133119117],[-89.8722122958035,29.4882193633443],[-89.8648802222001,29.488122068257],[-89.8633310685094,29.4867283674735],[-89.8644070939129,29.4853659043007],[-89.8649713185564,29.4830806423897],[-89.8640333749918,29.4766506067471],[-89.862026906058,29.4715813542015],[-89.8594711083449,29.4678791181937],[-89.8611035628118,29.4642351510062],[-89.8642319412972,29.465190755033],[-89.8662837041859,29.4675109509756],[-89.8693582708908,29.4716789146497],[-89.8729594165405,29.47539259085],[-89.879215705489,29.4773096465772],[-89.8891567220362,29.4778993744521],[-89.8928644896253,29.4756538345687],[-89.889789958853,29.4714877830182],[-89.8851206471602,29.468676081377],[-89.8783156825075,29.4685864735226],[-89.8751948381924,29.4671710712404],[-89.8746914708162,29.4662479631744],[-89.8752481657809,29.4644217623106],[-89.876323967504,29.4626026092973],[-89.8779113723577,29.4617075083069],[-89.881076967147,29.4603726123749],[-89.8879210067179,29.4581712144279],[-89.8942533138006,29.4555019807003],[-89.9042633155717,29.4519652319194],[-89.9083904715327,29.4556853760393],[-89.9093822664036,29.458906994294],[-89.9093516581069,29.4607399897179],[-89.9082611958785,29.4634776101078],[-89.9066512576842,29.4657494743796],[-89.9060712694041,29.4689486022029],[-89.9070861500795,29.4712539121647],[-89.9107173416805,29.4731342142111],[-89.9143946114658,29.4727242459756],[-89.92014743602,29.4732559231874],[-89.928516796977,29.4738204963601],[-89.9284712155612,29.4765717088674],[-89.9289138900619,29.4816190615315],[-89.9283034030796,29.4866534231932],[-89.927182089111,29.4912240658581],[-89.9239771382308,29.4948511802635],[-89.9181863311098,29.496611877475],[-89.9092294908216,29.49924588507],[-89.9050259663833,29.5001101505989],[-89.9040188588301,29.4978033531313],[-89.9035690409263,29.4932138029176]]],[[[-89.4349715084702,29.4980668432424],[-89.4412807216636,29.4972602063707],[-89.4459647333877,29.498715314506],[-89.4453773843123,29.5014552055573],[-89.4442944373895,29.5032715010781],[-89.4400832826612,29.5041163454105],[-89.4364052151721,29.5045108504807],[-89.4322704989896,29.501689214683],[-89.4323161486775,29.4998563396955],[-89.4328577528437,29.4989482423932],[-89.4349715084702,29.4980668432424]]],[[[-89.3153956381069,29.5018996375289],[-89.3191038620402,29.5001327492748],[-89.3232843285217,29.5006687665892],[-89.3279689097777,29.502128470646],[-89.3331645048696,29.5040572638833],[-89.3331264549292,29.5054321378849],[-89.3315469938775,29.5058618661283],[-89.3283737571201,29.5071798124452],[-89.3241467650934,29.5084792265134],[-89.3188744170453,29.5097574564711],[-89.3152434302601,29.5083146544591],[-89.3136801406802,29.5073703373145],[-89.3142665150836,29.5050886662336],[-89.3153956381069,29.5018996375289]]],[[[-89.4107328501654,29.5040645129413],[-89.4139834651065,29.4995378294775],[-89.4150128212343,29.500015032667],[-89.4207345667746,29.5019471451923],[-89.4248543817031,29.5052288579916],[-89.4274030539795,29.5084814381926],[-89.4257389815095,29.5125768442277],[-89.4225665208965,29.5138967223741],[-89.4183934736009,29.5129081271614],[-89.415279789757,29.511477422531],[-89.4132117925144,29.5100678243974],[-89.4117099836326,29.5072904798553],[-89.4107328501654,29.5040645129413]]],[[[-89.3382378446413,29.5110272576764],[-89.3430754242616,29.5060713538617],[-89.3440595672829,29.5088400071228],[-89.3445398407697,29.5106825698089],[-89.3439454489024,29.5134212583384],[-89.3428538107793,29.5152356131141],[-89.3407398404555,29.5161150210528],[-89.3375819145837,29.5165160231954],[-89.336567465998,29.5151230070831],[-89.3371470662059,29.5128393984404],[-89.3382378446413,29.5110272576764]]],[[[-89.3465386901933,29.5148452172264],[-89.3496901266354,29.5144421548267],[-89.3538701942649,29.5149767643024],[-89.354862542498,29.5172860933519],[-89.3569373831064,29.518239987781],[-89.3563584431602,29.5205214921844],[-89.3537173899367,29.521391526299],[-89.3521388280987,29.5218228564682],[-89.3485005568749,29.5203806329316],[-89.3454253308065,29.5175751097984],[-89.3465386901933,29.5148452172264]]],[[[-89.4567153898224,29.5103595296508],[-89.4593701881681,29.508572761974],[-89.4640782253345,29.5091106656145],[-89.4688075741327,29.5087306165002],[-89.4740264885911,29.5097365024603],[-89.4761086576555,29.5102296620805],[-89.4776418375038,29.5120903589875],[-89.4749409546857,29.5157126219289],[-89.4728131134756,29.5170521742164],[-89.4680367621268,29.5197205717882],[-89.463245577796,29.5228494338541],[-89.4601179314376,29.5223376003904],[-89.4569813441471,29.5218246746682],[-89.4565082940135,29.5195259654429],[-89.4565395041814,29.5181504534655],[-89.4576144183689,29.5167942962619],[-89.4592166202719,29.5154460765974],[-89.4592709081595,29.5131541933612],[-89.4567153898224,29.5103595296508]]],[[[-89.3272060748115,29.5342052012467],[-89.3261985755928,29.5323551445371],[-89.3246504091507,29.5314103412354],[-89.3252146230143,29.5295874628841],[-89.3263055954858,29.5277731841055],[-89.3294485805778,29.5278298842051],[-89.3321727935421,29.5237537539059],[-89.3317303867394,29.5200774374478],[-89.3358808728466,29.5219873448055],[-89.3389165838222,29.5266267230024],[-89.3377272098945,29.5325650284151],[-89.3345530622453,29.5338830943709],[-89.3314106278207,29.5338255472919],[-89.3272060748115,29.5342052012467]]],[[[-89.3701133012636,29.5377306872819],[-89.3649794743306,29.5330552192579],[-89.3634769620679,29.5302770994695],[-89.3651007621654,29.5280126648187],[-89.3708844833755,29.5272009943734],[-89.3755919788577,29.5277418896076],[-89.3808485515911,29.5269177919469],[-89.3850664562604,29.5260772611485],[-89.3918654605912,29.5266546895883],[-89.3925062432564,29.5216241847046],[-89.3873174618859,29.5192394536798],[-89.3784452482874,29.5177085513351],[-89.3727538864649,29.5143983475422],[-89.3691747495396,29.5106653770922],[-89.3692818745355,29.5060834585779],[-89.374538396065,29.5052609193743],[-89.3803220319351,29.5044464621932],[-89.3850900594945,29.5022368011951],[-89.3893323156946,29.5000210005562],[-89.3940709988869,29.499186650584],[-89.398838641069,29.4969797247541],[-89.4052616124184,29.4911330743861],[-89.405719322022,29.4938916734577],[-89.4050946605229,29.4984663234362],[-89.4028972924047,29.5030102863447],[-89.3996546688765,29.5070785718489],[-89.394902690618,29.5088295632489],[-89.3891032354156,29.5101020231865],[-89.3879737234218,29.5137494631131],[-89.3905907035923,29.513797070752],[-89.3963664648307,29.5134408403969],[-89.4016160163318,29.5130726643865],[-89.4073753644517,29.5131740709736],[-89.410991860513,29.5155295173449],[-89.4109613680989,29.5169051368657],[-89.4093291534822,29.5196270653902],[-89.4130292126279,29.5183169997677],[-89.4182788054515,29.5179490932083],[-89.4235275817066,29.517581945923],[-89.4281879776202,29.5199553125755],[-89.4276089325712,29.5226948351524],[-89.4239088788154,29.524005401424],[-89.4207420182999,29.524866933149],[-89.4159817054722,29.5266191886954],[-89.4112140022046,29.5288281165357],[-89.4079929876505,29.5319811620107],[-89.4037747254517,29.5332815339743],[-89.3995175868624,29.5359586463684],[-89.3978613845327,29.5395966884833],[-89.3951989055913,29.5413832951772],[-89.3921095696848,29.539037948163],[-89.3906064905851,29.5358025319026],[-89.3858912803712,29.5357181754523],[-89.3810993432522,29.5388431116885],[-89.3757748749513,29.5424153948106],[-89.3726687612102,29.5405276437733],[-89.3701133012636,29.5377306872819]]],[[[-89.4562115193897,29.5328123395798],[-89.4609419210134,29.5324350072291],[-89.4650922427289,29.5343391953165],[-89.465565388084,29.5366389904014],[-89.4665496631577,29.5394061344132],[-89.4665103555758,29.541238456481],[-89.4643817624757,29.5425777121894],[-89.4617733998437,29.5420764658926],[-89.4576307182997,29.5397130226075],[-89.4560968081211,29.537853116606],[-89.4556395638449,29.5350938201716],[-89.4562115193897,29.5328123395798]]],[[[-89.4399221060346,29.5343674403602],[-89.4430891030941,29.5335053017478],[-89.4467366107956,29.5344837578347],[-89.4487727501849,29.5372713909603],[-89.4487045788346,29.540477173423],[-89.448620416574,29.5441446285289],[-89.4470482166048,29.5441170669142],[-89.4455072429731,29.5427151213647],[-89.4413654399814,29.5403520994117],[-89.4393352303713,29.5371083983857],[-89.4399221060346,29.5343674403602]]],[[[-88.8970228619819,29.5053394407531],[-88.898617883651,29.5044593090503],[-88.8996697830009,29.5044821248831],[-88.9006995218111,29.5049626493795],[-88.9017065934317,29.5063609292678],[-88.9021655912194,29.5086617113861],[-88.8999902084695,29.511365687115],[-88.8989076235678,29.5127176416396],[-88.8961917002569,29.5158669780174],[-88.8930101190488,29.5171725804606],[-88.8897293835963,29.5216835678715],[-88.8864640353863,29.5257371479783],[-88.8853347928871,29.5284630933446],[-88.8836102009164,29.5334689184934],[-88.8819770143225,29.5357239427156],[-88.8808860364611,29.5370758898758],[-88.8803529600018,29.5375232408809],[-88.8739667387307,29.5405886562954],[-88.8734019220975,29.5419503223825],[-88.87071693407,29.5441844473784],[-88.8680160638284,29.5468745275425],[-88.8658495555352,29.5491174501707],[-88.8642238402295,29.5509140124194],[-88.862087692298,29.5522422254217],[-88.8588906241344,29.5540051928704],[-88.856228327551,29.555318818211],[-88.8515359210705,29.5542966573358],[-88.8521309785895,29.5520169534062],[-88.8537410120052,29.550677837608],[-88.8558623961251,29.5498093714224],[-88.8601799760617,29.5457812241637],[-88.8619425622773,29.5394018429253],[-88.8630407994245,29.5375918387263],[-88.8641320198311,29.5362412701264],[-88.8646810584546,29.5353367678391],[-88.8662918114209,29.5339975358021],[-88.8689389291709,29.5331387291143],[-88.8753248108789,29.5300736045079],[-88.8769340205395,29.5287340768841],[-88.8785977058356,29.525562194669],[-88.8797951349565,29.5205441855793],[-88.8814742856485,29.516914993614],[-88.8821226878239,29.5128014848949],[-88.8848004408201,29.5110276118177],[-88.8890734140129,29.5083725811446],[-88.8943903688048,29.5057393175618],[-88.8970228619819,29.5053394407531]]],[[[-89.429081496799,29.5502258263222],[-89.4380226192647,29.5490049912638],[-89.4443023775983,29.5495713536658],[-89.4431724685491,29.5532190943578],[-89.4394653046278,29.5549895582029],[-89.4352078435433,29.5576658331896],[-89.4293859547134,29.5598572664303],[-89.4225205532051,29.5620297811618],[-89.4193539837437,29.5628925180292],[-89.4173167879357,29.5601075465254],[-89.4142432659714,29.5568448167397],[-89.4148223262918,29.5545631854615],[-89.4180190063832,29.5523261234394],[-89.4222532801535,29.5505657766392],[-89.429081496799,29.5502258263222]]],[[[-89.3349349378692,29.5618512775702],[-89.3381237765665,29.560074721917],[-89.3428075538304,29.5615345932569],[-89.3438457412958,29.5620111016221],[-89.3453867418769,29.5634147422804],[-89.3458831347332,29.56479996179],[-89.3432278207545,29.5661259631025],[-89.3395437228749,29.5665186785023],[-89.334316652612,29.5659661119636],[-89.3332942494445,29.564571142294],[-89.3349349378692,29.5618512775702]]],[[[-89.3764767637171,29.557095093358],[-89.3775601633907,29.5557384198584],[-89.3812070422716,29.5567215117896],[-89.3874323294613,29.5595810856525],[-89.3873495281483,29.5632475467076],[-89.38572377691,29.5655098591595],[-89.383053184385,29.5677552098299],[-89.3809860477285,29.5663428565928],[-89.3779032623371,29.5635390040442],[-89.3763852712037,29.5612195441622],[-89.3764767637171,29.557095093358]]],[[[-89.3956111568482,29.5688942741951],[-89.3972515308627,29.5661712028392],[-89.3998601638876,29.5666752885558],[-89.4045374184842,29.5685925071201],[-89.4028818458734,29.5722306488094],[-89.4007388509828,29.5740259257901],[-89.3986562372523,29.5735311685943],[-89.3965950177986,29.5716598021986],[-89.3956111568482,29.5688942741951]]],[[[-89.5008365187011,29.5784850892392],[-89.4946016833182,29.575632070279],[-89.4867061944534,29.5768751064982],[-89.4799007680667,29.5763027994009],[-89.4783671848749,29.5744434105923],[-89.4852422396793,29.5718092007046],[-89.4936716925389,29.5701171558264],[-89.4884601559439,29.568653448006],[-89.4822045901393,29.5667149805453],[-89.4711957174678,29.5665305962767],[-89.4596440261078,29.5672507864977],[-89.454357427186,29.5689947630107],[-89.4506949050428,29.568473901332],[-89.4486514650451,29.5661468280779],[-89.4466445514453,29.5619881471776],[-89.4488254489527,29.5583582975898],[-89.4546097504745,29.5575394004791],[-89.4603620575992,29.5585544052949],[-89.4645044040716,29.5609164703439],[-89.4713248035775,29.5605727573153],[-89.4807634220306,29.5607326263662],[-89.4870645405051,29.5603796814038],[-89.4896438785702,29.5622569499048],[-89.4922382265855,29.5636747063545],[-89.4979129093881,29.5678943240089],[-89.5041394667956,29.5712074042857],[-89.5093047150006,29.5749604952684],[-89.5055815520842,29.577190513009],[-89.5008365187011,29.5784850892392]]],[[[-89.4579277103158,29.5736396125237],[-89.4642378137397,29.5728290483273],[-89.4662823029695,29.5751570707535],[-89.466755460901,29.5774567518188],[-89.4672436206978,29.579298031435],[-89.4635507858036,29.5801521232935],[-89.4609110782564,29.5810241003803],[-89.456715143684,29.5809537914435],[-89.4530612390793,29.5799751532697],[-89.4515569795934,29.5767397297427],[-89.4526484632063,29.5749254730738],[-89.4542355626328,29.574494547596],[-89.4579277103158,29.5736396125237]]],[[[-89.4141961655045,29.5820529795619],[-89.4116563245657,29.5783425498153],[-89.409626791387,29.5755571996587],[-89.4097101038414,29.5718907877997],[-89.416020668101,29.5710833590024],[-89.418629514925,29.57158699361],[-89.4191326020268,29.5725125171918],[-89.4190946320364,29.5743461296623],[-89.4185147856901,29.5766276586208],[-89.421085860153,29.5789647504107],[-89.4268309133817,29.5799808719142],[-89.434727243968,29.5787415629769],[-89.4389161986306,29.5792731504731],[-89.4398620797091,29.5838705766859],[-89.4371752932544,29.5865755807556],[-89.4319205027785,29.5869442062176],[-89.4256176469624,29.5872935359955],[-89.4203841285924,29.5867438266702],[-89.4162404678847,29.5843798198075],[-89.4141961655045,29.5820529795619]]],[[[-89.3878362506406,29.5875507591536],[-89.3941616281193,29.5862862967744],[-89.3940928872371,29.5894942376689],[-89.3924450958333,29.5926741352998],[-89.387675871718,29.5944241989016],[-89.3824574109088,29.5934141281768],[-89.3819622819821,29.5920292692367],[-89.3830529732809,29.5902156342278],[-89.3878362506406,29.5875507591536]]],[[[-89.4607356866888,29.5888133465105],[-89.4654890366747,29.5875204119858],[-89.4680753968705,29.5889378637046],[-89.4685486599049,29.5912375081013],[-89.4685028512153,29.5935267235448],[-89.4674039924339,29.5958014341097],[-89.4657856747546,29.5976056876843],[-89.4615670361617,29.598450839647],[-89.4573865139847,29.5979222682256],[-89.455326599783,29.5960547675158],[-89.4543190358856,29.5942028336526],[-89.453822724776,29.5928194931318],[-89.4559826340452,29.5901072581004],[-89.4607356866888,29.5888133465105]]],[[[-89.4132884430627,29.5989969023359],[-89.4090996896227,29.5984665497609],[-89.403843563352,29.5988323596914],[-89.4017911366083,29.5969632956576],[-89.3997847700824,29.5928026690192],[-89.4024470972085,29.5910147571301],[-89.4082371802875,29.5902002563828],[-89.4171262687386,29.5917296733781],[-89.4223443504587,29.5927378409332],[-89.4222991202842,29.5950282893086],[-89.4211841636929,29.5977584877419],[-89.4216727286298,29.599143574219],[-89.4179964424998,29.5995366548139],[-89.4132884430627,29.5989969023359]]],[[[-89.3641403544305,29.5912549612993],[-89.3672976002775,29.5908529073741],[-89.3704260712893,29.591825395576],[-89.3708770282569,29.595042066686],[-89.3702741527001,29.5982385939176],[-89.3697093288803,29.6000626378677],[-89.3670773971502,29.6004752839834],[-89.3665741016392,29.5995494302258],[-89.3645289422662,29.5972203574707],[-89.3630185580666,29.5944427170009],[-89.3641403544305,29.5912549612993]]],[[[-88.8252297640882,29.6096277293188],[-88.8173951711182,29.6085305161162],[-88.8131830435145,29.6088932482821],[-88.8127102179596,29.6070485309671],[-88.8127637279062,29.6052173528189],[-88.8139007767652,29.6024908288882],[-88.81552595398,29.6006961777574],[-88.8197376333244,29.6003332739483],[-88.8265276958248,29.6014054548059],[-88.8326999572599,29.6056709596262],[-88.8346754441979,29.6098436538202],[-88.8346145069806,29.6116751001744],[-88.830922172448,29.6125058234815],[-88.8288306141922,29.6120012005234],[-88.8273048966491,29.6105908035404],[-88.8252297640882,29.6096277293188]]],[[[-89.3961978878828,29.6119889554176],[-89.3988311751707,29.611576789086],[-89.4040646423366,29.6121287185404],[-89.4071778015645,29.6135570416083],[-89.4087023899253,29.6158753752995],[-89.4065588677236,29.6176718694918],[-89.4034008969362,29.6180751487881],[-89.4013179238795,29.6175804943529],[-89.3966329563479,29.6156647992312],[-89.3940627864885,29.6133283990354],[-89.3961978878828,29.6119889554176]]],[[[-88.7767683440659,29.6153870639702],[-88.7804831849896,29.6140996166796],[-88.7830933271842,29.614618156906],[-88.7835578918317,29.6164621093878],[-88.7824137148408,29.619644268739],[-88.781307395551,29.6214524813116],[-88.7786300692546,29.6232236795515],[-88.775981986714,29.6240778774034],[-88.7728310739897,29.6240050082488],[-88.7707487782628,29.6234979393024],[-88.7697639507253,29.6211839939947],[-88.7703745913194,29.6184463486793],[-88.772534145754,29.6166648297615],[-88.7767683440659,29.6153870639702]]],[[[-89.368190437635,29.6202018961542],[-89.3697866010628,29.6193133052699],[-89.3734252352059,29.6207532856201],[-89.374981119973,29.6216967190211],[-89.3749438857027,29.6230726665242],[-89.3748889923507,29.6253620252769],[-89.3743329621393,29.6267281727426],[-89.3711744694307,29.6271303811431],[-89.368062165399,29.6256998070592],[-89.3670465445118,29.6243049439574],[-89.3665738033986,29.6220059622404],[-89.368190437635,29.6202018961542]]],[[[-89.2731071038489,29.6235073405395],[-89.2747548386588,29.6203292046611],[-89.2768524479663,29.6203693128636],[-89.2799872961184,29.6208864526643],[-89.2809493810079,29.6245719962724],[-89.2787595183139,29.6281962471907],[-89.275089082013,29.6281280997679],[-89.2735708438429,29.6258082425457],[-89.2731071038489,29.6235073405395]]],[[[-88.7577482561648,29.6364868486668],[-88.759495583597,29.6310278930254],[-88.7616778097127,29.6283265019376],[-88.7653998623115,29.6265802267772],[-88.7680254591222,29.6266418775933],[-88.7695889777725,29.6271360846203],[-88.7711065323247,29.6290054872854],[-88.7700162542509,29.6303563783825],[-88.7694589825678,29.631260518321],[-88.7683675717184,29.6326089242542],[-88.7656898205189,29.6343787004859],[-88.7624862611291,29.6361379134021],[-88.7598615518539,29.6360774021208],[-88.7577482561648,29.6364868486668]]],[[[-89.2628901347279,29.6334003105487],[-89.2644851581935,29.6325132462398],[-89.2676285304593,29.6325727820656],[-89.2728765503329,29.6326698155399],[-89.2728233763563,29.6349606529056],[-89.2711906505981,29.6372191094709],[-89.2685581421496,29.6376302956577],[-89.2633170096593,29.6370726936525],[-89.2623021038311,29.635677870904],[-89.2618213829832,29.6338351110049],[-89.2628901347279,29.6334003105487]]],[[[-89.3968320310997,29.6298751195769],[-89.3994862230826,29.6285452693132],[-89.4016004808673,29.6281245288829],[-89.4058266724951,29.6268250299034],[-89.4126169460996,29.628318204507],[-89.4173243733099,29.6288589884689],[-89.4205221044301,29.627083061948],[-89.4237104733085,29.6253026226252],[-89.4247325387096,29.6262376002603],[-89.4262357830992,29.6294731759114],[-89.4304009297119,29.6309189884057],[-89.4356504066529,29.6310085359955],[-89.4413802055898,29.6329406334655],[-89.4408080137881,29.6352229601149],[-89.4386561192879,29.6374768900229],[-89.4349411175658,29.6392475449731],[-89.4302179006677,29.6391659413078],[-89.4255178845585,29.6381678112301],[-89.4192471273441,29.6366817309397],[-89.4098167572218,29.6360596256221],[-89.4009139514963,29.6349883443176],[-89.3962752489984,29.6312390351124],[-89.3968320310997,29.6298751195769]]],[[[-89.2486994113537,29.6340475277469],[-89.2523765634596,29.6336584795729],[-89.2539404225714,29.6341459402832],[-89.2555053794246,29.6346346190439],[-89.2580836026805,29.6365156390222],[-89.260158101929,29.6374713276734],[-89.2606622373648,29.6383989209318],[-89.2606387895392,29.6393141295673],[-89.257984582285,29.6406403491886],[-89.2553214385903,29.641964366789],[-89.2510795848356,29.6437170279306],[-89.2484260288599,29.6450407747568],[-89.2468380975934,29.6454706774124],[-89.2431752996675,29.6449422268707],[-89.2390333529453,29.6425720065763],[-89.2359661084083,29.6393066567605],[-89.2365230899356,29.6379412373682],[-89.2376067168831,29.6365860560134],[-89.2413070572014,29.6357410660475],[-89.2439537266921,29.63487332555],[-89.2486994113537,29.6340475277469]]],[[[-89.2726329182447,29.6427462317203],[-89.2731905375758,29.6413818786411],[-89.2768291303965,29.6428265762593],[-89.2773172910915,29.6442089346613],[-89.2772640389615,29.6465008593969],[-89.2756235239115,29.6492185808104],[-89.2724957985014,29.6482444298673],[-89.2720308107474,29.6459434447025],[-89.2726329182447,29.6427462317203]]],[[[-88.7463572716125,29.6481366181194],[-88.7500882687365,29.6463918965603],[-88.7516289396359,29.6473439165866],[-88.7531785757218,29.6482969222292],[-88.7525825884466,29.6505747819098],[-88.7499433803627,29.6509713576729],[-88.7467697708044,29.6518132056217],[-88.7457777324901,29.6499572990405],[-88.7463572716125,29.6481366181194]]],[[[-89.274838025349,29.6597466190564],[-89.2759822176112,29.6561010757021],[-89.277554060051,29.6561300993261],[-89.2791405692844,29.6557007168311],[-89.2812161779523,29.6566571453054],[-89.2811398220515,29.6598630449615],[-89.2774083065995,29.6620861156679],[-89.2748076164783,29.6611209679002],[-89.274838025349,29.6597466190564]]],[[[-88.724781146148,29.6664196185507],[-88.7264603507389,29.663250912194],[-88.7318311658203,29.6592550076142],[-88.7392396231723,29.6575953681086],[-88.7454190864011,29.6614079677292],[-88.7464265164495,29.6628066296715],[-88.7442894432532,29.6641311815569],[-88.7411385017829,29.6640562564465],[-88.7379575628702,29.6648993531335],[-88.7358216098731,29.6662238556082],[-88.733646665501,29.6684652886886],[-88.7309383670903,29.6711508835442],[-88.7277185275326,29.6733651480431],[-88.7251095513512,29.6728454273192],[-88.7241179909406,29.6709882102481],[-88.7242022367446,29.6682402473401],[-88.724781146148,29.6664196185507]]],[[[-89.3417316676657,29.6733481367874],[-89.3370478805204,29.6714288427949],[-89.3318298473093,29.6699610053628],[-89.3270994537704,29.6703325705218],[-89.3277017948297,29.6671352316015],[-89.3240554773959,29.6656951620001],[-89.3198665424962,29.66516121156],[-89.3156554066326,29.6655422026913],[-89.3125651355799,29.6631935903114],[-89.312588374098,29.6622760626223],[-89.3126187021203,29.660902898909],[-89.3137013454125,29.6595479805985],[-89.3158231149096,29.6586687257591],[-89.3189815501261,29.6582705183692],[-89.3226663217422,29.6578796168993],[-89.3247569619198,29.6583756307785],[-89.3294788960236,29.658460997109],[-89.3321582668856,29.6562202107596],[-89.3363912425904,29.6549209064964],[-89.3368728330075,29.6567632539362],[-89.3362924557569,29.6590453809189],[-89.335704547031,29.6617820873881],[-89.3356510703222,29.6640715933603],[-89.3387797174038,29.6650449057504],[-89.3408320237733,29.6669162600484],[-89.3449671181464,29.6697387890129],[-89.3517577160427,29.6716949037394],[-89.3591649975001,29.6690815339992],[-89.3638803253934,29.6696233002587],[-89.363819692705,29.6723719208205],[-89.3611489995686,29.6741556894171],[-89.3574404962593,29.675464253255],[-89.3527108357457,29.6758360158379],[-89.347454646593,29.6757425065365],[-89.3417316676657,29.6733481367874]]],[[[-89.1999927341909,29.6706972031798],[-89.2005344668162,29.6702503723137],[-89.2031365978351,29.6712176710443],[-89.2078136655821,29.6731405641124],[-89.2077299048684,29.6763468851936],[-89.2061047267553,29.6781486660955],[-89.2023738410223,29.6803667763426],[-89.2003219927936,29.6784936064223],[-89.1993074651562,29.677100448833],[-89.1983297298178,29.6743324652052],[-89.1999927341909,29.6706972031798]]],[[[-88.7150230292876,29.6762724164035],[-88.7176710219967,29.675418678552],[-88.7192349682451,29.675914802633],[-88.7202265187742,29.6777720184692],[-88.7185259863818,29.6818562823654],[-88.7164269721091,29.6818063900096],[-88.7143671800784,29.6803815894235],[-88.7139247535128,29.6776218068623],[-88.7150230292876,29.6762724164035]]],[[[-88.7063102253294,29.6861482949294],[-88.7074020494039,29.6848005945933],[-88.7115977504143,29.684899276693],[-88.713627682445,29.6872398723177],[-88.7114686175922,29.6890213824441],[-88.7093394190277,29.6898871030606],[-88.707271461311,29.6889225420704],[-88.7063102253294,29.6861482949294]]],[[[-89.3608516024124,29.6869806233127],[-89.3613855098133,29.6865320761126],[-89.3640102891571,29.6865797856596],[-89.366604074827,29.6880004918251],[-89.3681151767805,29.6907766653113],[-89.36751198861,29.6939740085771],[-89.3632932574906,29.694815171202],[-89.3617370771778,29.6938704480401],[-89.3597147224366,29.6906275945405],[-89.3592351415508,29.688785632521],[-89.3608516024124,29.6869806233127]]],[[[-88.7008405838887,29.6928925327452],[-88.7008865120543,29.6915172665114],[-88.7040372298441,29.6915934416028],[-88.705066734194,29.6920757498453],[-88.7061053151216,29.692558037044],[-88.706074003444,29.6934736161216],[-88.7055244446959,29.6943782791437],[-88.7044258841552,29.6957264050776],[-88.703366268277,29.6961597641604],[-88.7023054315882,29.6965929301928],[-88.7012680786577,29.6961108324748],[-88.7007712860511,29.6951808130034],[-88.7008104759537,29.6938082929382],[-88.7008405838887,29.6928925327452]]],[[[-88.694309227207,29.7000682891347],[-88.6959274802076,29.6987315305684],[-88.6990626248037,29.6992661220481],[-88.700085656792,29.7002056592956],[-88.7000159214748,29.702497339668],[-88.6989184209461,29.7038454822706],[-88.6962628320829,29.7046989770914],[-88.6936387830694,29.7046358151199],[-88.6931418934447,29.7037069209242],[-88.6926620996582,29.7023198783847],[-88.694309227207,29.7000682891347]]],[[[-89.3233225608202,29.6963867141349],[-89.3213544643221,29.6908513278151],[-89.3161812956712,29.6875489001474],[-89.3093991985325,29.6855913316835],[-89.3057677230638,29.6836911211717],[-89.3058440008112,29.6804853230739],[-89.3058817192734,29.6791118031043],[-89.3069655878676,29.6777548011324],[-89.3090862802847,29.6768789819149],[-89.3122676225409,29.6755612414803],[-89.316463687369,29.6756374801773],[-89.3217131175976,29.6757352635582],[-89.3274804391639,29.6762980851296],[-89.3332563126917,29.676402671384],[-89.3374450463688,29.6769371537499],[-89.3362847679747,29.6814979618588],[-89.3351792454906,29.6837694218459],[-89.333004607444,29.6869385781459],[-89.3350645611715,29.6888074304298],[-89.3387110196408,29.6897927515283],[-89.3386731448718,29.6916238939868],[-89.3354990735795,29.6924822099455],[-89.3328747460882,29.6924349206953],[-89.3286477486716,29.6932759768104],[-89.3311959259762,29.6965302820446],[-89.3326993338593,29.6997649663957],[-89.3305551433111,29.7015586673523],[-89.3309902081829,29.7052323180383],[-89.3278384887715,29.7051752104767],[-89.3231465619914,29.7037144482481],[-89.3221548955796,29.7014064594107],[-89.3233225608202,29.6963867141349]]],[[[-89.3642011290527,29.7007874713095],[-89.366886407236,29.698544140911],[-89.371082027398,29.6986190918219],[-89.3726699820207,29.6981894748334],[-89.3731426629468,29.7004905499923],[-89.3720514757779,29.7023027479637],[-89.3714336226103,29.7059573354644],[-89.369281605041,29.7082109063682],[-89.3661007936891,29.7095282787728],[-89.3613858835124,29.708986772074],[-89.3593483553277,29.7062022708509],[-89.3599364679712,29.7034621277047],[-89.3642011290527,29.7007874713095]]],[[[-89.4250991824995,29.7027734214879],[-89.4282572278472,29.7023716480693],[-89.430310128003,29.7046962984298],[-89.4291732318575,29.7083438937069],[-89.4270441779218,29.7096813006688],[-89.4249313322887,29.7101028157853],[-89.4244351020274,29.7087194202441],[-89.4223904034901,29.7063920579903],[-89.423480693242,29.7045781032906],[-89.4250991824995,29.7027734214879]]],[[[-89.2358291000561,29.7080443621909],[-89.2355080709196,29.6997906103948],[-89.234608357857,29.6938151686287],[-89.2358366485995,29.6865096440176],[-89.2383694395599,29.6902214781097],[-89.2451513246962,29.6921828777229],[-89.2488827934358,29.6899643898727],[-89.2416122131068,29.6866183932754],[-89.2406667632197,29.6824768496408],[-89.2391714347843,29.6792390098077],[-89.2377437512864,29.6732554532963],[-89.2409944623471,29.6691920887752],[-89.2337147964573,29.6663032197476],[-89.2311518715107,29.6639632318634],[-89.2327923641028,29.6612450226372],[-89.2375294186495,29.6608764807723],[-89.2416732194944,29.6632479966893],[-89.2468614564858,29.6656363045645],[-89.2514689676803,29.6703071828268],[-89.2582202211638,29.6736421528544],[-89.2593353547232,29.6709125034703],[-89.2573509196667,29.6662924479281],[-89.2542997630581,29.66211068737],[-89.2496460739664,29.6592737331557],[-89.2502255268506,29.6569918837951],[-89.2544368621402,29.656612517586],[-89.2550318145562,29.6538757673124],[-89.2593653979796,29.6484574930849],[-89.2651411834725,29.6485639078093],[-89.267635564268,29.653654376504],[-89.2684971672031,29.6614597904924],[-89.2708246616801,29.6734213417538],[-89.2691839768485,29.6761389940249],[-89.2717559065076,29.6784776325012],[-89.2758986958494,29.6808474448778],[-89.2731823880596,29.6844626388652],[-89.2762344366952,29.6886437134415],[-89.2830698820838,29.6883141294549],[-89.2891889183384,29.6957593681168],[-89.2890430346312,29.7017128585647],[-89.2852061881189,29.7085153310454],[-89.2799647250486,29.7079588421182],[-89.2752956774604,29.7055794663963],[-89.2705881694017,29.7045766956846],[-89.2653014087832,29.705853248902],[-89.2553144703587,29.706123428213],[-89.2479824344844,29.7050689547456],[-89.2459989399641,29.7004478558055],[-89.242297819908,29.7012930045932],[-89.2411234667101,29.7063124922042],[-89.2431223332017,29.7104753841586],[-89.2383386093793,29.7126757957386],[-89.2358291000561,29.7080443621909]]],[[[-89.4104125468677,29.7016024971729],[-89.4146311423414,29.7012191995907],[-89.417728353778,29.7035638727924],[-89.4181866275236,29.7063195886315],[-89.4155240120383,29.7081078817102],[-89.4128613561288,29.7094350411324],[-89.4091453213442,29.7112035259537],[-89.4085662466508,29.7134848353903],[-89.4058804393598,29.7161879469036],[-89.4027372216042,29.7156754107802],[-89.4006762554755,29.7138057530624],[-89.3996928805137,29.7110396870786],[-89.3997547214362,29.7082902186325],[-89.4013934030246,29.7055705058715],[-89.4051254215332,29.7033440676619],[-89.4104125468677,29.7016024971729]]],[[[-89.3275260367494,29.7184582957103],[-89.3260160765546,29.7156805201997],[-89.3266029854556,29.7129438704262],[-89.3282138111854,29.7115986899487],[-89.3318905374899,29.7116630084997],[-89.3381923853964,29.7117778739313],[-89.3439684520619,29.7118827868395],[-89.3482248540327,29.7096678229792],[-89.3467363842345,29.7059751355042],[-89.3441737512403,29.7031796877137],[-89.3436932019707,29.7013375539613],[-89.3463327011087,29.7009273663109],[-89.3541075462309,29.7051910912041],[-89.3550536994989,29.7097900552742],[-89.3576010422686,29.7130445690166],[-89.3575407186006,29.7157919451121],[-89.3532915965769,29.7175482175453],[-89.3469892366308,29.7174354628329],[-89.3401612400725,29.7173116280138],[-89.335903533748,29.7195262063513],[-89.3316694046063,29.7208243456412],[-89.3275260367494,29.7184582957103]]],[[[-89.1735885602313,29.7173845466187],[-89.1751835118317,29.7164988540689],[-89.1778075006581,29.7165502879894],[-89.1799124662695,29.7165931711545],[-89.1798515146792,29.7188818624602],[-89.1771816461963,29.7206620203448],[-89.1734659815175,29.7219642414294],[-89.1724434642639,29.7210277576193],[-89.1719403582974,29.7201009966473],[-89.1719705066567,29.7187277139943],[-89.1735885602313,29.7173845466187]]],[[[-88.6882600574237,29.7086322193336],[-88.692479238599,29.7082730182279],[-88.6924027578323,29.7105650489727],[-88.6912957657044,29.7123710731521],[-88.6885567467075,29.7159712721857],[-88.6863370904888,29.71958365994],[-88.6841473832034,29.7222813631762],[-88.6805010244471,29.7212782436011],[-88.6800345850156,29.7194336317649],[-88.6795549583158,29.7180465139025],[-88.6817446817709,29.7153489020328],[-88.6844983477984,29.7112914939254],[-88.6882600574237,29.7086322193336]]],[[[-89.3829471274859,29.7079951522863],[-89.3872348941349,29.7044043987862],[-89.3887982960042,29.7048917117993],[-89.3897750926031,29.7081148773595],[-89.391781504943,29.7122739800151],[-89.3932763303219,29.7159665169831],[-89.3906142376561,29.7172943246119],[-89.3905380218925,29.7205010631613],[-89.3878295384288,29.7241199126479],[-89.3836018816488,29.7249610942539],[-89.3831145527937,29.7235784230273],[-89.3831519658286,29.7217449899091],[-89.3832211657499,29.7189986068327],[-89.3833124013451,29.714875863402],[-89.3823591262336,29.7107342229973],[-89.3829471274859,29.7079951522863]]],[[[-89.0612911439305,29.7110015265506],[-89.0639615540975,29.7096833183429],[-89.065518249145,29.7101717752983],[-89.0691566012171,29.711622967111],[-89.0769617321408,29.7145326395616],[-89.0763667743349,29.7172696790201],[-89.0757258290746,29.7213804824066],[-89.0755966315738,29.7264185346117],[-89.0754669534743,29.7309987290663],[-89.0712322062918,29.7322869762935],[-89.0681117141163,29.7308483084225],[-89.0676542784989,29.7285481950084],[-89.0677528542283,29.7248835145261],[-89.067875102362,29.7203035456883],[-89.0653500683541,29.7165856260718],[-89.0612911439305,29.7110015265506]]],[[[-89.2972601302492,29.709654844635],[-89.3010212990887,29.7060589305556],[-89.3025783489706,29.7070046400251],[-89.3057067112863,29.7079799906061],[-89.3072471656917,29.7093804303627],[-89.3103140230549,29.7131018125395],[-89.3123136854538,29.7172620177427],[-89.3153577660329,29.7218994941632],[-89.3200424550867,29.7238185660552],[-89.3236045249199,29.7284656348791],[-89.3214069286296,29.7325495975214],[-89.3177144620448,29.7329409145203],[-89.311488647544,29.729620330818],[-89.3047520922952,29.7258312551456],[-89.3032412454632,29.7230541439626],[-89.299695484544,29.7174892601858],[-89.2950789749253,29.7128213751404],[-89.2972601302492,29.709654844635]]],[[[-89.1572459872727,29.7188969647624],[-89.160419611204,29.7185008215266],[-89.1656226560245,29.7204360044531],[-89.1671259713812,29.7232157757599],[-89.1723446882102,29.7246923097721],[-89.1765106495948,29.7261476742825],[-89.1780055953479,29.7293851590617],[-89.1784634486819,29.732143453269],[-89.1726501163051,29.7334046853105],[-89.1684299766274,29.7337809683377],[-89.1663550776285,29.7328223384294],[-89.1669119450698,29.7314584946441],[-89.1674999768649,29.7291792381307],[-89.1633193971956,29.7281819109987],[-89.1570322268627,29.7271420338742],[-89.1544456187319,29.725715313648],[-89.155087216169,29.7211465060177],[-89.1556513743371,29.7197824582778],[-89.1572459872727,29.7188969647624]]],[[[-89.3075600623799,29.7400873802611],[-89.3123448120784,29.7378837757147],[-89.317601490813,29.737978948652],[-89.3228726845259,29.7371589545684],[-89.3233449405489,29.7394590327913],[-89.3211942228417,29.7412529558042],[-89.3180056689104,29.7430290446817],[-89.315350144726,29.7438967705799],[-89.3100398248908,29.7460908306021],[-89.3069046228026,29.7455737901383],[-89.3053780859959,29.7432562311096],[-89.3048902630673,29.7418708239296],[-89.3075600623799,29.7400873802611]]],[[[-89.1030773393834,29.740266616338],[-89.1041528141196,29.7393719295678],[-89.1052067643234,29.7393925792576],[-89.1073040475424,29.7394361070798],[-89.1114696792453,29.7408942450596],[-89.1171756386912,29.7437590429276],[-89.1229058787009,29.7457073176089],[-89.1233258635541,29.7498394408491],[-89.1206781924419,29.750702832336],[-89.1170089095778,29.7501715315162],[-89.1133701739251,29.7487234444274],[-89.1066250334771,29.7453794301357],[-89.1024822917459,29.7430036956375],[-89.1030773393834,29.740266616338]]],[[[-89.316204120066,29.752158675009],[-89.3193945568661,29.7508427427759],[-89.3230176995622,29.753198850391],[-89.3240319002129,29.7545926656876],[-89.3265805895573,29.7578468078735],[-89.3265507178791,29.7592210936141],[-89.3217970202451,29.7600511909908],[-89.318149425407,29.7586088732479],[-89.316204120066,29.752158675009]]],[[[-89.2467236396498,29.7559094915534],[-89.2436796408174,29.7512698999728],[-89.243840005367,29.7448559147062],[-89.2398352592365,29.7369907314648],[-89.2336163437971,29.7332081129115],[-89.2352878597076,29.7295722345165],[-89.2337920102492,29.7263368238195],[-89.2250026725239,29.7206718025751],[-89.2271610429789,29.7184196199746],[-89.2287493596227,29.7179934424019],[-89.2324106744301,29.7185208849304],[-89.2344775739314,29.7199349356027],[-89.2386220781571,29.7223040587686],[-89.2443203309561,29.7256193536504],[-89.249973665296,29.7307680482599],[-89.2509427992656,29.7339942738299],[-89.2508433952895,29.7381162255977],[-89.249676670585,29.7426753594184],[-89.2517597658125,29.7436319046824],[-89.26372965348,29.7484387982592],[-89.2674153377845,29.7480499057012],[-89.2715948134242,29.7490459465104],[-89.273112888101,29.7513631564555],[-89.2745931562807,29.7555137619733],[-89.2788285771997,29.7542192004822],[-89.2794463647903,29.7505662792214],[-89.2784925731474,29.7464245723491],[-89.281200483486,29.7432649020216],[-89.283940770904,29.7387345529709],[-89.2797360319435,29.7386561321287],[-89.2686735783586,29.7398255189841],[-89.2661030931905,29.7374849064066],[-89.2656520131537,29.7342702588909],[-89.268360897266,29.7311132993482],[-89.2726490537838,29.7275272435701],[-89.2774542536297,29.7244099848905],[-89.2785238479941,29.7239716613432],[-89.2838254397979,29.7217771868965],[-89.2896846581195,29.7186792192715],[-89.2938732112351,29.7192154162242],[-89.2948109850181,29.7238153043739],[-89.29735257857,29.7275273317204],[-89.2993208762907,29.7330631067736],[-89.2987174177273,29.736258862596],[-89.2970625799385,29.7394363535594],[-89.2964057695319,29.7449226321444],[-89.2988783329441,29.7513821331182],[-89.2998618929588,29.7541504092802],[-89.3061795287563,29.7538088912677],[-89.3082243521595,29.7561364046942],[-89.3071180229882,29.7584085204096],[-89.3064999560216,29.7620614482815],[-89.3058359420248,29.7680056866121],[-89.3036542566949,29.7711745321054],[-89.2988478575981,29.77429294441],[-89.2945983636718,29.7760467741141],[-89.2992741099971,29.7784233166854],[-89.2986799741496,29.7811622613408],[-89.2913551427639,29.7796513140235],[-89.2882351913743,29.7782189740017],[-89.2835049433625,29.7781311684275],[-89.2788052757995,29.7766700439908],[-89.267872354787,29.7723434912663],[-89.2589916143798,29.7698849521014],[-89.2527654189933,29.7665607447606],[-89.2507982324886,29.761025417661],[-89.2467236396498,29.7559094915534]]],[[[-89.250363436213,29.7784264830269],[-89.2545970955357,29.7775915033776],[-89.2608529101737,29.7795423926832],[-89.2670866550018,29.782865656137],[-89.265942210313,29.786509608896],[-89.2622415834321,29.7873545752374],[-89.2570083372517,29.7863415785546],[-89.251796806945,29.7844096479074],[-89.2476695252198,29.7811257110104],[-89.2492947617234,29.7793233660806],[-89.250363436213,29.7784264830269]]],[[[-89.0846525066305,29.7806741384089],[-89.0872996180923,29.7798116063131],[-89.0909922823065,29.7794288219497],[-89.0946625452326,29.7799622474297],[-89.0994378293828,29.7782265004129],[-89.0995217095725,29.7750203570671],[-89.0980348693182,29.7717825765608],[-89.0944481595951,29.7680442137844],[-89.0923953861016,29.7661699122189],[-89.0929615259533,29.7648062943267],[-89.0951270344216,29.7625587039265],[-89.0957762594538,29.7579899938668],[-89.0947916645799,29.7552203022155],[-89.0901913354161,29.7505452504558],[-89.0892377988948,29.7468589097873],[-89.0903369765781,29.7450492555428],[-89.0919385721184,29.7441655410458],[-89.0950670584016,29.7451465275558],[-89.0971032355202,29.7474778734967],[-89.1027883378817,29.751258904072],[-89.1090515222983,29.7527595163386],[-89.1090207145757,29.7541349745953],[-89.1079444547119,29.7550296247779],[-89.109455641107,29.7573511119599],[-89.1146737318103,29.7588294494745],[-89.119396050393,29.7593834454129],[-89.1215101455827,29.7589673849173],[-89.1225856840993,29.7580725164335],[-89.1273242729685,29.7577079841918],[-89.1324965028799,29.7610201842186],[-89.1391788088687,29.7666507399829],[-89.1448787325342,29.7699718182761],[-89.1453368607527,29.7727302809443],[-89.1510278093502,29.7760499662613],[-89.1552013129899,29.7775080246003],[-89.1614348952229,29.780380558209],[-89.1660968488153,29.7832209140247],[-89.1670876267933,29.7855303495921],[-89.1649509344827,29.7868626163161],[-89.1571007728104,29.7853345686206],[-89.1424527162268,29.7822953531698],[-89.1414529964184,29.7804434666536],[-89.1399581934974,29.7772055729961],[-89.1368911403016,29.7739386786303],[-89.1322060667688,29.7720119980626],[-89.1232263562718,29.773665459322],[-89.1211439024414,29.7727062829031],[-89.113750787416,29.7739330466407],[-89.107624475706,29.7669371497661],[-89.1034819441806,29.7645627208344],[-89.1028715524198,29.7677580340818],[-89.104816812845,29.7737533374283],[-89.1078381885053,29.7788539444468],[-89.1082280672201,29.7839015723536],[-89.1050379367455,29.7852120183023],[-89.1013299787135,29.786053626012],[-89.0960661008802,29.786405114756],[-89.0928618066685,29.7881735887256],[-89.0875207222298,29.7912714796871],[-89.0838511617864,29.7907390647992],[-89.0833856125853,29.788438315838],[-89.0828898135154,29.7875107551495],[-89.0835454965362,29.782484013182],[-89.0846525066305,29.7806741384089]]],[[[-88.7697106563744,29.7944207240819],[-88.7723810836094,29.7931078354363],[-88.7744259591149,29.7949893699884],[-88.7759523620726,29.796858072826],[-88.7753798747251,29.7982182561326],[-88.774303947238,29.7991095347396],[-88.7721442167336,29.8008933356331],[-88.7705803504353,29.8003994547015],[-88.7690619757212,29.7985292815357],[-88.7691315071209,29.7962401469883],[-88.7697106563744,29.7944207240819]]],[[[-88.7829552085143,29.774108318095],[-88.7871753392089,29.7737472906112],[-88.7903097669494,29.7742775120481],[-88.7934083402319,29.7761838726117],[-88.7944076827479,29.7780374838532],[-88.7948650312287,29.7803403111299],[-88.7936822141042,29.7844379772083],[-88.7919733992449,29.7889798371492],[-88.791302572425,29.7935473144968],[-88.7901426093396,29.7971862977484],[-88.7884790749605,29.7998974096763],[-88.786861514561,29.8012346322965],[-88.7836647994353,29.8025342039996],[-88.7831537882944,29.8020644578131],[-88.7831845555929,29.801148937579],[-88.7832690708914,29.7984014106473],[-88.7823150196355,29.7951726052519],[-88.7818874386283,29.7919540517371],[-88.7814685470248,29.7882798234663],[-88.7810563137341,29.7846040320013],[-88.7812011940232,29.7800240817345],[-88.7823752238275,29.7759277780613],[-88.7829244996063,29.7750238673734],[-88.7829552085143,29.774108318095]]],[[[-89.1633642159418,29.8074495061119],[-89.1586795915666,29.8055243045843],[-89.151859531624,29.8049321218806],[-89.1477465142472,29.8011854501963],[-89.1478306360837,29.797980640885],[-89.1546680236299,29.7981161744263],[-89.1588331837173,29.7995707768739],[-89.1599694187027,29.7963869217341],[-89.1589788042181,29.794077409247],[-89.1647616055534,29.7941899506971],[-89.1673775867973,29.7946994099913],[-89.1736643960076,29.7957382112784],[-89.1773417646075,29.7958116006054],[-89.1789896135034,29.7930951469806],[-89.1863062711183,29.7950690088611],[-89.2035187151058,29.8009006405149],[-89.2198759764176,29.7989248419388],[-89.2198149718267,29.8012133935645],[-89.2160687302922,29.8038902629894],[-89.2113229773587,29.8042584645725],[-89.2091719829704,29.8060500666666],[-89.189716831994,29.8056734961366],[-89.178005609721,29.8109421245282],[-89.172184222151,29.812203847947],[-89.167988451072,29.8116641959293],[-89.1659354062874,29.8097905185126],[-89.1633642159418,29.8074495061119]]],[[[-89.0577434992442,29.8030338325835],[-89.0635416375163,29.8026939038555],[-89.0687759796414,29.8037185732472],[-89.0681652537072,29.8069113117754],[-89.066508727984,29.8096285212509],[-89.0627713770759,29.8118397606318],[-89.0590483884326,29.813138238968],[-89.0527303097656,29.8134663434413],[-89.0474970051947,29.8124398409299],[-89.0464905758695,29.8105873267153],[-89.0444761038449,29.807338661673],[-89.0450561918379,29.805516835569],[-89.0471918591708,29.8041892891521],[-89.0508997183881,29.8033507781352],[-89.0577434992442,29.8030338325835]]],[[[-88.7744638060361,29.8110267929055],[-88.7766607303865,29.8078714333061],[-88.7823913836212,29.8098363213619],[-88.7827496748757,29.8153439215041],[-88.7806207727552,29.8162101425453],[-88.7780036183115,29.8156923541888],[-88.7770199487023,29.8133791931095],[-88.7744638060361,29.8110267929055]]],[[[-88.7231109875919,29.821277844578],[-88.7284354379265,29.8191126631865],[-88.7289317032221,29.8200422214508],[-88.7325559140151,29.8219608540689],[-88.7329987843484,29.8247201773974],[-88.731335317343,29.8274304455069],[-88.7281692141073,29.8278138364465],[-88.7244991308443,29.8272678962385],[-88.7219134120457,29.8258320022314],[-88.7214629329818,29.8235307308557],[-88.7231109875919,29.821277844578]]],[[[-89.1073648041984,29.816415934497],[-89.1089521192206,29.8159881510727],[-89.1126220264137,29.8165207020388],[-89.1147278023055,29.8165626289773],[-89.1162078270418,29.8202579970262],[-89.1171607464204,29.8239436675241],[-89.1181080791764,29.8280852129161],[-89.1170166449708,29.8294371434636],[-89.1148884408413,29.8303104515949],[-89.1133847490905,29.827531223115],[-89.1123768680878,29.8256793945736],[-89.1114004532729,29.8229110245535],[-89.1082966652701,29.8210147623119],[-89.1067775880736,29.8186937318235],[-89.106799913005,29.8177773716544],[-89.1073648041984,29.816415934497]]],[[[-88.7285047133063,29.8337770263343],[-88.7317168731666,29.832019685631],[-88.7347757588799,29.8352988769078],[-88.7357675025469,29.8371555789706],[-88.7330818946819,29.8389258743133],[-88.7294203526007,29.8383799091067],[-88.7284050982261,29.8369817052638],[-88.7285047133063,29.8337770263343]]],[[[-89.1201444287714,29.810715195277],[-89.1129498557969,29.8041569331168],[-89.1151772662731,29.7996193213329],[-89.1173130108611,29.798289155348],[-89.1198926857945,29.8001724695691],[-89.1240506467832,29.8020888144072],[-89.1251188640303,29.8016519421416],[-89.1283457427866,29.7989661089725],[-89.1292757668036,29.8035679795779],[-89.1291851905718,29.8067721375338],[-89.1296503741585,29.8090736333352],[-89.1327939242907,29.8095936789639],[-89.1365244875285,29.807834576267],[-89.1401946687078,29.808367353053],[-89.1432691725306,29.8116347199912],[-89.1441609121468,29.8176074531449],[-89.1445654262142,29.8221974849133],[-89.1428724136191,29.8267458726731],[-89.1417353423021,29.829931658715],[-89.1437874321776,29.8318022849356],[-89.1521804044535,29.83288580346],[-89.1531113240909,29.8374849994358],[-89.152492740593,29.8411382561977],[-89.1539886412553,29.8443757798796],[-89.1502731840873,29.845675036211],[-89.146122900101,29.8433042997873],[-89.1425365488057,29.8395671334434],[-89.1373254739448,29.8376304372577],[-89.1295051552046,29.8347273151328],[-89.1285977525631,29.8292104681641],[-89.1282382755325,29.8227889146147],[-89.1225630447575,29.8185522451858],[-89.1201444287714,29.810715195277]]],[[[-88.6820943968093,29.8367947345667],[-88.6837048928574,29.8359173281678],[-88.6852381966732,29.8373293284763],[-88.6862076989519,29.8401007875883],[-88.6855745555599,29.8432928075232],[-88.6839409000455,29.8450878396597],[-88.6817903224755,29.8464095648632],[-88.6791658665252,29.8463462070331],[-88.6776164936457,29.8453924601597],[-88.6766097076893,29.8439946007062],[-88.6756101567642,29.8421363941267],[-88.6751754871511,29.839377678757],[-88.6773184326344,29.8380541017667],[-88.6820943968093,29.8367947345667]]],[[[-88.662777137229,29.831746859477],[-88.6638611082312,29.8308565661057],[-88.665410171192,29.8318105343833],[-88.6675006020621,29.832319260438],[-88.668492362797,29.8341756173373],[-88.6688958932092,29.8378521305269],[-88.669864794515,29.8406237574686],[-88.670284325719,29.8438419389758],[-88.6686211497677,29.8465501495229],[-88.666531708841,29.8460415894425],[-88.664997241707,29.844629209726],[-88.6634948731747,29.842302508187],[-88.6599694384355,29.8371764617488],[-88.6600768212479,29.8339714064492],[-88.662777137229,29.831746859477]]],[[[-89.1121565329082,29.8540764560895],[-89.1080069702691,29.8517029974258],[-89.1058616882677,29.8530342337411],[-89.0990639541548,29.8515222810571],[-89.0948918438021,29.8500622949363],[-89.0875360250307,29.8494563118192],[-89.0807687509924,29.8465699504158],[-89.0809599412309,29.8397006462076],[-89.080655507571,29.8314484020024],[-89.0822570087882,29.8305648499365],[-89.0849128141453,29.8297021112751],[-89.0885665597482,29.8306949131363],[-89.0922127424347,29.8321421396412],[-89.0974695118991,29.8322487360239],[-89.0984844249139,29.8336438913889],[-89.0963103770605,29.8363482547005],[-89.0936320293796,29.838126457948],[-89.0935712853001,29.8404162021381],[-89.0967142578156,29.8409383934967],[-89.0998646800597,29.8410013643749],[-89.1024902517177,29.8415124326643],[-89.1061224602116,29.8434186566642],[-89.1113325747734,29.8453569150587],[-89.1140325925139,29.8426607184969],[-89.1173128859953,29.8381458186878],[-89.1226088830915,29.8368789205158],[-89.1267820759142,29.8383378744363],[-89.1293375897597,29.8411369112878],[-89.1324352413708,29.8434893563018],[-89.1371199969,29.8454156218546],[-89.1444437206629,29.8469354851155],[-89.1449018911022,29.8496925549805],[-89.1422236808636,29.8514709148777],[-89.1374554763361,29.8527507529273],[-89.1316647249106,29.8526337709867],[-89.1274307646522,29.8534658538416],[-89.1237605026245,29.852935019833],[-89.1238445624772,29.8497302855819],[-89.1254999859677,29.8470144514928],[-89.1223800821887,29.8455781299087],[-89.1186568581868,29.8468764979358],[-89.1154055129154,29.8504769412216],[-89.1121565329082,29.8540764560895]]],[[[-88.7159391500789,29.8485995136989],[-88.7191059054915,29.8482175870804],[-88.7212113454135,29.8482678851599],[-88.7238582673307,29.8478703477088],[-88.7291907818416,29.8457059903257],[-88.7312897817412,29.8457553476536],[-88.732814720445,29.8476244667564],[-88.7332809577556,29.8494695876073],[-88.7316170784234,29.8521786973353],[-88.7283897020005,29.8543932514752],[-88.7251780892141,29.8561493952771],[-88.7220200995621,29.8560758071692],[-88.7188689514792,29.8559995140057],[-88.7162745953791,29.8545648775451],[-88.7136885729499,29.8531276867917],[-88.7131921549407,29.8521991913078],[-88.7132224847596,29.8512836830286],[-88.7117200874813,29.8489577777775],[-88.7159391500789,29.8485995136989]]],[[[-89.1191681163644,29.8675019068988],[-89.1128729249743,29.8664601752984],[-89.1081276526393,29.8668236078551],[-89.100788470667,29.865758277513],[-89.1024521595563,29.8625860443671],[-89.1035734618468,29.8598600271296],[-89.1083267130181,29.8594977050843],[-89.1136055028851,29.8586870221268],[-89.1198620469551,29.8611043287508],[-89.1223493723824,29.866649880071],[-89.1191681163644,29.8675019068988]]],[[[-88.6965682017874,29.8618838801634],[-88.7002677399102,29.8615140796013],[-88.7044490544013,29.8625287351371],[-88.7065323831908,29.8630379996132],[-88.7080427072033,29.8653636313163],[-88.7058916795773,29.8666881550204],[-88.7042740850419,29.8680229174085],[-88.7000315063467,29.8688393357891],[-88.6974451048284,29.8674029161446],[-88.6969489087031,29.8664742839221],[-88.6970099321587,29.8646431913089],[-88.696537659966,29.8627994914338],[-88.6965682017874,29.8618838801634]]],[[[-89.0844768509582,29.8654282297354],[-89.0808216985936,29.8644364111818],[-89.0744901919097,29.8647669062826],[-89.0714004418799,29.862412327902],[-89.0703932876143,29.860559011449],[-89.070957960517,29.8591965952405],[-89.0720334289651,29.8583022523113],[-89.075237595616,29.8565355064082],[-89.0778924038432,29.8556727739238],[-89.0826144295752,29.8562282343872],[-89.0873678047139,29.8558658212487],[-89.0915877683218,29.8554937927724],[-89.0936177488616,29.8582840999254],[-89.0945475968088,29.8628838369744],[-89.0912824722793,29.866941940318],[-89.0859567660999,29.8691239378299],[-89.0859952175874,29.8677505775594],[-89.0844768509582,29.8654282297354]]],[[[-89.1756556070562,29.8612929514792],[-89.1725813808128,29.858024718331],[-89.1688883860186,29.8584107341726],[-89.1646161485459,29.8606177147592],[-89.1582835135781,29.8614077341467],[-89.1550796254049,29.8631771212011],[-89.1545150108926,29.8645399426917],[-89.1534544212406,29.8649779750099],[-89.15084491146,29.864009058515],[-89.1488085322205,29.8612205450864],[-89.1473201046431,29.8579849395607],[-89.1474267436505,29.8538640125554],[-89.1532331356434,29.8530630656075],[-89.1595048971744,29.8550206454026],[-89.1695671260978,29.8524701065183],[-89.1769672354059,29.8512395867644],[-89.1812328244471,29.8490324572601],[-89.1834072433047,29.8463253027973],[-89.185055474883,29.8436089194942],[-89.1814008354564,29.8426208517893],[-89.1729465217213,29.8438306407908],[-89.168705356076,29.845121336405],[-89.1655700650546,29.8441446636287],[-89.1650660302301,29.8432179172627],[-89.1682941908823,29.8405343321445],[-89.1725506799897,29.8387842900848],[-89.1794397098849,29.8370849488772],[-89.1826287659745,29.8357719852578],[-89.1843007202627,29.8321406029081],[-89.1775091189483,29.8301759155395],[-89.1695295351964,29.8336852773486],[-89.1652789174777,29.8349770352744],[-89.1610766488843,29.8348929973395],[-89.1616941993196,29.8312396204977],[-89.1707573291705,29.826837518147],[-89.1792036487979,29.8256271726503],[-89.1871381541905,29.8239507891358],[-89.1940501189733,29.821335401939],[-89.1936299023548,29.8172029030681],[-89.1921344499518,29.8139683016541],[-89.1942790663016,29.8121763636169],[-89.1973919443567,29.8140696851925],[-89.2010471542135,29.8150550142544],[-89.2032356568581,29.8118902009562],[-89.2064633764375,29.8092042911643],[-89.2133142746456,29.8088761033348],[-89.219654265019,29.8076248100769],[-89.2180211889179,29.8098834063855],[-89.2158021696047,29.8144227769816],[-89.2099042859968,29.8188922135369],[-89.2156040030497,29.8222075346821],[-89.2159996983559,29.8272547990796],[-89.2053486489166,29.8320902265717],[-89.2031901005951,29.8343384881123],[-89.2052124670145,29.837584262202],[-89.2125521807895,29.8386419801965],[-89.2182889632293,29.8410434236381],[-89.2224012673437,29.8447866154455],[-89.2238886420956,29.8484796167729],[-89.2263904223141,29.8535672682057],[-89.2258116126237,29.8558464281062],[-89.2195251277053,29.8543526477457],[-89.214810016306,29.853345847451],[-89.2111175362464,29.8537334427194],[-89.208042831201,29.8504673921627],[-89.2033500923439,29.8485437710973],[-89.1980565072241,29.849816370296],[-89.1937527487665,29.8533975110651],[-89.1925552262208,29.8593298659577],[-89.1940503498403,29.8625653156993],[-89.1939661309858,29.8657699821989],[-89.187572924415,29.8688525879665],[-89.1812327759381,29.8696444179499],[-89.1754336638922,29.8699902502961],[-89.1750222696281,29.8654033892282],[-89.1756556070562,29.8612929514792]]],[[[-89.0569272639259,29.8717353324975],[-89.0543482510508,29.8698506560179],[-89.0485273099436,29.8711042469389],[-89.0442774018939,29.8723899356118],[-89.0427369924043,29.8709832179335],[-89.0427977481619,29.8686947021648],[-89.0450251388752,29.8641597644327],[-89.0451928839831,29.8582078240313],[-89.051555877516,29.8565062057557],[-89.0573171713867,29.8575423446492],[-89.0589333798218,29.8562019074261],[-89.0595823173931,29.8516324937099],[-89.0602466916143,29.8466081870951],[-89.0686763124589,29.8463217957721],[-89.0701415410441,29.8504750751971],[-89.069515947992,29.8541283405913],[-89.0657311902915,29.8577143680874],[-89.0613983183338,29.8622067592363],[-89.063465653518,29.8636242235249],[-89.0681272280212,29.8664688853932],[-89.0685156604484,29.8715162437782],[-89.0668682211843,29.874230938369],[-89.0641987326887,29.8755505499853],[-89.0626195923356,29.875518675853],[-89.0600241654437,29.8740888823145],[-89.0569272639259,29.8717353324975]]],[[[-89.1317332753499,29.8700446223786],[-89.1370663540028,29.8674011478117],[-89.1418033762102,29.8674964570114],[-89.139592152477,29.8715750808564],[-89.1379663895607,29.8733756327484],[-89.1347478857978,29.8756027450234],[-89.1293981541762,29.8787019485872],[-89.1283986176242,29.8768501303823],[-89.1284456848535,29.8750178798645],[-89.1295596856373,29.872750794696],[-89.1317332753499,29.8700446223786]]],[[[-89.0037051106643,29.8733762971967],[-89.0095026273022,29.8730381306232],[-89.0147678014045,29.8731488499853],[-89.0258676473631,29.8715488350619],[-89.0300486582237,29.8725538961352],[-89.029407797405,29.876662950821],[-89.0277828169213,29.8784619005527],[-89.0251119252573,29.8797803337873],[-89.0219156179668,29.8810864446184],[-89.0176580984918,29.8828301261946],[-89.0087244212632,29.8821858308355],[-89.0055895874842,29.8812029352146],[-89.0014466939377,29.8788246296463],[-88.999867520347,29.8787917011343],[-88.998875463168,29.8764793127049],[-88.9999961662822,29.8742130615126],[-89.0037051106643,29.8733762971967]]],[[[-88.6728483717631,29.8791827416046],[-88.6703766330044,29.8740813693509],[-88.6705978134987,29.86721558253],[-88.6728324778708,29.8631465487771],[-88.6781502474346,29.8614421174262],[-88.6802331046086,29.8624085830557],[-88.6796384971456,29.8642269640201],[-88.6790581603192,29.8660446652688],[-88.6774334933476,29.8673805034974],[-88.6777848819473,29.8728878081216],[-88.6798067507,29.875684221043],[-88.6835975136382,29.8725694083636],[-88.686284092582,29.8708005469736],[-88.6916007365568,29.8690952586109],[-88.6946912052389,29.8714590728812],[-88.6951103402858,29.8746769832036],[-88.6918984687847,29.876432107956],[-88.6881446670288,29.8786335631179],[-88.6854367180627,29.8808601895653],[-88.68218710115,29.8835308352375],[-88.678486659322,29.8838987830311],[-88.6759002865498,29.8824617819001],[-88.6728483717631,29.8791827416046]]],[[[-89.0998807545134,29.8799422227414],[-89.106235997382,29.878696130107],[-89.1067009986108,29.8809953162714],[-89.1071738547083,29.8828376478458],[-89.1076171427583,29.8860520592582],[-89.1049233611226,29.8882899152271],[-89.1017193391004,29.8900565442749],[-89.0969589472209,29.8908766023921],[-89.0960050495769,29.8871931548277],[-89.0971804951262,29.8826357103583],[-89.0998807545134,29.8799422227414]]],[[[-89.1430097579412,29.8817201775523],[-89.1446348201716,29.879920689957],[-89.148822591753,29.8809200967865],[-89.1525236210792,29.880535697788],[-89.1546601130655,29.8792013980371],[-89.1552318584045,29.8773817165824],[-89.1536748705063,29.8764339220856],[-89.1510584419013,29.8759241908595],[-89.1484872084367,29.873584155561],[-89.1517150735431,29.870897730253],[-89.1565136267542,29.8687017068529],[-89.1634107881994,29.8665489487418],[-89.1649288062822,29.8688676100069],[-89.1643339221382,29.8716057987018],[-89.1642428132054,29.8752683716458],[-89.163082670457,29.8793681537682],[-89.1624568860638,29.883020535097],[-89.1613356906728,29.8857470379145],[-89.1601294203329,29.8916780230324],[-89.1595046079168,29.8953304167779],[-89.156338940364,29.8957254272399],[-89.1527217543966,29.8929066297504],[-89.1459548522608,29.8900240968916],[-89.140187358218,29.8889938858115],[-89.1412780108893,29.8876416246369],[-89.1407895043428,29.8862577080754],[-89.1408362230258,29.8844265705022],[-89.1440166885263,29.8835726195511],[-89.1430097579412,29.8817201775523]]],[[[-89.1160169592984,29.8871378979775],[-89.1234404140242,29.8849973835209],[-89.1292233402253,29.885569220587],[-89.1291018098454,29.8901483349072],[-89.1264310897596,29.8914683737299],[-89.1216551210931,29.8927478669357],[-89.1125527465424,29.8985199855909],[-89.1083800989971,29.8970630710481],[-89.1078618528248,29.8965944142173],[-89.1063742067817,29.8933560761686],[-89.1064039086783,29.8919829304353],[-89.1096229271759,29.8897590508608],[-89.1160169592984,29.8871378979775]]],[[[-89.1786074611984,29.8897494736293],[-89.1723897971122,29.8859640905962],[-89.1734959618918,29.8836946169975],[-89.178272941163,29.8824139467502],[-89.1840631922269,29.8825268700686],[-89.1883895118729,29.8780287271339],[-89.1947982027043,29.8744923911169],[-89.202259136042,29.8709703898007],[-89.2063636858988,29.8751731867125],[-89.2094387188294,29.8784368171537],[-89.215237146359,29.8780912166106],[-89.2165873016546,29.8872766993387],[-89.2148332997399,29.8941142866022],[-89.2095679648392,29.8940132506724],[-89.2069741037108,29.892590012733],[-89.2038913901846,29.8893232076246],[-89.2023969681493,29.8860880314759],[-89.1986654419175,29.8878495669789],[-89.1980330908396,29.8919577616536],[-89.1963322745796,29.8969634990809],[-89.1883588424907,29.8995587797117],[-89.1857571992571,29.8985906376217],[-89.1815535580379,29.8980509750452],[-89.1790653118374,29.8925072795172],[-89.1786074611984,29.8897494736293]]],[[[-89.1279024996523,29.8956210223802],[-89.130543029158,29.8952141179157],[-89.1347313567966,29.896214180585],[-89.1367757903309,29.8985450195477],[-89.1367536082316,29.8994612684768],[-89.137234749491,29.9013043217514],[-89.1366931040023,29.9017496933445],[-89.1345492548137,29.9030839482704],[-89.1329391082103,29.9044250418873],[-89.1297579258542,29.9052774234183],[-89.1281856692911,29.9047875386781],[-89.1256144439113,29.9024458594569],[-89.1246455057745,29.8992211177914],[-89.1252103664251,29.8978584976426],[-89.1257446232707,29.8974100870412],[-89.1279024996523,29.8956210223802]]],[[[-89.0640758314798,29.8993674889239],[-89.066769406503,29.8971340893545],[-89.0693933117861,29.8976445282925],[-89.0735438958096,29.9000195557045],[-89.0766488570122,29.9019156038133],[-89.0776633747682,29.9033107641773],[-89.0749862155585,29.90508866662],[-89.069706036896,29.9054373242039],[-89.0660356832402,29.9049056306338],[-89.0634276484932,29.9039368116203],[-89.0634505959572,29.9030206186434],[-89.0629842903747,29.9007199453369],[-89.0640758314798,29.8993674889239]]],[[[-89.2314418827187,29.9035904810469],[-89.2340893337437,29.9031849757821],[-89.2377364623562,29.9046264617755],[-89.2397967996643,29.9064978940749],[-89.238170301926,29.9083010031899],[-89.2360578740095,29.9087187580453],[-89.2334101328287,29.9091254181414],[-89.232380603326,29.9081903166374],[-89.2318766843842,29.9072651743636],[-89.230869873275,29.9054126945689],[-89.2314418827187,29.9035904810469]]],[[[-89.1895563111375,29.9146975170006],[-89.1881067285096,29.909630895467],[-89.1871529575281,29.9054887895233],[-89.1876943622684,29.9050431293919],[-89.1908533885763,29.9051039611996],[-89.1939507311669,29.9074540866689],[-89.1971098374249,29.9075147199963],[-89.1982085183399,29.9057052253088],[-89.1983150998551,29.9015846150663],[-89.2036177759255,29.900311688767],[-89.2088582005433,29.9013289422785],[-89.2141307776618,29.9009719853127],[-89.2199905978546,29.8983354820353],[-89.2236059862932,29.9011526564911],[-89.2256288854135,29.9043977581507],[-89.2239804741722,29.9071145927714],[-89.2207764225056,29.9088849224368],[-89.2165571973128,29.9092626899313],[-89.2133834018033,29.9096609646341],[-89.212811854992,29.9114808876498],[-89.2153659728556,29.914736852688],[-89.2116744333321,29.9146670942981],[-89.2064637357636,29.9127346192974],[-89.2011991850922,29.9126333328374],[-89.1969345536551,29.9143826277194],[-89.1921503600138,29.9161223498788],[-89.1895563111375,29.9146975170006]]],[[[-89.1577342449858,29.9026252812223],[-89.1598787068253,29.9012928595296],[-89.1625101067528,29.9013440762369],[-89.1672483937881,29.9014370502746],[-89.1692930267484,29.9037682428621],[-89.1708109352368,29.9060877938613],[-89.1701704633887,29.9106548663459],[-89.1685065364458,29.9138291465423],[-89.1657827241301,29.9174405263015],[-89.1604655025386,29.9191685729222],[-89.1557430752597,29.9186171318094],[-89.1547206792786,29.9172231567675],[-89.1542318870679,29.9158393388102],[-89.1542706951865,29.9144661618936],[-89.1548430765327,29.9126443055422],[-89.158039742251,29.9113339970406],[-89.1612429854338,29.9095632102184],[-89.1603139190209,29.9049670255313],[-89.1577342449858,29.9026252812223]]],[[[-89.0078778570243,29.9124007208662],[-89.011082350662,29.9110936725234],[-89.0126458279898,29.9115845408389],[-89.0142104452797,29.9120766767169],[-89.0141493059415,29.9143650850901],[-89.0130431007377,29.916174213781],[-89.0119520932319,29.9175239076389],[-89.009297188885,29.9183849083238],[-89.007167285143,29.9192569887718],[-89.0050552246374,29.919212217153],[-89.0045431355181,29.9187436762012],[-89.0045810561012,29.9173702746092],[-89.005146640794,29.9160083255038],[-89.0067788482242,29.9142094562157],[-89.0078778570243,29.9124007208662]]],[[[-89.2037098891747,29.9172611452376],[-89.2047846228008,29.9163664844998],[-89.207935771782,29.9168858381387],[-89.2110480228131,29.9187758822091],[-89.2099497641063,29.9205878309926],[-89.2067756047791,29.920984707226],[-89.2036174794814,29.9209233969465],[-89.202625663051,29.9186135510231],[-89.2037098891747,29.9172611452376]]],[[[-89.2243156921986,29.9149072731532],[-89.2290620838343,29.9145393565315],[-89.2348285412213,29.9155652110479],[-89.2374074804345,29.9179034588534],[-89.2357215366823,29.9219937956912],[-89.2314653188661,29.9237466787924],[-89.2256825076494,29.9231787994953],[-89.2215159021727,29.9212676258115],[-89.2215392583701,29.9203515143977],[-89.2231720308407,29.9185505131237],[-89.2226902760319,29.9167079198736],[-89.2243156921986,29.9149072731532]]],[[[-89.0181926248319,29.9204044614473],[-89.0203131124331,29.9199910783448],[-89.0229230848461,29.9209623665761],[-89.0238994044396,29.9237302807405],[-89.0243647694861,29.9260310422446],[-89.0227323042394,29.9278279376896],[-89.0216792298931,29.927806598207],[-89.0190698566563,29.9268354040041],[-89.0180326510495,29.9263547241145],[-89.0170252757983,29.9245020941408],[-89.0154837056853,29.9230960473038],[-89.0171014466462,29.9217553553626],[-89.0181926248319,29.9204044614473]]],[[[-89.0410202562008,29.9332467063496],[-89.0395168788604,29.9304678338468],[-89.0401187608806,29.9277321840243],[-89.0443921850277,29.9255304549188],[-89.0465969624503,29.9219119082903],[-89.0425002611741,29.9177043120992],[-89.037929742603,29.9116547927197],[-89.0385173387151,29.909376378635],[-89.0401189351538,29.9084934759927],[-89.041683767141,29.9089840674555],[-89.0474658570106,29.9095616762349],[-89.0511136728342,29.9110115044056],[-89.056362396987,29.9115779534086],[-89.0574069166769,29.9120567844872],[-89.059559728357,29.9107273287274],[-89.0627253959098,29.9103342597765],[-89.0685387992535,29.9095365593923],[-89.0737722942673,29.9110191033533],[-89.0779918293788,29.9106475071987],[-89.084385196748,29.9080282415135],[-89.0902604104715,29.9049421310193],[-89.0951125697489,29.9009162867687],[-89.0982404838052,29.9018965677169],[-89.1024509216779,29.9019805235331],[-89.1066793806535,29.9016087433643],[-89.108700676281,29.9048563453974],[-89.1038088456041,29.9102548584126],[-89.0995525208884,29.9119998649841],[-89.095241534586,29.9155784126325],[-89.0930516961465,29.9187396274808],[-89.0877872981887,29.9186322911708],[-89.0835615530236,29.9190048159848],[-89.081379734743,29.9217101434142],[-89.076611221195,29.9229861152772],[-89.0724068289843,29.9224417849784],[-89.0666614388873,29.9204921778074],[-89.0624815140899,29.9194913054204],[-89.0619165680993,29.9203959374756],[-89.0634275739331,29.9231753387721],[-89.0633274369317,29.9268369112513],[-89.0575602959268,29.9258020117374],[-89.0549131916516,29.9262062555443],[-89.056339369573,29.9317325632534],[-89.0531820311995,29.931665393604],[-89.0479016010088,29.9320163668021],[-89.0410202562008,29.9332467063496]]],[[[-89.131748983291,29.9295937776465],[-89.1343878589982,29.9291876666977],[-89.1354491538277,29.9292086462088],[-89.1364635296499,29.9306030684431],[-89.137492940575,29.9315392766866],[-89.1369062068455,29.9338193454514],[-89.1357924854377,29.9360875721288],[-89.1325949995576,29.9373982375382],[-89.1299856559653,29.9364289717764],[-89.1268353361291,29.9359084434168],[-89.1247904705051,29.9335774723115],[-89.1248442409631,29.9317460040286],[-89.1274994642119,29.930883139167],[-89.131748983291,29.9295937776465]]],[[[-89.0313923815819,29.938545329815],[-89.0335127973179,29.9381304682736],[-89.0361448871515,29.9381839126353],[-89.0403710374568,29.9378145780758],[-89.0403329758382,29.9391878735086],[-89.0386928084362,29.9414429431112],[-89.0360156465315,29.9427610146157],[-89.0328338721857,29.9436092226218],[-89.0307890505792,29.9412785090073],[-89.0308271364523,29.9399062956566],[-89.0313923815819,29.938545329815]]],[[[-88.9839590510629,29.9389205614755],[-88.9881858068327,29.9385523552824],[-88.9891849490243,29.9404044193294],[-88.988079799341,29.9422133907981],[-88.9859285210851,29.9440002795649],[-88.983776852062,29.9453282821576],[-88.9811439214053,29.9452733961595],[-88.9801597065188,29.9429606794749],[-88.9791460619252,29.941566800951],[-88.9812895032786,29.9402369055891],[-88.9839590510629,29.9389205614755]]],[[[-89.0003097358085,29.9383497499446],[-89.0019042472344,29.9379265791911],[-89.0044981874146,29.9393553041656],[-89.0060622369692,29.9398451721808],[-89.008671257168,29.9408166457524],[-89.0101973043929,29.9426809268679],[-89.0122723974279,29.9440956011304],[-89.0153781473512,29.945993621468],[-89.014301495822,29.9468871978105],[-89.0100601298524,29.9477148495938],[-89.0058332537084,29.9480828778721],[-89.0037656041138,29.9466654721602],[-89.0022616734113,29.9438881965499],[-89.0017889215183,29.9420453624562],[-89.0003097358085,29.9383497499446]]],[[[-89.1383250625991,29.9398020032802],[-89.1393937532583,29.9393650292014],[-89.1436045378807,29.9394471848153],[-89.1456487225817,29.9417775941633],[-89.1466489670061,29.9440878739361],[-89.1460613358597,29.9463655690522],[-89.1449853787281,29.9472606139636],[-89.142322723717,29.9481243190889],[-89.1402628095153,29.9462520198904],[-89.138234206093,29.9434644087276],[-89.1377751436266,29.9407063970192],[-89.1383250625991,29.9398020032802]]],[[[-89.118161281899,29.9453534452355],[-89.1219286877416,29.9422224624632],[-89.1239972832621,29.9436385015636],[-89.1249807184109,29.9464059095717],[-89.1254316798701,29.9491631506689],[-89.123783391698,29.9518796112158],[-89.1205715049255,29.9536460111983],[-89.1173969063221,29.9540400804826],[-89.1153069901867,29.9535402730863],[-89.1142927437218,29.9521456298475],[-89.1132700512968,29.950751219232],[-89.1160025485246,29.9471421604864],[-89.118161281899,29.9453534452355]]],[[[-89.0673794721754,29.9328748965498],[-89.0721325661415,29.932512954309],[-89.0758177060669,29.9325895127759],[-89.0762984772204,29.9344316649273],[-89.0757492247979,29.935335783642],[-89.0751921210997,29.9362402086404],[-89.0735669879023,29.9380386377855],[-89.0692947109038,29.9397841249542],[-89.0650603499969,29.9406126197226],[-89.0597042313535,29.9437086140623],[-89.0554014260085,29.9468253734119],[-89.0505260542642,29.9517632694333],[-89.0488701843111,29.9544777824169],[-89.0467115713109,29.9562651178283],[-89.0440404802209,29.9575829072721],[-89.0424540760904,29.9580088227084],[-89.0413937262886,29.9579869627953],[-89.0403560841005,29.9575064723331],[-89.0372583803872,29.9551525979861],[-89.0362821173875,29.9523849554869],[-89.0357932416335,29.950999269614],[-89.0358318179868,29.9496283384531],[-89.0358551086071,29.9487121246285],[-89.0363968035032,29.9482639087901],[-89.0390515838826,29.9474032716781],[-89.0411726670668,29.9469894792104],[-89.0448804544189,29.9461509232135],[-89.0475583143146,29.9448326926907],[-89.0502741468956,29.9416811097512],[-89.0551107635219,29.9381188055588],[-89.0604519503685,29.9354813232256],[-89.0636634176278,29.9337144846295],[-89.0673794721754,29.9328748965498]]],[[[-89.0643198669115,29.9483819460609],[-89.0695994993983,29.9480333267918],[-89.0710943095058,29.9512706105931],[-89.0678824451912,29.9530364812323],[-89.0657389211928,29.9543670522583],[-89.0619778772191,29.9570368477363],[-89.0560796414715,29.960579886821],[-89.0523951339601,29.960503900137],[-89.051403563668,29.9581935480047],[-89.0509541176668,29.9554371410508],[-89.0531119356579,29.9536496296404],[-89.0563095913197,29.9523403124098],[-89.0600713566405,29.9496697198706],[-89.0643198669115,29.9483819460609]]],[[[-89.1661185503159,29.924774876093],[-89.1698116466198,29.9243899961673],[-89.1717807761805,29.9299264498716],[-89.1737863890198,29.9336282613758],[-89.1794857880691,29.9374036812679],[-89.1810345617724,29.9388076919583],[-89.1788452497457,29.9419706506679],[-89.1740306777765,29.9446259045813],[-89.1755034342437,29.9487776201807],[-89.1765098554841,29.9506271696801],[-89.1774110920895,29.9566007214594],[-89.1788527282204,29.9621251274681],[-89.1761205894203,29.9657346205693],[-89.1735046584821,29.965226884155],[-89.1714058032112,29.9647273439078],[-89.1672942500884,29.9605240146083],[-89.1657983107986,29.9572895008601],[-89.1685069155348,29.9545940019402],[-89.1654403321579,29.95087041329],[-89.1618228524413,29.9480521851606],[-89.1598702258307,29.9420586640584],[-89.1642423820141,29.9361903332688],[-89.1649671068527,29.9284167156443],[-89.1661185503159,29.924774876093]]],[[[-89.0286824688986,29.9604708663217],[-89.0318649663882,29.9596216759699],[-89.0349852555445,29.9610607274353],[-89.0359920468907,29.9629130369314],[-89.0348627810352,29.9656384325628],[-89.0326879965633,29.9678825154837],[-89.0310858296945,29.968765213403],[-89.029545298034,29.9673597104837],[-89.0296065209156,29.9650702297319],[-89.0291712170918,29.9618565213553],[-89.0286824688986,29.9604708663217]]],[[[-89.0730784139822,29.9751273381531],[-89.0736352266263,29.9742228668719],[-89.0746886001116,29.9742447714601],[-89.0762904112475,29.9733613059185],[-89.0779000287433,29.9724775010159],[-89.0795246085784,29.9706789647822],[-89.0811735686903,29.9684220181488],[-89.0818598159904,29.9624819032773],[-89.0825779229403,29.955625379754],[-89.0826909795121,29.9515054613055],[-89.0858722543946,29.9506567703495],[-89.0885205130051,29.9502517471191],[-89.0912145901866,29.9480176963242],[-89.0912973600585,29.9448131074679],[-89.090304899536,29.9425030687233],[-89.0882609187526,29.9401702717933],[-89.0851645427492,29.9378180569727],[-89.085239952724,29.9350713929858],[-89.0905887977085,29.9319731882766],[-89.0942880537603,29.9315895342973],[-89.0980341156316,29.9293768659471],[-89.1018180513737,29.9257884728413],[-89.1055419814514,29.9244895703037],[-89.1082347956016,29.9222538096982],[-89.1120878171789,29.9159177157266],[-89.1159328024276,29.9100404430338],[-89.1213424804248,29.9046510923836],[-89.1249891275403,29.9060992041373],[-89.1216628690625,29.9124442590526],[-89.1184042896581,29.9160439707876],[-89.115650687411,29.9205694516982],[-89.1083721902293,29.936911896344],[-89.1071974202132,29.9414693183971],[-89.1018414596734,29.9445675784547],[-89.097935550682,29.9527336894818],[-89.1004748598182,29.9564476344219],[-89.0961955786554,29.9586510616493],[-89.0919612788339,29.959480749561],[-89.0887266790577,29.9621634350039],[-89.0875136174542,29.9680926754735],[-89.0846753750427,29.9753640343141],[-89.0782360336938,29.9793546423933],[-89.073513418667,29.9787994279583],[-89.0719644078085,29.97739368648],[-89.0730554180093,29.9760434158906],[-89.0730784139822,29.9751273381531]]],[[[-89.1442300240332,29.9559482150521],[-89.1527294385855,29.9533690190271],[-89.1563303866059,29.9566468079331],[-89.1562623383248,29.9593930053098],[-89.154621584323,29.9616496978272],[-89.1550715441606,29.9644066344862],[-89.1550487251557,29.9653227923951],[-89.152920215599,29.9661957890848],[-89.1497394204168,29.9670489801386],[-89.150211833645,29.9688920294172],[-89.1516766346321,29.9735007481253],[-89.1484037504552,29.9775573581914],[-89.1451838677783,29.9797846593752],[-89.14314701872,29.9769952774821],[-89.1421934480627,29.9733139245339],[-89.1407814644211,29.9668734901353],[-89.1388137218592,29.9613367798207],[-89.1394611322945,29.9567707666963],[-89.1442300240332,29.9559482150521]]],[[[-89.0665938837813,29.9617133792848],[-89.0703094065263,29.9608712351132],[-89.0712933600031,29.9631839866197],[-89.0717365061192,29.9663983088951],[-89.0700803154676,29.9691130821547],[-89.0674030421718,29.9708885367696],[-89.0641593505467,29.9735705446379],[-89.0609029513535,29.9771663686638],[-89.0576524037862,29.9803062668303],[-89.0534246670561,29.9806785739017],[-89.0529521352503,29.9788360693151],[-89.0524716335914,29.9769950214727],[-89.0530504774177,29.9751755886539],[-89.0552572113711,29.9715560535909],[-89.0595743852691,29.9679798577452],[-89.0633586578794,29.9643929148442],[-89.0665938837813,29.9617133792848]]],[[[-89.09628634533,29.9751409263606],[-89.1005592897768,29.972937913755],[-89.1042443084296,29.973012112801],[-89.1068075648546,29.9758107622991],[-89.1077772719493,29.9790367254217],[-89.1066476853953,29.9817605349685],[-89.1012621181803,29.9862318390466],[-89.0975301113499,29.9875309131754],[-89.097019809878,29.9870631795726],[-89.0965391653869,29.9852212377239],[-89.0960662859332,29.9833801370631],[-89.0966611700773,29.9806447725682],[-89.0951584206593,29.9778648147299],[-89.09628634533,29.9751409263606]]],[[[-88.6274308993693,29.9481685445174],[-88.6228762342663,29.9260693146361],[-88.6212195971519,29.9122841888682],[-88.6207007158708,29.8957793094564],[-88.6216707535455,29.8820600103246],[-88.6225242671514,29.8720000727887],[-88.6245767549806,29.8573892969535],[-88.6275832204038,29.8460087739989],[-88.6299784918707,29.8369033418773],[-88.6312991375092,29.828687752594],[-88.6337863614268,29.816835373439],[-88.6339920172364,29.8104262777709],[-88.6357461889327,29.8049693853231],[-88.6396527429144,29.7981917844808],[-88.6437877142184,29.7840871777853],[-88.6517149755965,29.7664086322987],[-88.6574904745268,29.7505106519927],[-88.6630361978822,29.7414778609071],[-88.6690491763394,29.7342917934145],[-88.6739692967612,29.7284526901686],[-88.6766404201905,29.7271424847686],[-88.6781815555189,29.7280955546666],[-88.6775706660914,29.7308314114284],[-88.6764338633707,29.7335529507594],[-88.6737027288872,29.7366958157912],[-88.6736337975621,29.7389841117864],[-88.6724365885285,29.7435404559902],[-88.6702765373255,29.7453198651677],[-88.6702009674506,29.7476084744557],[-88.6706590678213,29.7499111269418],[-88.6726732730463,29.7527096389345],[-88.6730467009132,29.7573021516159],[-88.6692248077572,29.7617923124906],[-88.6659897543318,29.7644652563364],[-88.6669358447177,29.7676946786531],[-88.6700333283438,29.7696027606907],[-88.6694152452075,29.7723376736083],[-88.6687595927294,29.776446321927],[-88.6644945247111,29.7781752844713],[-88.6581240509068,29.779853480805],[-88.6537751089871,29.7843308753188],[-88.6531414706233,29.7875240188962],[-88.6588712848315,29.7894951170199],[-88.6582230102168,29.7931467022025],[-88.6527911258659,29.7985122283516],[-88.6479761945705,29.8011447562443],[-88.6426280044579,29.8037641863414],[-88.6471373747077,29.8107481103896],[-88.6453677160559,29.8166623404165],[-88.6457795307315,29.8203378137399],[-88.643077857396,29.8225617238921],[-88.6393324225487,29.8243033425736],[-88.6381952802649,29.8270243103109],[-88.6386462093847,29.8293261465007],[-88.642872522285,29.8289718861885],[-88.6443987033589,29.8303836861897],[-88.6405915776078,29.8344143107897],[-88.6399732159937,29.8371477562071],[-88.6376619540739,29.8435057270379],[-88.6380584111515,29.8476394397888],[-88.6401639265319,29.8476915325537],[-88.6443374166969,29.8487102110911],[-88.6442074888658,29.8528306231535],[-88.6425675999416,29.8546242637569],[-88.6377764147125,29.8563389163089],[-88.6398511250651,29.8573053947401],[-88.6371576380768,29.8590722540034],[-88.634998573224,29.8608522012314],[-88.6359449052567,29.8640839105879],[-88.6353420970736,29.8663600952345],[-88.6288576126867,29.8716976421522],[-88.6297875558553,29.8753864627471],[-88.6334271556874,29.8768492057954],[-88.6348842697907,29.8805502289207],[-88.6342890748295,29.8828261227474],[-88.6314811038464,29.8882559602165],[-88.6323664833904,29.8933164594588],[-88.6280559633137,29.8964179456082],[-88.6321917529828,29.8988106745638],[-88.6304745622318,29.9028911410664],[-88.6298489943325,29.9060825080523],[-88.6270798188916,29.9101374954018],[-88.6286281308608,29.9110941607432],[-88.6333435243311,29.9121236146388],[-88.6352504311853,29.9181271499527],[-88.6328618728286,29.9267727878282],[-88.6371354739438,29.9250448272656],[-88.6407359278908,29.9278804735923],[-88.6411408255388,29.9315547244605],[-88.6363260748048,29.9337279858587],[-88.6340298614627,29.9396260144638],[-88.6355176665076,29.9424112337089],[-88.6423381145225,29.9434954718195],[-88.6422768700814,29.9453264459307],[-88.6390271992697,29.947994606723],[-88.6352576204025,29.950650120902],[-88.6367304810744,29.9538936994425],[-88.6398209362817,29.9562589513059],[-88.6401642436372,29.9617640084466],[-88.6405001910956,29.9677282248],[-88.6418423145543,29.975089158564],[-88.6448107731561,29.9811160705877],[-88.6467557398323,29.9862018786106],[-88.6456033109172,29.9893809995678],[-88.6419105766344,29.9892898583119],[-88.6393708686463,29.9864796584853],[-88.6368070624523,29.9841278227765],[-88.6349380950459,29.9767524549738],[-88.6311838297593,29.9624629052243],[-88.6274308993693,29.9481685445174]]],[[[-89.1287883139809,29.9817467663677],[-89.1319776853792,29.9808940283418],[-89.1345715006935,29.9823190343389],[-89.1355777054398,29.9841712432039],[-89.136539840635,29.987855813267],[-89.1369900034919,29.9906116430253],[-89.1369368645495,29.9928995018999],[-89.135349286321,29.9928680597923],[-89.1348386461842,29.9924015417096],[-89.1332820158155,29.9914536805927],[-89.1311985971945,29.9904950991721],[-89.1307032634519,29.9891128032619],[-89.1297260805774,29.98634399336],[-89.1281785654139,29.9849405022861],[-89.1255610309828,29.9844313420908],[-89.1245313011558,29.9834940141834],[-89.1261485740944,29.98215154376],[-89.1287883139809,29.9817467663677]]],[[[-89.0775417976759,29.9857514096913],[-89.0801965349362,29.9848908092959],[-89.0822337846432,29.9876793392049],[-89.0832866811231,29.9877010883256],[-89.0832096523841,29.9904474411991],[-89.0815852090929,29.9922472058626],[-89.0794263751071,29.9940340190316],[-89.0773057033513,29.9944475985022],[-89.0757709469597,29.9925859400903],[-89.0747947109095,29.9898177164381],[-89.074834305054,29.988444674613],[-89.075924492398,29.9870919959931],[-89.0775417976759,29.9857514096913]]],[[[-89.2407720367878,29.9939961306851],[-89.2429011266562,29.993120116868],[-89.2455331419296,29.9931700796015],[-89.24866085656,29.9946026754801],[-89.2496529577565,29.9973682707017],[-89.2480368867637,29.99871165877],[-89.2453886461196,29.9991220920854],[-89.2438320382087,29.9981760720463],[-89.2401622522881,29.997191397327],[-89.2396977469295,29.9948922839622],[-89.2407720367878,29.9939961306851]]],[[[-89.1805993980858,29.996504669155],[-89.1774487027538,29.995985862774],[-89.173221832898,29.9963611351104],[-89.170086631708,29.9953850968576],[-89.1637842555922,29.9943454608628],[-89.159176084136,29.9892173714619],[-89.1592444189796,29.9864701177927],[-89.1640440438808,29.984277128463],[-89.1745954602737,29.9840243533247],[-89.1829565702048,29.9869355651183],[-89.1856046446606,29.9865290036614],[-89.1888005701671,29.9852164875473],[-89.1924860065366,29.9852873410177],[-89.1934478407961,29.9889712114351],[-89.1934102166571,29.9903432718728],[-89.1917843854688,29.9921434429981],[-89.188542036825,29.9952870874773],[-89.186314117004,29.9998220571195],[-89.1831555326672,29.9997613439147],[-89.181607286275,29.9983564500074],[-89.1805993980858,29.996504669155]]],[[[-89.0067708172856,29.9902395902686],[-89.0063214000304,29.9874829884603],[-89.0090146139309,29.9852498056935],[-89.0121654925192,29.9857741256038],[-89.0152785655087,29.9876704926576],[-89.017406649264,29.9868002880933],[-89.0174596992731,29.9849687505449],[-89.0186125405149,29.981329689295],[-89.0245251349339,29.9773303839102],[-89.0270961860406,29.9796756786211],[-89.0296292042748,29.9833919321911],[-89.0338941797667,29.9816483848156],[-89.0359545503124,29.9835229911488],[-89.0348094318872,29.9867054151884],[-89.0341917161618,29.9898979365979],[-89.0314984339894,29.9921316745846],[-89.030881071302,29.9953253332112],[-89.0297282606029,29.998965684057],[-89.0280805554374,30.0012207463208],[-89.0244021789277,30.0006856881467],[-89.0212982552793,29.9987895992822],[-89.0155224778713,29.9977515751383],[-89.0129123248969,29.9967814928397],[-89.0109214776659,29.9926190565899],[-89.0067708172856,29.9902395902686]]],[[[-89.200557638859,29.9790323881353],[-89.2016181162216,29.9785938131178],[-89.2031753529531,29.9795395116477],[-89.2042128963265,29.9804768574264],[-89.2041907330918,29.981391926418],[-89.2052047352148,29.9827842980382],[-89.2067377120438,29.9846470187022],[-89.2087971231888,29.9865176127241],[-89.2108577838904,29.9883895019803],[-89.2129332200818,29.9898030184141],[-89.2149617992497,29.9930474476463],[-89.2153972881264,29.9967196917014],[-89.2185107734427,29.9986104699798],[-89.2194859952949,30.0018343729821],[-89.2183577651969,30.0045627754329],[-89.2151606557109,30.0058727844557],[-89.2119866787417,30.0062700048327],[-89.2099496500203,30.003484566694],[-89.2089887733648,29.9998033159348],[-89.208027983846,29.9961209218921],[-89.2075698223898,29.9933647953794],[-89.2050213091153,29.9901095601883],[-89.2019229020211,29.9873024716965],[-89.1972548102404,29.9844656253266],[-89.1973467851491,29.9808024124273],[-89.200557638859,29.9790323881353]]],[[[-89.1190609716055,30.0108619056964],[-89.1222417209737,30.0100107471787],[-89.1264233858078,30.0114675897571],[-89.1263546925363,30.0142136552349],[-89.1225635783568,30.0178020824987],[-89.1199683760437,30.0163766672891],[-89.1173906693191,30.0140356342174],[-89.1190609716055,30.0108619056964]]],[[[-89.1050223779248,30.022946055618],[-89.1098291902465,30.0207529467288],[-89.110882604156,30.0207733048932],[-89.1129804039064,30.021273934438],[-89.1140252164471,30.0217520007859],[-89.1150633679799,30.0222304545013],[-89.1166202894028,30.0231786726246],[-89.1171154210245,30.0245620557523],[-89.1160321713694,30.0254571684053],[-89.1149567442439,30.0263519533182],[-89.1133472749702,30.027235205452],[-89.1112563131957,30.0267353409858],[-89.1075720715856,30.0262029131505],[-89.1049770031214,30.0247760024999],[-89.1050223779248,30.022946055618]]],[[[-88.9870876092113,30.0150147614166],[-88.9929695881472,30.0123913846612],[-88.9954868409482,30.0165654158804],[-88.9954497737646,30.0179387896857],[-88.9943427699585,30.0197475465737],[-88.9916264846266,30.0224364767328],[-88.9878506696547,30.0255640953718],[-88.9835779812278,30.0273049128504],[-88.9803509803007,30.029526253928],[-88.977726389603,30.029012428205],[-88.976741600693,30.0267009354679],[-88.9768036724825,30.0244128767836],[-88.9800450868784,30.0217344281007],[-88.9832503809151,30.0204281916742],[-88.9870876092113,30.0150147614166]]],[[[-89.2023284473544,30.0129543041915],[-89.2060437931312,30.012109289346],[-89.210247737981,30.0126474860511],[-89.2139012464286,30.0140913059763],[-89.2159611803932,30.0159629124185],[-89.2206842409844,30.0169675233329],[-89.2227824979773,30.0174658697242],[-89.2237287060424,30.021605061526],[-89.2267349720397,30.0280742038879],[-89.2251018105986,30.0298751969043],[-89.2230039443729,30.029376967325],[-89.2214395570517,30.0288884834011],[-89.2188844564312,30.0256342729363],[-89.2163122276332,30.0228379397061],[-89.2121472292425,30.0209281307197],[-89.2074549260683,30.0185469459951],[-89.2027472697876,30.0170846661393],[-89.2001459185064,30.0156596583188],[-89.2001921026918,30.0138275246587],[-89.2023284473544,30.0129543041915]]],[[[-89.0836759831194,30.0124396473888],[-89.0837359905804,30.0101502717116],[-89.0863235590102,30.0120345586736],[-89.0872920120568,30.0152604539228],[-89.0856218373311,30.018432594954],[-89.08287399059,30.0224977889571],[-89.0785338782111,30.0269887601971],[-89.0731551732267,30.0310006110614],[-89.0700112880228,30.0300215522764],[-89.0696223938616,30.0249761815155],[-89.0713010801246,30.0213452716226],[-89.0750707811627,30.01867503705],[-89.0783195716254,30.015536729796],[-89.0836759831194,30.0124396473888]]],[[[-89.1052364635249,30.0348552956295],[-89.1057862055294,30.0339511314526],[-89.1078918161312,30.0339939786908],[-89.1100047623756,30.0340353731727],[-89.1104551363365,30.0367934695338],[-89.1088605476555,30.0372196027764],[-89.107799583406,30.0376560032994],[-89.1057021672362,30.0371541235569],[-89.1051982707523,30.0362295810407],[-89.1052364635249,30.0348552956295]]],[[[-89.1790505237712,30.0363174152563],[-89.1764793837313,30.0335190013016],[-89.1786543065438,30.0312709378602],[-89.182926762307,30.0290643242028],[-89.183010495173,30.025861297756],[-89.1804543704731,30.0226047486713],[-89.1773724348879,30.0193412027613],[-89.1774261235992,30.0175099133849],[-89.1806454627953,30.0152815420547],[-89.1848410631944,30.0162786661974],[-89.1910826889425,30.0196059867895],[-89.1963619881542,30.0192492256492],[-89.1957592293784,30.0224450090659],[-89.1956523244696,30.0265629096217],[-89.2014052900594,30.0285049811778],[-89.2076915459074,30.0300011882338],[-89.2171979350623,30.029723940835],[-89.2176555530377,30.0324810489473],[-89.217106271869,30.0333869856982],[-89.2128639563802,30.0342199865809],[-89.2091795449884,30.0336925365639],[-89.204426116849,30.034057924825],[-89.1996121871753,30.0367134055002],[-89.1937597304729,30.0384323692666],[-89.1884882295361,30.0383312536615],[-89.1832318077197,30.0377704993654],[-89.1790505237712,30.0363174152563]]],[[[-88.6482733940975,30.0045606431321],[-88.6494037028969,30.0022979543259],[-88.6576121171961,30.0093674790113],[-88.6607631467013,30.0099019442926],[-88.6622972724756,30.0113139890936],[-88.6664551445311,30.0132459406682],[-88.6705140303271,30.0183809065134],[-88.6729860358855,30.0234790477234],[-88.6770973877857,30.0267829605299],[-88.6832929838586,30.0310539385791],[-88.6848342862736,30.0324652000122],[-88.6847885934667,30.033836601421],[-88.6873816820439,30.0352736237839],[-88.6883359560821,30.0385027375792],[-88.680966399375,30.0378678399704],[-88.6768073289669,30.0359353828229],[-88.6747322476101,30.0349701503357],[-88.6726494057075,30.0340051588656],[-88.6711244921565,30.0321355230782],[-88.668011712916,30.0306857713262],[-88.6649059360432,30.0287800480974],[-88.6623581989131,30.0259697580297],[-88.659794332532,30.023617549197],[-88.6572454599314,30.0208080889237],[-88.655254551615,30.0170952804054],[-88.6532787646398,30.0129252043592],[-88.6482733940975,30.0045606431321]]],[[[-89.1235010242547,30.042091064103],[-89.1177186702805,30.0415173841884],[-89.1167108512615,30.0396672303598],[-89.1173135759014,30.0369316335575],[-89.1199618973939,30.0365244814054],[-89.1257973687509,30.0352678160158],[-89.1327032339729,30.0335740640696],[-89.1359210190836,30.031348085182],[-89.1354941450504,30.0276752267982],[-89.1324281626464,30.0239520455617],[-89.1261717820697,30.0210791746481],[-89.1294055212598,30.018396375013],[-89.1326187078945,30.0166286763186],[-89.1368672999123,30.0153388450301],[-89.1415447036292,30.0181795513393],[-89.1414612968517,30.0213838207639],[-89.1461453193556,30.0237651022519],[-89.1487325724767,30.025647578124],[-89.1476168972332,30.0279156226021],[-89.1459400040075,30.0315466496082],[-89.1500589673331,30.0352902484016],[-89.1548201658997,30.0349260218866],[-89.157993405352,30.0345316234371],[-89.1579100749313,30.0377346597702],[-89.1583745425608,30.0400330538489],[-89.1572541700266,30.0427593617915],[-89.1530189727881,30.0431352837727],[-89.1482888029298,30.0425830787113],[-89.1430394526512,30.041563410249],[-89.1382710639691,30.0423850130873],[-89.1355637042978,30.0450786005711],[-89.1313434307711,30.044995348807],[-89.1276980008728,30.0430907126027],[-89.1235010242547,30.042091064103]]],[[[-88.9773906191128,30.040912426491],[-88.9800683406679,30.0395947686541],[-88.9832418693777,30.0392036930484],[-88.9874540365073,30.0397511507163],[-88.9916803781537,30.039382521185],[-88.9921987878194,30.0398517314036],[-88.9937631814288,30.0403416769259],[-88.9947933631084,30.0412804632119],[-88.9947321959224,30.0435698222745],[-88.9936263617228,30.045376340083],[-88.9920155108402,30.0462598293498],[-88.9882856725428,30.0475529300918],[-88.9851193698811,30.0474862275523],[-88.9819690168073,30.0469612579237],[-88.978329393619,30.0450537769165],[-88.9767880588646,30.0436463239272],[-88.9773679806693,30.0418263191395],[-88.9773906191128,30.040912426491]]],[[[-89.2837939583388,30.0241064705373],[-89.2849623251636,30.0195504884668],[-89.2886703487726,30.0187039384075],[-89.2949721248138,30.0201939402678],[-89.3007930560396,30.0193853179256],[-89.3017618046319,30.0230650245962],[-89.2995725474024,30.0262291578253],[-89.2983825096197,30.0317024455307],[-89.3040588255595,30.03684304943],[-89.3027997217044,30.0455195364733],[-89.3001141129411,30.0473035377435],[-89.2979246724553,30.0504676241415],[-89.2999386243554,30.0546243466058],[-89.2950790764349,30.0591152598122],[-89.2918358716966,30.0622608170937],[-89.290264588009,30.0617750158919],[-89.2882198158099,30.0589895830739],[-89.2835204923017,30.0570702254797],[-89.2771880280137,30.0569535319099],[-89.2740748517179,30.0546074274365],[-89.2715502551895,30.0499809641758],[-89.2679018976817,30.0480813809504],[-89.2674833303701,30.0439516891889],[-89.2686507108447,30.0393936066556],[-89.2698178505708,30.034836554065],[-89.273586189763,30.0317025170805],[-89.2789505261944,30.0281385590457],[-89.2837939583388,30.0241064705373]]],[[[-89.0277600581036,30.0511293905523],[-89.0320551038013,30.0484727799773],[-89.0341376771076,30.0494321307448],[-89.0340619769769,30.0521774462583],[-89.0334210362082,30.0562858369368],[-89.0322614773648,30.059924054016],[-89.0295604265617,30.0621580876717],[-89.0263869733104,30.0625506983414],[-89.0248532760325,30.0606850696699],[-89.0233270814839,30.0588236097945],[-89.0255096067386,30.0561208045936],[-89.0250446908499,30.0538215552729],[-89.0277600581036,30.0511293905523]]],[[[-89.01655187622,30.0747087669127],[-89.0198791569806,30.0688250731006],[-89.0240750870614,30.0698289560831],[-89.0272029526088,30.0712663596009],[-89.0281636945169,30.074493029642],[-89.0249294423888,30.077172621885],[-89.0217253062806,30.0784791968748],[-89.0190845602809,30.078424730424],[-89.0169804318993,30.0783802093428],[-89.0159334885548,30.0779020376909],[-89.01655187622,30.0747087669127]]],[[[-89.2773856439016,30.070237065922],[-89.2801248964603,30.0661661221923],[-89.2859078639839,30.0671888235682],[-89.2858092253724,30.0713072285285],[-89.2830622041831,30.0758360714098],[-89.2829935639122,30.0785806135174],[-89.2808723864049,30.0790008581326],[-89.278293812806,30.0762058284613],[-89.2773856439016,30.070237065922]]],[[[-89.0385775258392,30.0797460349787],[-89.0376090781825,30.0765210031371],[-89.0382124334397,30.0737846737126],[-89.040417363576,30.0706264400629],[-89.0436283843725,30.0688590177482],[-89.0479101475804,30.0666601714811],[-89.048565562005,30.0620934568379],[-89.0492291726582,30.0570700614238],[-89.0519754859751,30.0530055655532],[-89.0520746411179,30.0493443011578],[-89.0494428171856,30.0492892782569],[-89.0472905974953,30.0506185795083],[-89.0440714155044,30.0528428160704],[-89.0390966855981,30.0609813946659],[-89.039157974955,30.0586933003213],[-89.038219719675,30.0545516633579],[-89.0404397513895,30.0504775917842],[-89.0389976113037,30.0454110198338],[-89.0375790978082,30.0394282939443],[-89.0366866063021,30.0334554778892],[-89.0335587407548,30.0320171241608],[-89.0304072081929,30.0314947230236],[-89.0261658287486,30.0323221239645],[-89.0224271591137,30.0340754136675],[-89.0202519281791,30.0363201907927],[-89.0185970903903,30.0390331637522],[-89.0163235361529,30.0449393436999],[-89.0172241520224,30.0504522609532],[-89.0181627441706,30.0545942171088],[-89.0144235642927,30.05634717798],[-89.012852414454,30.055856851329],[-89.0097155684488,30.0548743806451],[-89.0087019588895,30.0534800319806],[-89.0071529749805,30.0520722220845],[-89.0023929568001,30.052430683772],[-88.9981502226964,30.0532567474502],[-88.9971195640114,30.0523202595904],[-88.9977230091001,30.0495852252432],[-88.9998899018723,30.0477987044688],[-89.002599046496,30.0451099164854],[-89.0053519902781,30.0410439180475],[-89.0028041372653,30.0377855705623],[-89.0018503213679,30.0341027162581],[-89.0041013476547,30.0291117528607],[-89.0058485088985,30.0231967249453],[-89.0080982344247,30.0182055072328],[-89.011830015778,30.0169085100697],[-89.01703290519,30.0193088504357],[-89.0217929170821,30.0189498714529],[-89.0244409295542,30.0185475526935],[-89.028720689519,30.0163482163979],[-89.0302770827325,30.0172943525217],[-89.0302477410603,30.0182098008052],[-89.0291570991688,30.0195619075028],[-89.0270282994563,30.0204323031443],[-89.0243338198296,30.0222081366061],[-89.0205576087006,30.0253346012448],[-89.0199935214995,30.0266989840819],[-89.0226407856749,30.0262943689365],[-89.0263482415486,30.025915023141],[-89.0311170111164,30.0250977885768],[-89.0381817829222,30.0174597007789],[-89.034130523823,30.011422331485],[-89.0331847604239,30.0072807139151],[-89.0384489293113,30.0078471155559],[-89.0431790452708,30.0084024880376],[-89.0467573359831,30.0125992452048],[-89.0477115165964,30.0162828447335],[-89.0481083132371,30.0208705914114],[-89.0517010758087,30.0246075810257],[-89.0537069329897,30.0283129701329],[-89.0509454219748,30.0328357108838],[-89.0507699037447,30.0392434584977],[-89.0564847870546,30.0425661186034],[-89.0653873304721,30.0450387223775],[-89.0684627901024,30.0483062774191],[-89.0683642619837,30.0519676734952],[-89.0656026189164,30.0564906656291],[-89.0686538572717,30.0606741109803],[-89.0675618616191,30.0620264803133],[-89.0649225987379,30.0619710827179],[-89.06290107404,30.0587266334387],[-89.0614210475071,30.0550314228138],[-89.0593834609319,30.0522414490812],[-89.0571408168251,30.05723207465],[-89.059627893419,30.0627803348447],[-89.0594909335759,30.0678136046405],[-89.055104088141,30.0736757713717],[-89.053371998831,30.0791364726629],[-89.0491532713049,30.0790487930268],[-89.0460022346131,30.0785259566724],[-89.0422702996479,30.0798231663069],[-89.0400970692614,30.0820662931466],[-89.0385775258392,30.0797460349787]]],[[[-89.0550960284563,30.0933645308701],[-89.0573470960655,30.0883750232036],[-89.0600469988216,30.086140236719],[-89.0616648412921,30.0847998812759],[-89.0653570141279,30.0848761077752],[-89.069035249602,30.085408167353],[-89.0711711666665,30.0845364522214],[-89.0707057378397,30.0822375536332],[-89.0671040325396,30.0789581858351],[-89.0650837493134,30.0757117055589],[-89.0657692213673,30.06977323323],[-89.0689743878432,30.0684642172125],[-89.0714697253445,30.0735520340433],[-89.0746887204858,30.0717878396629],[-89.0758629542078,30.0672322278446],[-89.0801816974627,30.0636576769264],[-89.0787244513071,30.0590489763582],[-89.0793498584079,30.055397453922],[-89.0811049850134,30.0490225043872],[-89.0791288423053,30.0439460537833],[-89.0797315184361,30.0412106614392],[-89.082897479738,30.0412753712247],[-89.0865366591586,30.0436364434682],[-89.090717940412,30.0450958223033],[-89.0934482592253,30.0414884070525],[-89.0926022043312,30.0336864837277],[-89.0901299993468,30.0276830485976],[-89.0928839914628,30.0231596255172],[-89.098156149068,30.0232648383981],[-89.1001475766107,30.0278849934467],[-89.099987664812,30.0338355709705],[-89.1003990914155,30.0379656867403],[-89.1007811610755,30.0434665672286],[-89.1028332500527,30.0457983726496],[-89.1081051363667,30.045905271449],[-89.1107296560974,30.0464143502039],[-89.1132774049057,30.0496718011671],[-89.1163679400631,30.0524807418125],[-89.1227382261194,30.0512346623816],[-89.126400760839,30.052222823551],[-89.1242109026366,30.0553855841603],[-89.118312900451,30.0589300552463],[-89.1139110747104,30.0657115648144],[-89.1132471406638,30.0707351343046],[-89.1094707310071,30.073863655976],[-89.1063886175555,30.0705968907194],[-89.1065338769336,30.0651047685108],[-89.1077621101839,30.0587187441147],[-89.1041914524566,30.0540679835554],[-89.1000248406917,30.0521520762068],[-89.0963937119728,30.049789112158],[-89.093670600343,30.0529397429831],[-89.0951278491935,30.0575493320624],[-89.0956228218134,30.058931730762],[-89.0960498719163,30.0626047669117],[-89.0985914205524,30.0663184188161],[-89.0958676414744,30.0694701406924],[-89.09058839167,30.0693630403262],[-89.0848361195796,30.0674158161395],[-89.0836766281098,30.0715132373325],[-89.0872923309587,30.0743325279096],[-89.0925034031247,30.0767282091059],[-89.098751203892,30.0800595309912],[-89.0981108982322,30.084168125454],[-89.0906408272314,30.0872220147408],[-89.0890925556864,30.0858169505767],[-89.0859878163677,30.0834645003214],[-89.082798688413,30.0843147806946],[-89.0827153876367,30.0875177791379],[-89.0868728150261,30.0898930978515],[-89.0804173507145,30.0943397907466],[-89.0767181243071,30.0942657228979],[-89.0725218735277,30.0932641864221],[-89.0729719564345,30.0960201144718],[-89.0723239126869,30.1005852918411],[-89.0680898033082,30.1009578513248],[-89.061679862022,30.1035723769125],[-89.0547447961633,30.1061790892311],[-89.0521365970247,30.1052094669526],[-89.0495799063861,30.1019517907971],[-89.0496553927178,30.0992066413581],[-89.0518304646506,30.0969612359562],[-89.0550960284563,30.0933645308701]]],[[[-88.9667399828985,30.1002138088977],[-88.9694101091979,30.0993554131042],[-88.9704483900881,30.0998353649111],[-88.9751467568904,30.1017664146154],[-88.9750715265786,30.1045116763628],[-88.9723628571637,30.1067432957689],[-88.9681668597093,30.1057384329147],[-88.9661216140979,30.1034045666295],[-88.9667399828985,30.1002138088977]]],[[[-89.0347482018191,30.1039331529018],[-89.0352985672543,30.1030293515047],[-89.0384410735442,30.1040114551761],[-89.0394334783711,30.1063193751126],[-89.0393718530443,30.1086084560433],[-89.0392958447915,30.1113547050047],[-89.0365945433585,30.1135876719397],[-89.0333898655662,30.114894596405],[-89.0297292029356,30.1134446665205],[-89.0292621068356,30.1111464751199],[-89.0288134702165,30.1083893376838],[-89.0320561736948,30.1057094341694],[-89.0347482018191,30.1039331529018]]],[[[-89.0177729984065,30.1067855076746],[-89.0236251254272,30.1050765529888],[-89.0241427472703,30.105545444026],[-89.0240294095259,30.109663760216],[-89.0233959184858,30.1133129416788],[-89.0243877268314,30.1156231962045],[-89.0253947400616,30.1174752674199],[-89.0264096961954,30.1188706116072],[-89.0247930835186,30.1202115921106],[-89.0231979019494,30.1206351462345],[-89.0200766039851,30.1187387199462],[-89.0164616368564,30.1159148419374],[-89.0144239856025,30.1131264274136],[-89.0155678661493,30.1099443374271],[-89.0177729984065,30.1067855076746]]],[[[-88.9978385611917,30.1397909024794],[-88.9957548910424,30.1388319806573],[-88.9925191899318,30.141052812496],[-88.9892932094908,30.1432723195622],[-88.9866600120344,30.1427591846977],[-88.9867671954209,30.1390989613276],[-88.9884688255545,30.1350145312271],[-88.9911922165604,30.1318689426706],[-88.9960448717077,30.1283076827036],[-88.9997074675128,30.1297590982246],[-89.0028425195824,30.1307390777261],[-89.0087542992295,30.1272004418424],[-89.0125241188452,30.1245324377159],[-89.0167886703323,30.1232481184964],[-89.0177500284847,30.1264736616501],[-89.0155532074405,30.1296334195789],[-89.0139280356156,30.1309721212376],[-89.0106471115169,30.135024544733],[-89.0078924420712,30.1390868910801],[-89.0019189400792,30.1449134381373],[-88.9986387642771,30.1489655579468],[-88.997630739544,30.1471131437512],[-88.9971806180097,30.1443556984857],[-88.9978385611917,30.1397909024794]]],[[[-88.9727826282179,30.147960157611],[-88.9791299686069,30.1476378218053],[-88.9833113693363,30.1490991430252],[-88.984875202397,30.1500465797296],[-88.9816551732948,30.1518112181259],[-88.9773906218077,30.1530929744437],[-88.971584036677,30.1529694530646],[-88.9695240209658,30.151096340722],[-88.9701052075984,30.1492766065255],[-88.9706541617803,30.1483719080821],[-88.9727826282179,30.147960157611]]],[[[-87.339039053719,30.2635443181651],[-87.3383524345164,30.2599027189311],[-87.3425875796526,30.2588950207635],[-87.3520934900054,30.2574343727364],[-87.3589526661888,30.2564510201477],[-87.3600275938511,30.2578157633256],[-87.3600424986983,30.2591874204219],[-87.3590126395138,30.2610272200073],[-87.3569154021088,30.2624205752568],[-87.3548021755901,30.2628991746755],[-87.350567803005,30.262481866565],[-87.3463336235577,30.2620632275621],[-87.342647947338,30.2634713340794],[-87.339039053719,30.2635443181651]]],[[[-87.2730446654259,30.2819532000343],[-87.2756767166319,30.2810137973157],[-87.2783172488326,30.280533508954],[-87.281490950019,30.2800470850895],[-87.2851830572778,30.2795570972854],[-87.2878235140199,30.2790766381071],[-87.2899362716181,30.2785994123158],[-87.2925690756124,30.27766075482],[-87.2957275153204,30.2762579596152],[-87.3009913329666,30.2743812254636],[-87.3067980187086,30.2734144447982],[-87.3110319268647,30.273374246886],[-87.3147169913317,30.2724264925857],[-87.3189429826351,30.2714721555526],[-87.3252602096992,30.2695834137389],[-87.3315851236472,30.2676929620627],[-87.3347368592283,30.2658334196257],[-87.3379172843046,30.265804211161],[-87.3389935333886,30.2671670166034],[-87.3379631738425,30.2694635569519],[-87.3358653893635,30.2708564674114],[-87.3326988360718,30.2718025091098],[-87.3305853876692,30.2722793257335],[-87.3279533813789,30.273217937721],[-87.324788229459,30.2741616176058],[-87.3226822703109,30.2746403925308],[-87.3189893303139,30.2755886118772],[-87.3174096904975,30.2760624326241],[-87.3153112843843,30.2774548095755],[-87.3153345300889,30.2792834387202],[-87.3142967720181,30.2811229897176],[-87.3127260857102,30.2820537139262],[-87.3106121351493,30.282531185894],[-87.3090251039947,30.2825435573878],[-87.3063783150281,30.2821109808344],[-87.3031885097436,30.281224050588],[-87.3005494121525,30.281249341583],[-87.2968483154526,30.281738759297],[-87.2920960146989,30.2826991962011],[-87.2894706406704,30.2840946361948],[-87.2863123617608,30.2854938464907],[-87.2815590926232,30.2859932784218],[-87.2789122587408,30.2860158438868],[-87.2746852604259,30.2865114326298],[-87.2720456265405,30.2869928770054],[-87.2694135474867,30.2879310635858],[-87.2683602234087,30.2883972012231],[-87.2667663695496,30.2879544337783],[-87.2662241509356,30.2865860037479],[-87.2656756441148,30.2847609153376],[-87.2667204135363,30.2838355685652],[-87.2693525195396,30.2824416119811],[-87.2730446654259,30.2819532000343]]],[[[-106.412861282596,48.9902769574805],[-105.914615928572,48.9895061433107],[-105.80891068939,48.989410787279],[-104.862080175264,48.9888498691845],[-104.807842629287,48.9885980038808],[-103.856236122241,48.988964265857],[-103.596427716777,48.9884496332075],[-103.596272058502,48.988060114466],[-103.59390688419,48.9821420084957],[-103.584385409627,48.961312835913],[-103.589893960696,48.9529947471635],[-103.602268721757,48.9419143998866],[-103.611874138493,48.9368397240869],[-103.619427139266,48.9299105240955],[-103.62766682392,48.9243742588187],[-103.649616904563,48.9105236741288],[-103.667454357698,48.8957421694066],[-103.674992143705,48.8911291109696],[-103.682522107182,48.8878973345506],[-103.693516355281,48.8800485234725],[-103.696255071545,48.8745006597869],[-103.696941688053,48.8675640204722],[-103.694927817001,48.8573916724538],[-103.686703397419,48.8541485714505],[-103.667568683589,48.848581407959],[-103.634724003166,48.8448461149716],[-103.627201641232,48.8443729735582],[-103.617664890817,48.8318769228796],[-103.614262297998,48.8240168979911],[-103.597912137869,48.8059615881047],[-103.589031708278,48.8027106218289],[-103.580143448972,48.8031648208445],[-103.55482168654,48.8100519253355],[-103.534992886711,48.8104790921439],[-103.522007629684,48.8081401397003],[-103.498097098105,48.8039316190713],[-103.476216035026,48.8024933089649],[-103.441356890663,48.801943829193],[-103.410618167591,48.799547459708],[-103.405147858702,48.7986127235085],[-103.396274850094,48.7939616944408],[-103.395634283923,48.78702855987],[-103.400471161061,48.7801073207834],[-103.410786001632,48.7695074955649],[-103.399227724722,48.7611512477315],[-103.384891776106,48.7578738349752],[-103.373997205071,48.7532224768021],[-103.361774934826,48.7430160294292],[-103.355007635635,48.7337516400872],[-103.348255688652,48.7231024388605],[-103.333935297959,48.7198210636893],[-103.323696494386,48.7193211700229],[-103.311398039819,48.7206642124306],[-103.300457493008,48.7220111131522],[-103.290234192561,48.720588112459],[-103.284771397181,48.718718271535],[-103.280712655115,48.7145479071775],[-103.2814221589,48.7108506713409],[-103.284191627191,48.7057796157199],[-103.286266731904,48.7025518765553],[-103.282887108109,48.6993046647654],[-103.277462407585,48.6946650175629],[-103.279568190663,48.6882052427632],[-103.284397647717,48.6826763160225],[-103.28856321025,48.6734504534439],[-103.279056945062,48.6674142044971],[-103.268162265331,48.6645942667108],[-103.259327571667,48.6599431846977],[-103.253918239521,48.6552997101161],[-103.249218545907,48.6474282328745],[-103.247227253112,48.6395719689323],[-103.248661387412,48.6321850072294],[-103.248737896925,48.6243324427574],[-103.244007478233,48.6169188756278],[-103.239964014714,48.6127482019549],[-103.235897391728,48.6099591940681],[-103.224293235162,48.6117601383538],[-103.208576608294,48.6149268685591],[-103.188763040299,48.6208449470339],[-103.168262952814,48.6253702193908],[-103.15527759877,48.6285485191218],[-103.141613471408,48.6312538946794],[-103.125874100095,48.6362599315675],[-103.112858309332,48.6417391193438],[-103.10596118382,48.6481721446739],[-103.100483452151,48.6518428073945],[-103.09364748035,48.6518045490129],[-103.088901871147,48.6490116188342],[-103.072521667761,48.6507742946614],[-103.060848775703,48.657638743555],[-103.048481384421,48.6649644239417],[-103.045711991587,48.6672613918926],[-103.046352989848,48.6718858950163],[-103.049702159857,48.6769874542579],[-103.05302860249,48.6848550291148],[-103.050953458251,48.6871559396554],[-103.041927917505,48.7000486825355],[-103.034283261623,48.7106331029985],[-103.026737610866,48.7138266564091],[-103.012348755971,48.7188251415094],[-102.995243620236,48.7210420976045],[-102.969212178847,48.7255101757289],[-102.965786397816,48.7282611311467],[-102.962933107725,48.7365636733079],[-102.959446438883,48.7425505181034],[-102.949192489715,48.7424894612038],[-102.941715685842,48.7401313625724],[-102.935581716892,48.739165888771],[-102.935505401415,48.7447140190835],[-102.936817557076,48.7488805560133],[-102.934711809032,48.7525664619154],[-102.919682046606,48.7524748482975],[-102.910786030348,48.7537986702237],[-102.907993708915,48.7584078772538],[-102.909931585189,48.7648905862503],[-102.910572656213,48.7690496477753],[-102.908451518232,48.7736626776413],[-102.902943056096,48.7773255440782],[-102.895397552662,48.7795881168302],[-102.888584537308,48.7776955936454],[-102.871578674395,48.772495227384],[-102.855175448985,48.7723843485395],[-102.838085684323,48.7722700303023],[-102.816212211109,48.7725829373237],[-102.801266269584,48.7669282627356],[-102.795864592881,48.7627271741142],[-102.790485738776,48.7580683291962],[-102.785137601664,48.7501702087828],[-102.782528379345,48.7427566604916],[-102.776623249027,48.7270020243842],[-102.774105507543,48.7145021350856],[-102.774921936897,48.7052684794574],[-102.772991637913,48.69786233192],[-102.771137735254,48.6867551794333],[-102.767101731345,48.6821078242858],[-102.76169240908,48.67929590411],[-102.743885578615,48.6833213172068],[-102.730183054564,48.6864499800561],[-102.71244483742,48.6858470310637],[-102.696117732553,48.6834128979074],[-102.681912018991,48.6749804589596],[-102.667721266871,48.6674752166873],[-102.648212928443,48.6525334466931],[-102.634655384394,48.647794327808],[-102.621715964803,48.647226005702],[-102.614872558544,48.6480919034358],[-102.605251838108,48.6517054866896],[-102.59836231414,48.6553454173631],[-102.590092085868,48.6594282115435],[-102.580547887521,48.6598096966317],[-102.570355025589,48.6574097467427],[-102.566235021116,48.6587604404371],[-102.54500244106,48.6631903724194],[-102.541653211762,48.659924157972],[-102.536228649579,48.6584893479489],[-102.524601524888,48.6588443341241],[-102.508236298215,48.6591609107237],[-102.490551398778,48.6566808014728],[-102.479717662553,48.6533460384645],[-102.4661679051,48.648599589141],[-102.452587542046,48.6452341293883],[-102.432278153421,48.6385682799373],[-102.413891426305,48.6360805593618],[-102.40028817238,48.6354776368067],[-102.388668463282,48.6367482307517],[-102.372257600395,48.6388889426345],[-102.361942664603,48.6420215471272],[-102.35437429635,48.6447114864138],[-102.334461654061,48.6500493852403],[-102.326962063521,48.6499692271088],[-102.313351261952,48.6489010942704],[-102.301891686536,48.6432348190317],[-102.273083227414,48.6212074184513],[-102.25150726185,48.6112717571179],[-102.225071556125,48.604972194228],[-102.204731393914,48.6005804481156],[-102.19810151091,48.5931133870549],[-102.184132013845,48.5795529568548],[-102.173588316675,48.565576305741],[-102.166958400434,48.5581055635461],[-102.159466331488,48.5580178344906],[-102.147724675192,48.5643477843834],[-102.13987395836,48.5781143586697],[-102.129284450705,48.5923046002095],[-102.122257676737,48.6005347755949],[-102.107044869097,48.6082040691628],[-102.088497725328,48.613522824229],[-102.071484125226,48.612389569479],[-102.053844931173,48.6093983892566],[-102.042385607285,48.6046325428312],[-102.038151209547,48.5847191556332],[-102.030933967586,48.5749284860419],[-102.019688188513,48.5627718601879],[-102.019245698167,48.5539922198014],[-101.995647930325,48.54537679646],[-101.978687919221,48.5433048960193],[-101.96604581504,48.5325183274598],[-101.931698431911,48.5200566152056],[-101.921787748776,48.5093004210651],[-101.920506017257,48.5065075420249],[-101.916668458381,48.4981476262625],[-101.902027601794,48.4868649252147],[-101.877667009766,48.4823740769518],[-101.849232158174,48.4773642193389],[-101.84008454716,48.4652306491576],[-101.841076286336,48.4550888068895],[-101.834034464689,48.4406736432163],[-101.824848756124,48.4299249853621],[-101.80975776902,48.4121712162154],[-101.792164418691,48.3879119591166],[-101.784298490687,48.3785674574755],[-101.762966579419,48.3657891413615],[-101.7351880226,48.3639958911935],[-101.721668825834,48.3619470485722],[-101.721798289236,48.3577956777752],[-101.715954196747,48.34940509426],[-101.70060395675,48.3408659761192],[-101.687588179462,48.3245161795255],[-101.678585537671,48.3086891523105],[-101.65725378271,48.297288130608],[-101.636494110854,48.2891230383274],[-101.617054521393,48.2819000473483],[-101.607708407855,48.2780539907681],[-101.597225664072,48.2668171459974],[-101.586788706521,48.2551185821918],[-101.561443753181,48.2427178214917],[-101.538807339,48.2308172366448],[-101.516148095035,48.2198397092367],[-101.496075163654,48.2125863039012],[-101.464771873681,48.1973050194153],[-101.436886293376,48.182069564258],[-101.428204052799,48.17869254288],[-101.417118634682,48.1674329127],[-101.414654226176,48.1604771686025],[-101.414776323393,48.1572492187356],[-101.416592116823,48.144363913357],[-101.418323947418,48.1342488934753],[-101.41743139303,48.1217873231583],[-101.415272224871,48.1069904073776],[-101.413441200505,48.1014235436998],[-101.406803534498,48.0980848710214],[-101.392658692577,48.0969134320582],[-101.384647824097,48.0940061106716],[-101.379414028147,48.0888435331878],[-101.375088251084,48.0786255136967],[-101.369663675426,48.0785300133871],[-101.354771091134,48.079190137702],[-101.342693872756,48.076210305688],[-101.336147781907,48.0710211473738],[-101.32347535689,48.0661868700398],[-101.316334314524,48.05821990041],[-101.303074333819,48.0515310609102],[-101.291065719779,48.0476239262191],[-101.285038460804,48.0465939536885],[-101.279598695533,48.0474179386455],[-101.274776913685,48.0491731316852],[-101.267834186994,48.0536564890058],[-101.258808637265,48.0599484857922],[-101.252727962666,48.0602995274638],[-101.245991208889,48.0592501915943],[-101.246891524722,48.053278734006],[-101.250111049869,48.040424177575],[-101.239506238514,48.0351584477934],[-101.225567342558,48.0289086946989],[-101.220394602404,48.0228190726118],[-101.220631132412,48.0168324695051],[-101.220875205573,48.010838084635],[-101.209568503655,48.0069424782965],[-101.204937540143,48.0040921835885],[-101.208553757727,47.9981666808814],[-101.206188666061,47.989822129171],[-101.196163588762,47.9868726718986],[-101.187321149824,47.9885475603359],[-101.180553927888,47.9888795321357],[-101.173168705461,47.9878228426333],[-101.167866233308,47.9854149823004],[-101.167454310834,47.9789514168548],[-101.159031415676,47.9700382198939],[-101.154438376341,47.967180568158],[-101.139881613743,47.9595340086188],[-101.125424005389,47.9500370398483],[-101.114254405249,47.9429057159325],[-101.095104722792,47.9328554895447],[-101.083668277198,47.9317109826451],[-101.070957583051,47.9291583913033],[-101.067013345642,47.9267774133816],[-101.057987733929,47.9169179907262],[-101.052288510949,47.9080505938088],[-101.038837979606,47.8911858422253],[-101.02747780637,47.8729895264413],[-101.019848262846,47.8622408393708],[-101.007038567169,47.8467766068164],[-100.995846242347,47.8405648763568],[-100.985867027637,47.8375999092949],[-100.97446872451,47.8364439909398],[-100.966328106066,47.8376609229992],[-100.957348293161,47.8425449359386],[-100.951702634925,47.8484170113792],[-100.941708118313,47.8611154553577],[-100.93614615701,47.8646828734317],[-100.929157824649,47.8705320715915],[-100.919712562256,47.8707916011206],[-100.913601360209,47.8715892489046],[-100.894192254179,47.8831653635298],[-100.884602020767,47.8866492308665],[-100.873165572478,47.8859509344369],[-100.863781408101,47.884371149538],[-100.855854555456,47.8809715178332],[-100.848408337421,47.881738500005],[-100.835941843098,47.8888469214787],[-100.813534274736,47.8920519587025],[-100.797604117426,47.8866376688145],[-100.784191604582,47.8849663947191],[-100.775608464351,47.8810936063991],[-100.76924554448,47.8731152407842],[-100.768024915468,47.8703259877592],[-100.766285366548,47.8642974862784],[-100.770107722337,47.8547053192765],[-100.773281666068,47.8441743242347],[-100.756481647611,47.8428884903236],[-100.746944880128,47.8454409176331],[-100.721745012791,47.8508743319963],[-100.710438236313,47.8478600023586],[-100.704441451786,47.8458835115567],[-100.703533630529,47.8371077842077],[-100.690761953352,47.8220745717683],[-100.679462919453,47.8190600910492],[-100.663868405073,47.8210138659082],[-100.64547401353,47.8251994368557],[-100.635403177848,47.8245126560734],[-100.624187966647,47.8196438814455],[-100.604847420938,47.8155193299852],[-100.590946610856,47.8105898078799],[-100.580418075452,47.80573622072],[-100.574116231138,47.7968383437992],[-100.573856818346,47.7885393892212],[-100.572918351961,47.7802214695261],[-100.55550810344,47.7784358970131],[-100.541447271964,47.776718772062],[-100.534847680152,47.7742653854321],[-100.532406279297,47.7691336187088],[-100.525791708077,47.7533142046351],[-100.517788451921,47.7522037841238],[-100.507694774776,47.751967275476],[-100.499073460636,47.749460618663],[-100.494434835394,47.7479648661133],[-100.491283943331,47.7437409474323],[-100.492901251304,47.7382543101895],[-100.495785177539,47.734640914421],[-100.501003745247,47.7246288782374],[-100.497974803976,47.7181079746367],[-100.483723178419,47.7205309021879],[-100.468174460151,47.7220037801428],[-100.462124317493,47.7218547740131],[-100.448261844812,47.7164558992493],[-100.437138108158,47.7106523377862],[-100.425976247902,47.7053183709909],[-100.41943787448,47.7019377566997],[-100.405178599768,47.6914523858381],[-100.394054846944,47.6856526916949],[-100.384808035872,47.6826615480161],[-100.366947672105,47.6771556718774],[-100.359188555585,47.6709744732316],[-100.358837475107,47.6649801396199],[-100.361286695797,47.6567500043297],[-100.367977620222,47.6449406665505],[-100.364925855454,47.6388817829013],[-100.36039400217,47.6355431411247],[-100.358074644633,47.6285758316544],[-100.357677980942,47.6235011944253],[-100.368023463048,47.6182317628056],[-100.379124145338,47.6116002389714],[-100.382053904518,47.6070712022617],[-100.379101327232,47.5991693695256],[-100.3743481084,47.5875432160612],[-100.367161295073,47.5836818775393],[-100.358425608329,47.5839224413484],[-100.353603830075,47.5861086862158],[-100.347591870307,47.5854982602566],[-100.340923798124,47.5848685028528],[-100.331417563479,47.5869365209211],[-100.324108590053,47.5853684391],[-100.315563700087,47.581930569139],[-100.309788261343,47.5771802434677],[-100.307407861486,47.5715979923428],[-100.310207809615,47.5693659016815],[-100.312382218591,47.5661990715654],[-100.307194278942,47.5628452377701],[-100.304684111154,47.5595561865045],[-100.303013308506,47.5530696923934],[-100.297085266657,47.551078019795],[-100.28596162792,47.5457324991218],[-100.278622139622,47.5450837563861],[-100.264622259737,47.5433477746634],[-100.24579293268,47.5442405624993],[-100.235851741859,47.5416839123578],[-100.226032781206,47.5372885903167],[-100.208538554579,47.5262464351672],[-100.204082967363,47.5219881140785],[-100.199047576921,47.5158680189522],[-100.19533200926,47.5102475391893],[-100.191791931084,47.501410908686],[-100.186718463751,47.4962140397447],[-100.178791578767,47.4941689270748],[-100.164776372725,47.4928793036701],[-100.147526280344,47.4896587541389],[-100.130932319243,47.4869155467082],[-100.113522010534,47.4864538225786],[-100.105221234152,47.4908339652189],[-100.094952131304,47.4947029918586],[-100.078487849201,47.5011666347841],[-100.073048123456,47.5023989856864],[-100.063541806166,47.5044441091446],[-100.056232903707,47.5033263568489],[-100.048351742971,47.5003501703511],[-100.041996450695,47.494195451238],[-100.038921775294,47.4895063008976],[-100.042637342056,47.4831647693075],[-100.053417737218,47.4705697765699],[-100.060665635086,47.461099329904],[-100.059132136336,47.4527738247799],[-100.049892946571,47.4387173802709],[-100.04194308897,47.4256147670356],[-100.035961576701,47.4130271700245],[-100.026714792578,47.3994248134565],[-100.017841795649,47.3904392072156],[-100.006268038072,47.3823004506202],[-100.003124705332,47.3789885504541],[-99.9993253266522,47.3752035831858],[-100.004322540492,47.3698197969519],[-100.006748686157,47.3625245836948],[-100.006641835147,47.3528595578358],[-100.008121992834,47.3391007554952],[-100.000988453196,47.3352203208227],[-99.9878735602911,47.3307179881185],[-99.9707913253074,47.325185460974],[-99.965603336251,47.3227357743374],[-99.9604916473999,47.3184586231147],[-99.9499021559137,47.316779794864],[-99.9393430140094,47.3256852033884],[-99.9372220107752,47.3389709465922],[-99.9320645734217,47.3581518106055],[-99.9257550539027,47.3630355958383],[-99.9091382360676,47.3722311428843],[-99.9021345092769,47.3775540359982],[-99.89476445131,47.388847895486],[-99.8920941444492,47.3998177472542],[-99.8915219158166,47.4205132915554],[-99.8899578860249,47.4467033436596],[-99.874821246538,47.4531821191993],[-99.8698620538929,47.4576387914064],[-99.8593030143965,47.4660862568663],[-99.855297575665,47.4770177875028],[-99.8542676032928,47.4829703394339],[-99.8506055033578,47.4989803840688],[-99.8470882989832,47.5126934055496],[-99.8482862069061,47.5260747245489],[-99.8520855469587,47.5409208464949],[-99.8525128360134,47.5561259032619],[-99.8515820798695,47.5602428822924],[-99.8471417846752,47.5670232704246],[-99.8385967006722,47.5750663075306],[-99.8260464600086,47.5935871415621],[-99.8127026557079,47.6033357616074],[-99.7945141607232,47.6258400567797],[-99.7753186282538,47.6427850243345],[-99.7600598493293,47.6612256081941],[-99.7543454556012,47.6665903053735],[-99.7482799867854,47.6668687239303],[-99.7364315729039,47.662839478669],[-99.7206997591171,47.6563836804749],[-99.7109570303975,47.6616300574499],[-99.7012676571142,47.6659492069763],[-99.6922497538445,47.6702876373264],[-99.6964840770223,47.6777850234201],[-99.7002530432385,47.6820432817494],[-99.7033200703832,47.6867403017721],[-99.6968731751011,47.6930017726891],[-99.687092267982,47.6986983079268],[-99.6635021960073,47.7099732263954],[-99.6584515746292,47.7153530374077],[-99.6427883831469,47.7287038504006],[-99.6283154603145,47.7443972647629],[-99.6120724745883,47.7457518335107],[-99.5895733822717,47.7501435520373],[-99.5817608896542,47.7563553345791],[-99.5713543822965,47.7611055332048],[-99.5611996313904,47.751582075391],[-99.5526166303975,47.7490139711552],[-99.546535998918,47.7492887986721],[-99.5332531821403,47.7567138175729],[-99.5264783191345,47.7675653678448],[-99.5186047671288,47.7848344640525],[-99.5030483727575,47.7857389197641],[-99.4796719318354,47.7827054109441],[-99.4557766132255,47.7773485414047],[-99.4456067041473,47.7784130717441],[-99.4439511162652,47.7829688314628],[-99.444958177106,47.7880702163256],[-99.448864432847,47.7900351244694],[-99.4651226827466,47.7988452891008],[-99.4715390173427,47.8036529686293],[-99.4716611271359,47.8119556882493],[-99.4677701176019,47.8196706678414],[-99.4633984042879,47.8246042928695],[-99.4472546105354,47.8241005903594],[-99.4294629544123,47.8180070187186],[-99.4038891768131,47.8075181597589],[-99.3751415830431,47.7941599165985],[-99.3705029910381,47.7930877214273],[-99.3669171778337,47.7961973997158],[-99.3532300482111,47.8091283501625],[-99.3387951923872,47.8229521211682],[-99.3281598643636,47.820769500143],[-99.3157010003308,47.8157560376766],[-99.2910352164646,47.8020503023455],[-99.2927975538468,47.7961135535648],[-99.2988476740477,47.7866315762008],[-99.3042874617766,47.7762037180567],[-99.3039669869007,47.7711251889165],[-99.2958722292479,47.7713238694895],[-99.2715115195404,47.7728347865125],[-99.2612042266142,47.7757230347773],[-99.2377743449159,47.7832511304068],[-99.2159390420172,47.7871390855349],[-99.2025571617249,47.7857770848747],[-99.189716809242,47.7862691389288],[-99.1796841007555,47.7946941523038],[-99.1716351077749,47.8036491142732],[-99.1587414627378,47.8142793979473],[-99.1469998333907,47.8088078330496],[-99.1396680077222,47.8076439369236],[-99.1232877198947,47.8010965119933],[-99.0939679235434,47.7871964677521],[-99.0677151058276,47.7775468794591],[-99.0591473959576,47.7657262829896],[-99.0530666953078,47.7567597299255],[-99.0405392736491,47.7531044112315],[-99.0242810605805,47.7543863245465],[-99.0091214359005,47.7589343772029],[-99.0020948065616,47.7628379680097],[-98.9900937437605,47.7702591469154],[-98.9683499163072,47.7727354150961],[-98.950275876571,47.7711749272039],[-98.9449353194434,47.7705301539396],[-98.9351315699632,47.7665009372494],[-98.9231381311639,47.7646921045328],[-98.9168820353532,47.7672409715323],[-98.9034924906349,47.7750668462754],[-98.89143039809,47.7741778133757],[-98.8878979600848,47.7763563550197],[-98.8767895828258,47.7718119385881],[-98.8771024372932,47.7676722953364],[-98.8816571518036,47.7609148740633],[-98.8858303823555,47.7592282660652],[-98.9025082694601,47.7524403309548],[-98.9120831650368,47.7504717520053],[-98.9260067626832,47.7445115701572],[-98.9327740250433,47.7350719448082],[-98.9328580480651,47.7249300890147],[-98.9249233881624,47.7140483924055],[-98.9054074131563,47.7050663393018],[-98.889042334705,47.6989500372753],[-98.8676342849284,47.697267341732],[-98.8472791262419,47.6993049404423],[-98.8210720642152,47.6988319027514],[-98.7828183804294,47.6886861380051],[-98.7277265294311,47.6788459893819],[-98.7050289372844,47.6766289447298],[-98.677738692078,47.6728553520873],[-98.6500363977356,47.6658385356672],[-98.6202817458198,47.6591956882544],[-98.607365122776,47.6693144879719],[-98.5997738762299,47.6800895958661],[-98.5876965419696,47.6796395941881],[-98.5525097685475,47.6736947729078],[-98.5320171963686,47.6692345145343],[-98.5260892461481,47.6676204727496],[-98.5244183545668,47.6551129706568],[-98.5282178257734,47.6414304419717],[-98.5275082043096,47.6335665315688],[-98.5243802390493,47.6306859095696],[-98.5143246801169,47.6220054826062],[-98.5023007578867,47.6210822141362],[-98.4900861080503,47.6224594450977],[-98.4613385600945,47.6204295974517],[-98.4576077075992,47.6248939029039],[-98.4505275629239,47.6292321866802],[-98.4349712853335,47.6221771647358],[-98.4270215714631,47.612649734581],[-98.4200634467495,47.6073078538631],[-98.4219784716789,47.600470356522],[-98.4290585678452,47.5961397594987],[-98.4343914722249,47.5885084563525],[-98.4402814353871,47.5822855513044],[-98.4473538365846,47.5779510023018],[-98.4542432276026,47.5759172727108],[-98.4625744856186,47.5808432471468],[-98.4758953523368,47.582277892207],[-98.4870648419845,47.5771803173997],[-98.4943967089755,47.5696292110778],[-98.4972348130464,47.5595980351916],[-98.5001339756073,47.5569461636776],[-98.5184369482986,47.5465871867111],[-98.5230908179517,47.5389330786099],[-98.5195202599374,47.5249758172689],[-98.5095639073517,47.51537961973],[-98.5078931747722,47.5111709709283],[-98.5101971738129,47.5075729223195],[-98.5144696080166,47.5045089537744],[-98.531757872509,47.4982591710847],[-98.5417142250948,47.4912690438793],[-98.5540509550799,47.4797652134743],[-98.5556836071762,47.467849131723],[-98.5644421695183,47.4506790294485],[-98.5599407646301,47.4399154842133],[-98.5587888459581,47.4292776960925],[-98.5606351300054,47.4063195647759],[-98.5620311981952,47.3805873258886],[-98.5645413004065,47.3576557674068],[-98.5634961357262,47.3373608502704],[-98.5576672121893,47.3182639991738],[-98.5463986060265,47.3086258390708],[-98.5263867843398,47.2912880115055],[-98.4996152218869,47.2667845245749],[-98.483883447626,47.2546700876041],[-98.4585384933876,47.2375802860989],[-98.4397930653845,47.2216616315125],[-98.4347043096243,47.2104173348179],[-98.4339337123157,47.203480640001],[-98.4238858573352,47.1957235446789],[-98.418346861463,47.1899849163729],[-98.4101757488077,47.1836816247806],[-98.4036297082643,47.1820486115833],[-98.3771939405562,47.178706128797],[-98.3463253534335,47.172425825769],[-98.3392682370705,47.1689231009251],[-98.3320659574491,47.1672519200658],[-98.3206372409599,47.16818297275],[-98.3108181904755,47.1737688936214],[-98.3031506679786,47.1776111197067],[-98.2953076676758,47.167625843771],[-98.2930722307525,47.1624786259418],[-98.2867551689785,47.1502574247637],[-98.278606940905,47.1439503314821],[-98.2687039428573,47.1426338787611],[-98.2438932050403,47.1361093530185],[-98.2408795548914,47.1323051959919],[-98.2394681291035,47.1253456478408],[-98.2362179498454,47.1086488222775],[-98.2317242156715,47.0988009090393],[-98.2266354105039,47.0958360985512],[-98.2169384473548,47.0922189125347],[-98.2102170179387,47.0928676546904],[-98.2065777163473,47.0964008159147],[-98.1995740093195,47.1002584460104],[-98.1807675228266,47.0939665953546],[-98.1569256692474,47.0842445463422],[-98.1506389381907,47.0798490197232],[-98.1488766259612,47.0770139724786],[-98.141468553088,47.0624462947638],[-98.1343426778765,47.0446696298256],[-98.1328625417492,47.0386257405872],[-98.135693205973,47.0290830533158],[-98.1396221459716,47.0067048116836],[-98.138470108722,46.9891685643986],[-98.1309781224215,46.983342185347],[-98.1272015016608,46.9808887929638],[-98.1285748047447,46.9726624374847],[-98.1302227030479,46.9690528851964],[-98.1349225224261,46.9531459046253],[-98.1294750684746,46.9469417865832],[-98.1269116656243,46.9380974018907],[-98.1261792979192,46.9311682307139],[-98.1325115789508,46.9194736637179],[-98.1405682534255,46.9032499517143],[-98.1409267881233,46.8991291677585],[-98.1282238940486,46.8921657028191],[-98.1250043176973,46.883294583963],[-98.1269193004059,46.8764762390595],[-98.1267208814242,46.8557768578263],[-98.1242490052232,46.8382023724503],[-98.1174817338799,46.8319487310708],[-98.1064266563617,46.8291862856745],[-98.1008648962819,46.8243595894046],[-98.105831687776,46.813069310921],[-98.107128623281,46.8057702796315],[-98.1032529012764,46.7968723609778],[-98.0943113045003,46.7928241206171],[-98.0738950864256,46.7832354954091],[-98.0742535824959,46.7791148557761],[-98.0853543402446,46.7736013440359],[-98.0869565044184,46.7704534341247],[-98.0809444422428,46.7633070191227],[-98.0714993119022,46.7573966503762],[-98.0648694217119,46.7497618327722],[-98.0644269008231,46.7396277069845],[-98.0647625895667,46.7281542574947],[-98.071514452108,46.7192449414421],[-98.0740552183115,46.7129149817567],[-98.0633435182174,46.7064933693045],[-98.0440793472738,46.6992438931558],[-98.0227246601201,46.6932916570923],[-98.0112499939058,46.6955618305281],[-97.9963957110824,46.6986066369768],[-97.9905286253156,46.6974429342489],[-97.9839900857049,46.6888885167127],[-97.9701123811897,46.6809407174699],[-97.9407086264953,46.6686546369477],[-97.9285322314153,46.6713523235095],[-97.9104963161799,46.6728709025871],[-97.8981976738645,46.6695817564703],[-97.8850750940755,46.6680975775513],[-97.8773542071591,46.665464841292],[-97.8676189748806,46.6558496385936],[-97.8570142084414,46.6484969877636],[-97.8504529522337,46.6477492121841],[-97.8389859711067,46.6500118417803],[-97.8323864529561,46.6497218089488],[-97.7984815350203,46.6436398871237],[-97.7896236756017,46.6391108509481],[-97.7822460852611,46.6328114125242],[-97.7672618575386,46.6156070729013],[-97.763759962253,46.6103987836538],[-97.7617536101002,46.6034163696383],[-97.764530520934,46.594804746217],[-97.7700315135781,46.5853992948598],[-97.7785840760559,46.5715336840102],[-97.7814678630523,46.5689009690514],[-97.781147358532,46.5652151798376],[-97.7773710431985,46.5558556025657],[-97.7770428634724,46.5521659926244],[-97.7730297189923,46.5382049236346],[-97.7726025449219,46.5211837295293],[-97.7780652334023,46.5048837181502],[-97.7806210140475,46.4985689538431],[-97.7842526898404,46.4950509902901],[-97.7877926692025,46.4924526496311],[-97.7894024510899,46.4893086099974],[-97.7904401552617,46.4852184047653],[-97.8119779559013,46.4664116046301],[-97.8252377632313,46.4513783015413],[-97.8322796190143,46.4392829988798],[-97.8330654733097,46.430595061795],[-97.8281445812351,46.4193543803753],[-97.816479214364,46.4023104204883],[-97.8086132558175,46.3799208260166],[-97.8169293987804,46.3609995476187],[-97.8249479236016,46.3452795137862],[-97.8307154823231,46.3253280113417],[-97.8221859930734,46.3102603785949],[-97.7990840898786,46.3032741734573],[-97.7695051394492,46.2950821293147],[-97.7730908655171,46.284681018228],[-97.7902187537819,46.2702887533962],[-97.8045087625545,46.2580676028931],[-97.8067287879808,46.2554081329053],[-97.8126034788848,46.2414355762265],[-97.8223767997313,46.2207515364486],[-97.8298459948747,46.2109837200078],[-97.8362392490563,46.2130975336524],[-97.849316166581,46.2141277307761],[-97.8630033006951,46.2083051959758],[-97.8594402391219,46.1966716109571],[-97.8537488018409,46.1941304552053],[-97.8515743560338,46.1889871945015],[-97.8568616224038,46.1814171195144],[-97.8467069047354,46.169955248151],[-97.8327068748315,46.1574098247891],[-97.8229718096396,46.1487217609577],[-97.8164182645703,46.1484356362375],[-97.8073239901285,46.1544564725925],[-97.7927440734541,46.1556508444164],[-97.7826658194843,46.1579554266637],[-97.7667584784843,46.1664335893447],[-97.7526974790237,46.1763614963962],[-97.7379421644934,46.1793758376117],[-97.7310222496204,46.1758578256329],[-97.7232861173953,46.1741294747422],[-97.7129481865281,46.1649492902951],[-97.6956753811433,46.1453565141941],[-97.6845593583231,46.1375116890968],[-97.6765942949395,46.1311893573703],[-97.6732984857565,46.1241534829821],[-97.7022137725321,46.1029734223586],[-97.7182507332411,46.0857920583709],[-97.7362485536203,46.0687060395392],[-97.7505001288718,46.0564962791851],[-97.7594800181336,46.0445078927988],[-97.7629818927579,46.0276851798281],[-97.7619748894092,46.017093218387],[-97.7582364479464,46.0077528242235],[-97.7559247862763,45.9970960005874],[-97.76564449926,45.9768850798695],[-97.7658887269313,45.9525877393187],[-97.7525142837911,45.9409808514937],[-97.7478755552422,45.934353264723],[-97.7533612612551,45.9245053960167],[-97.754009724516,45.9029780818302],[-97.7564587367964,45.8833700978456],[-97.7508207106472,45.8661467679953],[-97.749233697459,45.8619458759252],[-97.7396742052944,45.8518880798529],[-97.7284130955726,45.8390030310076],[-97.7173429901381,45.8311696405543],[-97.7111172897233,45.8276823067462],[-97.7007947083693,45.8331766829213],[-97.689961054789,45.8299372440091],[-97.6854596606806,45.8219399714354],[-97.6776012569656,45.8078223994168],[-97.665119617047,45.7870811968405],[-97.6552243732568,45.7737954495164],[-97.6292005235307,45.765271556845],[-97.6132548945366,45.7608760436048],[-97.5981107828632,45.7620131657589],[-97.5847516191677,45.7719449989983],[-97.5699505660165,45.7763136988311],[-97.5451626525942,45.7825063864095],[-97.5246243732353,45.7852229977456],[-97.5138135171002,45.7888478215006],[-97.4983105087079,45.8005080689326],[-97.4838909655662,45.8145111266139],[-97.4694637750665,45.8216346476382],[-97.4449124940597,45.8250686596053],[-97.4422268026514,45.8189790766477],[-97.4182095242669,45.8100506576266],[-97.3998837613169,45.8032208352067],[-97.377911053909,45.7934683848438],[-97.3553891677403,45.7827658386332],[-97.3350797845057,45.7762947359606],[-97.3191800836771,45.778282559919],[-97.2852062793321,45.7844522950138],[-97.2689022944049,45.7905418566236],[-97.263103894723,45.7962231539424],[-97.2637371324382,45.8031369393093],[-97.2679410485418,45.8203145614344],[-97.2671779863018,45.8280753324039],[-97.266682233046,45.8330928021027],[-97.25948765019,45.8396287146901],[-97.2465863757612,45.8376256663787],[-97.2386975595823,45.83128419823],[-97.2334637798025,45.8246069846634],[-97.2334027698218,45.8186395153109],[-97.2288022142824,45.8055712485819],[-97.2211728288626,45.7900649060198],[-97.2130475635245,45.7795798734111],[-97.2056468936676,45.7750889746229],[-97.1959195468006,45.7741579395446],[-97.1761898284526,45.7686064260947],[-97.1627622158274,45.7720785676335],[-97.1592755829185,45.77419995005],[-97.1586194588249,45.7938919738919],[-97.1565824049507,45.8011300432531],[-97.1499981186341,45.8145682836262],[-97.1427732697395,45.8343977110981],[-97.1361737183513,45.8414105950885],[-97.1282238517673,45.8488165531804],[-97.1178937128869,45.8538149638594],[-97.1125454841467,45.8549252598081],[-97.0928998768553,45.8612934111104],[-97.0644422511743,45.8704315206746],[-97.0467954286277,45.8764333919166],[-97.0200085894251,45.8819774176471],[-97.0140958135463,45.8821415091416],[-96.9994244097485,45.8846139047407],[-96.9866069885599,45.8881013616374],[-96.9753843357153,45.8889139679269],[-96.9669995866175,45.8875710096486],[-96.9444546092545,45.8836829564748],[-96.9175382779036,45.8777230952465],[-96.8985105165933,45.8652882343678],[-96.8774457238666,45.853658548916],[-96.8691296689386,45.8454321751548],[-96.8608288242849,45.8307805506733],[-96.8427471174278,45.8032437780523],[-96.8263668574482,45.7909271982311],[-96.8219722721288,45.7829032629361],[-96.8175015339278,45.7693694261563],[-96.817081980266,45.7546681882839],[-96.8156018333588,45.7252351352035],[-96.8074764754943,45.7092136960646],[-96.8015942135891,45.7029486108019],[-96.7811931806359,45.6917996594763],[-96.7571453649217,45.6781629471321],[-96.7361569676217,45.6665178754087],[-96.7200894749728,45.6578833251415],[-96.6846356440949,45.6349215014094],[-96.6685757053792,45.6262754739613],[-96.6663098353308,45.616980774015],[-96.6554073016293,45.5912717403654],[-96.6462520827836,45.5935305310947],[-96.6296276696929,45.6026878266925],[-96.6187938544157,45.6110782213334],[-96.6159481991065,45.6148975212819],[-96.6057171093675,45.6227918938874],[-96.5994230121254,45.6249667301513],[-96.5954710231533,45.6247187205033],[-96.5733914970749,45.6259091491429],[-96.5605587380511,45.6279733545579],[-96.5568052399258,45.6295529665698],[-96.5368772059024,45.6324566430611],[-96.5130506721921,45.6295988091357],[-96.5072064269897,45.6299116803805],[-96.4991650741806,45.6280458223371],[-96.4922757532312,45.6247454446261],[-96.4763456147858,45.6164160846047],[-96.4741559479246,45.6142451448721],[-96.4685178472153,45.6104142536165],[-96.4643750426021,45.6083424506772],[-96.4501080837013,45.6031342827955],[-96.446117883092,45.6024283704666],[-96.4416166030696,45.6031266335264],[-96.4379163813289,45.6051526522133],[-96.4358105892674,45.6098495439574],[-96.4363447257387,45.6148670267533],[-96.435390931401,45.6181292949933],[-96.4356809641686,45.6208650412571],[-96.4353757121435,45.6240891689092],[-96.4322705613964,45.6256306342575],[-96.4255871468865,45.6241502258222],[-96.4221921592046,45.6229521371398],[-96.4024855212711,45.6157369346224],[-96.3922770726706,45.6114941011033],[-96.3867688369104,45.6092162220728],[-96.3846173448554,45.5951177851234],[-96.3797267673283,45.5797793590931],[-96.3772014988601,45.5744109377023],[-96.3725094705704,45.5732777450911],[-96.368519087603,45.5725718162454],[-96.3645290864196,45.5718621218757],[-96.3603484555464,45.5693324253695],[-96.3580134969677,45.5657878394816],[-96.3587843035838,45.5607017125459],[-96.3662760671021,45.5451801151907],[-96.3569456201821,45.530993966212],[-96.3541075448573,45.5288496219168],[-96.3501935195873,45.522634129634],[-96.3510555016115,45.5184637669326],[-96.3520627214541,45.515663139692],[-96.357754380619,45.5016105558444],[-96.3593791005913,45.4923578570401],[-96.3570522915289,45.488809460418],[-96.3522229305952,45.4863103210676],[-96.3366666098856,45.4747453825127],[-96.3211102370738,45.4631843246203],[-96.3107876215839,45.4641763804543],[-96.2919736170903,45.4711129705354],[-96.2792934189513,45.4745164691708],[-96.2644390391098,45.4757412285077],[-96.2547191132254,45.4762487298265],[-96.2500880985098,45.4755695170166],[-96.2290616872019,45.473902123905],[-96.224575452164,45.4745851476804],[-96.220775951313,45.4756992816101],[-96.2177776911016,45.4781412354763],[-96.2022898660342,45.4922243354632],[-96.1971019838773,45.4924913770409],[-96.1884428767153,45.4906408559546],[-96.1665309484212,45.4867185063839],[-96.1474958802144,45.4853907632713],[-96.1424985576787,45.4874778078094],[-96.1381498960333,45.489530649893],[-96.1344877709454,45.4920106865539],[-96.1307414476643,45.4935712426556],[-96.1180997585049,45.4974211108301],[-96.1129575269341,45.4981384404196],[-96.1077696438789,45.4983978911631],[-96.1001324395228,45.50016072559],[-96.0790143012413,45.5039723601356],[-96.056774546259,45.5032550903891],[-96.0521437067148,45.5089860272855],[-96.0376859240882,45.5207072736025],[-96.0224804853286,45.531551073353],[-96.0078703601079,45.541902547943],[-96.0043301992862,45.5585764567136],[-96.0046503992776,45.5617738875982],[-96.0036741210066,45.5650285509966],[-96.0014384873523,45.5688097086755],[-95.9931758345729,45.5774709765471],[-95.9900706892157,45.5790009834246],[-95.9863552006068,45.5810156179776],[-95.9682127245174,45.588791636889],[-95.9448820051484,45.5903941861441],[-95.9384731499253,45.5916265797964],[-95.9355434410515,45.5949766282019],[-95.9331785964217,45.5973880579887],[-95.9327968995625,45.6001581330884],[-95.9284632837998,45.60907885038],[-95.9261366364341,45.6119442907334],[-95.9220014019238,45.6162711195132],[-95.9128383039548,45.6226812196122],[-95.907825974164,45.6247606995725],[-95.9015087848291,45.626901248664],[-95.8817717254486,45.6319911817137],[-95.8588909695104,45.6317240705646],[-95.8474696964617,45.6350321006406],[-95.8443493713728,45.6365545185396],[-95.8383450122508,45.6418886401517],[-95.8353619766868,45.6447846349369],[-95.826122856092,45.6571469630556],[-95.8163645559752,45.670917229181],[-95.8088267627818,45.6873278193212],[-95.8070951145446,45.6896972897765],[-95.8027232583985,45.6917423885136],[-95.7988628032622,45.6923872516483],[-95.7774395701608,45.6938752903879],[-95.7735869698934,45.6945163001769],[-95.7691234415709,45.6956456854893],[-95.7660030742612,45.6971719157226],[-95.7619364404959,45.7024105983801],[-95.7602503691829,45.7052417888689],[-95.7586940532245,45.7094426653346],[-95.7508891810157,45.7098127803217],[-95.7301449808442,45.7117166850264],[-95.7245984750562,45.7151888437471],[-95.7185328481369,45.7200612561217],[-95.7181436799895,45.7228313684511],[-95.7179762115627,45.7278831681208],[-95.7203261495487,45.7319008955198],[-95.7285887115982,45.7429659765339],[-95.7315028400917,45.7460412745448],[-95.7485012092588,45.7594490265098],[-95.7592434996832,45.7690260458071],[-95.7619444390952,45.7766914624773],[-95.7616545231086,45.7803772670212],[-95.7594417632563,45.7846086946289],[-95.7494319914539,45.7960934856039],[-95.7439162008621,45.8000196864446],[-95.7310301205381,45.8088869551454],[-95.7266431196946,45.8109282593074],[-95.7078824688408,45.8200741393369],[-95.6930735985499,45.8294870660726],[-95.6900830171376,45.832379300549],[-95.6890376943538,45.8351798256632],[-95.690220330917,45.8406284122684],[-95.6946604895673,45.8459243989417],[-95.7024883263081,45.8524337056431],[-95.7086225961933,45.8548947427826],[-95.7202344019138,45.8598510504267],[-95.7262309995917,45.8609385301299],[-95.7392469736109,45.8667495455989],[-95.7422528021286,45.8707330040262],[-95.7446028784552,45.874746965195],[-95.7463117984175,45.8787952379264],[-95.7510952725081,45.8808632230874],[-95.7582668764592,45.8805236541122],[-95.7714122285406,45.8808136491682],[-95.7762875922,45.8837897575852],[-95.7826506701745,45.8885324982596],[-95.7850538504091,45.8930081137153],[-95.7878995506341,45.9020432961409],[-95.7849088892717,45.9049392947793],[-95.7826962776415,45.9091746016477],[-95.7793622244819,45.915294646384],[-95.7743265959859,45.9242536065653],[-95.7653926456695,45.9402749357224],[-95.7650035520822,45.9430489259504],[-95.7629741195149,45.9491118021678],[-95.7575803929022,45.9544115780075],[-95.7497296778677,45.9680902379176],[-95.7470821001803,45.9746415496766],[-95.7446255339667,45.9898998879789],[-95.7407269148039,46.0038495045933],[-95.7389646079643,46.0195352133601],[-95.7398876933941,46.02224423369],[-95.7488522034982,46.040173464519],[-95.757419924148,46.0539932796971],[-95.767826486303,46.0663518711134],[-95.7743803188332,46.0729222235683],[-95.7798886426283,46.075417562447],[-95.7839931233149,46.0770544398117],[-95.8002438624003,46.0886727964577],[-95.8018689839195,46.0918053949868],[-95.8071408819117,46.1053199789086],[-95.8118022776502,46.1193306854468],[-95.8177302656,46.1328148166125],[-95.8282055632473,46.1456311390651],[-95.8316539665526,46.1472985466036],[-95.835064609175,46.1485156916635],[-95.8372542302221,46.1507058405992],[-95.8483012588353,46.162564494486],[-95.851460147701,46.1679254034394],[-95.853268302756,46.1728894130609],[-95.8522762536619,46.1761479156795],[-95.8471033518107,46.1837445729998],[-95.831554903038,46.1863277592853],[-95.8085064882302,46.1929400560026],[-95.7883877382787,46.2026240013049],[-95.7855113048911,46.2068935501355],[-95.7790339782805,46.2214345708773],[-95.7779887084973,46.224239005319],[-95.7723127608668,46.226802947602],[-95.7672848426109,46.2293365170304],[-95.7483715688886,46.2380398734799],[-95.7432063521246,46.2392034560298],[-95.7342036573327,46.2414661500829],[-95.7299239395888,46.2448849136108],[-95.72822231215,46.2477198043678],[-95.7278791027109,46.2509515680259],[-95.7240946782853,46.266278500407],[-95.7199061422376,46.27749626356],[-95.7161906769848,46.2799687517095],[-95.7073177393441,46.283601263939],[-95.6888087173812,46.2899807083424],[-95.6816833057004,46.2912322947789],[-95.6584896333111,46.2969097266606],[-95.6361280281487,46.3043806140182],[-95.6329771980694,46.3059029961468],[-95.630566077626,46.308310658116],[-95.6282467919542,46.3116340066675],[-95.6236080813715,46.3251676102387],[-95.6183971179017,46.3396438096803],[-95.595623360297,46.3361068561459],[-95.5927395409612,46.3334855837921],[-95.5898939099065,46.3313145874463],[-95.5850795041256,46.3292427118605],[-95.5827984534471,46.3261369283865],[-95.5711253062674,46.314270484062],[-95.566181543984,46.3108289308263],[-95.5646100366158,46.3081427997623],[-95.5636944835597,46.3054299386877],[-95.5609936932681,46.2908582915004],[-95.5620007361426,46.2875998552482],[-95.5651288990323,46.2718416287185],[-95.5681578789315,46.2551715710788],[-95.5730254604856,46.2439310209477],[-95.5753446922586,46.2406115257873],[-95.5800364250026,46.2275394037658],[-95.5791213094261,46.2248265641859],[-95.5745435818748,46.211266137106],[-95.5761608853561,46.2075192200807],[-95.5819439804404,46.1921043521638],[-95.5810282593994,46.1893876941269],[-95.5722546574628,46.1801541843857],[-95.5681499387227,46.1785059044435],[-95.562077164807,46.1769490916312],[-95.5568357798901,46.1771933081244],[-95.536083497576,46.180440314608],[-95.514584225679,46.1827983600014],[-95.5106092955312,46.1825237134918],[-95.5065043063981,46.1808714467918],[-95.4874613824241,46.1743927062209],[-95.4819227386915,46.1714318649789],[-95.4795728851471,46.1674064206585],[-95.4744075704668,46.1543306509539],[-95.4703490143525,46.1531402014146],[-95.4657637256815,46.1533461724972],[-95.4414790403965,46.1539834447136],[-95.4222303887477,46.1520984932268],[-95.4200558001085,46.1499008216021],[-95.4172253910063,46.1477335656699],[-95.4095271676862,46.1499160842306],[-95.4056820782329,46.1510033948179],[-95.4017985902927,46.151636869446],[-95.3840755025752,46.1525068106758],[-95.3749357581086,46.1528386468043],[-95.3574108836585,46.1554561574325],[-95.3529551886453,46.1570319281372],[-95.3482558103399,46.1632056319408],[-95.3484996490407,46.1659489493791],[-95.3461728076389,46.1692608178984],[-95.3425337315246,46.172637566399],[-95.3371623397249,46.1715004971957],[-95.3135267240636,46.1647432730511],[-95.3077512314215,46.1663724059481],[-95.2937131228309,46.1784639072058],[-95.2905621076987,46.1799824944661],[-95.2663616843874,46.1777236759788],[-95.2526515408256,46.1808333312701],[-95.2456554155788,46.2076489827133],[-95.2534833601174,46.2215375193853],[-95.25598576736,46.2273943438416],[-95.2551314398804,46.2324804495176],[-95.2533687234091,46.2348500191244],[-95.2407346564548,46.2482540034801],[-95.2393841687825,46.2552020801351],[-95.2391402258772,46.2597998918222],[-95.2406963361214,46.2624897308252],[-95.2436108329242,46.2655727556851],[-95.2584195289418,46.2764050207671],[-95.2619898659706,46.2794613512913],[-95.2692684700517,46.2942962148222],[-95.2741208521112,46.3115270922164],[-95.2807813407168,46.3268466167819],[-95.2825892747862,46.3322761562544],[-95.2860836008672,46.3344165440498],[-95.2968793230847,46.337159964232],[-95.3042342399476,46.3382131121961],[-95.309444957279,46.3375225011738],[-95.3250396207797,46.3276554412749],[-95.3327909066853,46.3185858860557],[-95.3415265341399,46.313148817619],[-95.3446773965585,46.3116339880526],[-95.3505902281328,46.3113706665367],[-95.3566249916339,46.3124848087691],[-95.3608211849211,46.3150488593031],[-95.3648036761887,46.3153349946807],[-95.3705870695137,46.3136981851668],[-95.3769880626814,46.311576698031],[-95.3828551403634,46.3108556349793],[-95.395542730739,46.3125840179966],[-95.4025312364755,46.3168689690686],[-95.408375245421,46.3230309518208],[-95.4114650277902,46.3279416006751],[-95.4092373999217,46.3395217164271],[-95.3981671408752,46.3625219309404],[-95.3952142994846,46.3663259962007],[-95.3772930631783,46.3795202506298],[-95.3729823598452,46.3829312344142],[-95.3707319596842,46.3871664926363],[-95.3668181023993,46.402035732134],[-95.364201111449,46.4094988041912],[-95.3624384551647,46.4118721671565],[-95.3602642626826,46.4170231626773],[-95.3547634290403,46.4218574878765],[-95.3494228000475,46.4211782049858],[-95.3446468610253,46.4195527607436],[-95.3366284646633,46.4185265203712],[-95.3312802233467,46.4178472133206],[-95.3273817272531,46.4184768561371],[-95.3016933632512,46.4264970913592],[-95.288784693891,46.4298166468799],[-95.2672314736696,46.43259823415],[-95.24255026573,46.4373484840235],[-95.2360578887451,46.4385504675965],[-95.22334713531,46.4515004412474],[-95.2132611630153,46.4643396665619],[-95.2050212492907,46.4830663849497],[-95.2027173697259,46.4868400416239],[-95.1952634486373,46.4922161599765],[-95.1869853214789,46.4957911979462],[-95.1780134757321,46.4989315013668],[-95.1736417597233,46.5018732003246],[-95.1738858508506,46.5046204919433],[-95.1761058062082,46.5072798723959],[-95.1784558187544,46.5113129261478],[-95.1823544217476,46.5253846457945],[-95.1836590872555,46.5400325395647],[-95.1854216653863,46.5450079897359],[-95.1850477856667,46.5482397567811],[-95.1859553598865,46.5509602892211],[-95.1838802920043,46.5648296895077],[-95.1804854264933,46.5861090092706],[-95.1801113742972,46.5893446026451],[-95.1700406338365,46.6026418459952],[-95.1541106507997,46.6171104542101],[-95.1503947920848,46.6200216132505],[-95.147335383552,46.6229100004875],[-95.1446042697297,46.6294613509906],[-95.143612261958,46.6331815597547],[-95.1460764539701,46.6385881237586],[-95.1483043378585,46.6412514489749],[-95.1511881625842,46.6438841314402],[-95.1546902240581,46.64603226906],[-95.1600918792014,46.6471806983185],[-95.1646693076137,46.6465244665853],[-95.1685527695028,46.6454370227973],[-95.1775097283685,46.6418389826479],[-95.1818816258371,46.638893407531],[-95.1870845592666,46.6377525301155],[-95.1933940859721,46.6416137723987],[-95.1976817789592,46.6451089170839],[-95.2025038204199,46.6471996872347],[-95.2210277957391,46.6542051186849],[-95.2264751275198,46.6558077139006],[-95.2305568601684,46.6570133008283],[-95.2321286037935,46.659703402274],[-95.2368740135706,46.6755836816867],[-95.2371181442238,46.6783269475101],[-95.239467874699,46.6823677243561],[-95.2420314167883,46.696042639736],[-95.2407116236509,46.7108088501349],[-95.2372022957047,46.7307260209761],[-95.235546552414,46.7344767134046],[-95.2366606079951,46.7394826535646],[-95.2484400878567,46.7523029407463],[-95.2506681981205,46.7549699542618],[-95.2529415906612,46.7580833941997],[-95.2512477183783,46.7613800723771],[-95.2501796861842,46.7641845425521],[-95.2433135013449,46.7690799731108],[-95.2415358081611,46.7714570426563],[-95.2455945358537,46.7869100193585],[-95.2473723359369,46.7918892914395],[-95.2467541009854,46.799733923481],[-95.2457546255188,46.8034542269526],[-95.2429471324394,46.8090936107519],[-95.2281384121672,46.8216887026223],[-95.2237974993894,46.8250960148319],[-95.2213560760766,46.8274997074291],[-95.2233317597455,46.8421323529807],[-95.223705627787,46.8462531685467],[-95.2239957126569,46.8568223523076],[-95.2225005198671,46.8624044311249],[-95.2235378530346,46.8664984997124],[-95.224529663177,46.8701346620246],[-95.2287106839189,46.8722561609573],[-95.2398878721286,46.8782122984847],[-95.2618297790004,46.8855381529713],[-95.2665981030038,46.8867095221552],[-95.2820477865026,46.8956951697873],[-95.3013195284475,46.91003779972],[-95.3124358261522,46.9224306693041],[-95.3153803662113,46.9255212524534],[-95.3218123305951,46.9376585398852],[-95.3228117746206,46.9412947475221],[-95.3180127453025,46.9470257451738],[-95.3004956089402,46.959292763814],[-95.2828869171826,46.9706401456025],[-95.2797741595017,46.9730745075952],[-95.2752957362135,46.9751119811544],[-95.2716106861196,46.9784926293608],[-95.2685439338593,46.9813885574384],[-95.2700390314277,46.990523008216],[-95.2766004493321,47.0040376625227],[-95.2796293214335,47.008051707227],[-95.2805371840124,47.0107684549748],[-95.2840315199748,47.0271828474509],[-95.2838710054066,47.0327153951191],[-95.2847868432287,47.0354321114056],[-95.2844968787331,47.0395872248943],[-95.2777830589458,47.0536780766509],[-95.2697339923033,47.0678337909284],[-95.268078449337,47.0715883334974],[-95.265667620846,47.0744538058403],[-95.2599379934874,47.077464183793],[-95.2573284468758,47.0799673551284],[-95.2544214752602,47.0827640084961],[-95.2506375440098,47.0852288848843],[-95.2371028944236,47.0977782895895],[-95.228664728804,47.107809389208],[-95.2265440354886,47.1138798623641],[-95.2157789871448,47.1276922323779],[-95.2126585120372,47.1301265824042],[-95.1990244476952,47.1417601822791],[-95.1839644012644,47.1525276395615],[-95.1687817931878,47.1619215782256],[-95.1619151699707,47.1672747533911],[-95.1609922920518,47.1719182432829],[-95.1606946694183,47.1760734727256],[-95.1577649165271,47.1881687609544],[-95.1593822460596,47.1913241734524],[-95.1491742942274,47.2041826179761],[-95.1359144725243,47.2203988442426],[-95.1251492031949,47.2346613259099],[-95.1148495693048,47.2466078458217],[-95.1021541680779,47.2618776369343],[-95.0907177916542,47.2761745320216],[-95.0931592760526,47.2811347104693],[-95.0934034570114,47.2838858845141],[-95.0953107106153,47.2902540684209],[-95.098339546784,47.2942716393642],[-95.1107600958734,47.3135480843165],[-95.1160701228578,47.3280622347421],[-95.1173445142423,47.3349190010113],[-95.1164592829203,47.340024224393],[-95.1121563104886,47.3443470434454],[-95.1056105214735,47.3460069716657],[-95.0711942249858,47.3506734049213],[-95.0647626226231,47.3537029583995],[-95.0480924089276,47.3622267615137],[-95.042446657267,47.3666069817732],[-95.0407300144883,47.3699037865961],[-95.0377546226891,47.3741732448768],[-95.037655418139,47.380621607481],[-95.0425688595867,47.3831818865535],[-95.050518410862,47.3897599519812],[-95.0543406588526,47.3951245635419],[-95.0582851846214,47.4018744421549],[-95.0674329438569,47.4143893969755],[-95.0792433607986,47.4341691415499],[-95.0851787742225,47.4481989994056],[-95.0901686164868,47.4590503895545],[-95.0891993863975,47.463236201766],[-95.0855525766869,47.4675362541234],[-95.0818677664432,47.4713785307889],[-95.0809367488895,47.4760219668887],[-95.0795253500511,47.4903648203075],[-95.0768931730809,47.5061419918134],[-95.0741010411929,47.5200881118421],[-95.0728877514173,47.5367276016183],[-95.0687068447613,47.5502691068044],[-95.0599867572629,47.5580069977414],[-95.0498471303929,47.5648790028424],[-95.0438579797487,47.565588590452],[-95.0377924696103,47.5653788275095],[-95.032986214244,47.5641959810861],[-95.0112346630759,47.5614066256249],[-94.9882320003638,47.559586687056],[-94.9842192170065,47.5597507298158],[-94.9782224926661,47.5604567042644],[-94.9696876503556,47.5623810997192],[-94.9436915684532,47.5503339390673],[-94.9136967393697,47.4921342507521],[-94.8761654591759,47.4384959772717],[-94.8704430147463,47.4303076840672],[-94.8618518822035,47.4297867759919],[-94.8507777720794,47.4250230469058],[-94.8408581785551,47.4246071276979],[-94.8320997644351,47.4220484089246],[-94.8228938545563,47.4242575546724],[-94.8159315643546,47.4242884329254],[-94.8070828012766,47.4204160264706],[-94.8033491514275,47.417308210158],[-94.7972758951164,47.4150760164291],[-94.7865642318533,47.4151904814135],[-94.7773404023812,47.4217266590676],[-94.7668346554391,47.4305786851506],[-94.764934909056,47.4356572817393],[-94.7556879677283,47.4412737983876],[-94.7456557066027,47.4418384273799],[-94.7288863692055,47.4401710323468],[-94.70396837973,47.4335282600036],[-94.6972623330649,47.4331312675131],[-94.694592002848,47.4336197208008],[-94.693936045841,47.4340853460549],[-94.6899914985127,47.437805334625],[-94.6900755646536,47.4414835425989],[-94.6887937064724,47.4442575164062],[-94.6828656619287,47.448912405309],[-94.6782344666517,47.4517206740506],[-94.6743358088614,47.4572724910978],[-94.6704142296582,47.4619122382469],[-94.6670423295774,47.4610268775332],[-94.6597102919065,47.4624769268951],[-94.6523938139546,47.4648463874745],[-94.6497694954466,47.467635385094],[-94.6426279742778,47.478742631264],[-94.6393473735725,47.4819934280987],[-94.6259122869643,47.4802839929345],[-94.6192138023172,47.4803449982264],[-94.6125376497881,47.4813295321108],[-94.6072050858698,47.4832181474567],[-94.6038861935773,47.484630053116],[-94.5932126772727,47.4870299203964],[-94.586506609048,47.4866330627667],[-94.5791057703078,47.4853205416687],[-94.5723615721926,47.4830809395509],[-94.5676082329864,47.4794445268663],[-94.5642359987323,47.4785556443572],[-94.5554851160876,47.4763348814049],[-94.5487487009759,47.4740953261046],[-94.5439954938222,47.4709206438075],[-94.5385329023598,47.4654491959353],[-94.5337721161199,47.4613549961978],[-94.5276609985146,47.4568108235156],[-94.5256159559225,47.4549868645308],[-94.5214351507762,47.4462874420802],[-94.5206568854483,47.4403160880301],[-94.5192073162951,47.4343485327331],[-94.5164532451274,47.4302353199277],[-94.5083583114048,47.4270836110406],[-94.5029491427524,47.4239128779681],[-94.4968761577326,47.4212038827731],[-94.4915127717187,47.4207917771683],[-94.4841657860814,47.4217761823634],[-94.477520361325,47.4245884316589],[-94.4714626288004,47.4228025895875],[-94.4714322953882,47.4209637069379],[-94.4674114442613,47.4209940856831],[-94.4641156584345,47.4237832473344],[-94.4613841852861,47.4205858100731],[-94.4586452848669,47.4173922062091],[-94.4533429250034,47.4201928518828],[-94.4472318406358,47.4151867995285],[-94.4465298000547,47.4133515030999],[-94.445141211238,47.4106043527296],[-94.4376948845068,47.4056058847321],[-94.4350248866665,47.4060905424929],[-94.4337661080015,47.4106996042557],[-94.4270520061433,47.4093719757824],[-94.4190105302649,47.4085172151312],[-94.4130063597892,47.4094862513297],[-94.4109617142525,47.4076623785965],[-94.4109158130364,47.4049039122309],[-94.4034924238876,47.4008250128011],[-94.4007763811008,47.3985472817189],[-94.3966793995503,47.3935219338185],[-94.3986174087745,47.3893670252823],[-94.4032179723987,47.3847349764235],[-94.4045070763909,47.3815031523825],[-94.3990521547445,47.3755697181622],[-94.3969767805368,47.3714489699528],[-94.3956343543459,47.37099877297],[-94.392963921721,47.3714795396945],[-94.3882872636058,47.3715176326049],[-94.384945445409,47.3720023593539],[-94.379589675312,47.3715825025523],[-94.3702129813246,47.3707392362918],[-94.3581507935583,47.3689881060248],[-94.3487593133013,47.367221338257],[-94.3400693804503,47.3677478439567],[-94.3286938038017,47.3673701962159],[-94.3246808641376,47.3674007068709],[-94.3213771794245,47.3701862382174],[-94.3141521481719,47.3785154887333],[-94.3089413814332,47.3877490929712],[-94.3010371070448,47.39607862311],[-94.2984052822142,47.3988598747412],[-94.2964291242348,47.4007106163121],[-94.2984660936674,47.4025381845164],[-94.3052028025282,47.4057089274698],[-94.3086285098978,47.4111994137276],[-94.3120540681472,47.4162360041673],[-94.3135038609809,47.4235809981598],[-94.3109324936672,47.4304986498305],[-94.3089948707185,47.4346538925275],[-94.3016857760199,47.4383815763241],[-94.2976957613618,47.4402513233313],[-94.2963679750151,47.4407205183604],[-94.2950404195354,47.4416516293626],[-94.2957195728396,47.4425672166136],[-94.2883570625177,47.4426169851961],[-94.2668803455209,47.4395490525537],[-94.2474331437364,47.4373818221756],[-94.2299768906925,47.4338220893952],[-94.2218976092155,47.430197101116],[-94.2184949463278,47.4260801750423],[-94.2164958336979,47.4270111020812],[-94.2104458069218,47.4252102923146],[-94.2043881830934,47.4224935197682],[-94.2037244556592,47.4229553475708],[-94.2030527691516,47.4229629466818],[-94.1976894792573,47.422077693624],[-94.1910139259045,47.4235007449468],[-94.1876341035812,47.4212229416569],[-94.179577412937,47.4189757935372],[-94.1708722734048,47.418567494374],[-94.166851354006,47.4185941296404],[-94.1574443778104,47.4154311072702],[-94.1567732042408,47.4149770611329],[-94.1473356817322,47.4104363844328],[-94.1379438169964,47.408654529517],[-94.1319013495434,47.4073113543252],[-94.1312373517163,47.4073152659632],[-94.1272242620335,47.4077961848612],[-94.1232343327153,47.4096618528685],[-94.1192516617846,47.4119816638035],[-94.1172834565904,47.4152135678056],[-94.113346707537,47.4216733102458],[-94.1133770975431,47.4239739377466],[-94.1127208027695,47.4253591238974],[-94.113415407995,47.4271945287099],[-94.1161083488076,47.4285566000223],[-94.1187938928922,47.4290029994909],[-94.1255231789738,47.4321813731495],[-94.1315884842962,47.4353636066054],[-94.1356550417048,47.4394767849693],[-94.1363950396998,47.4449900388051],[-94.1350904882779,47.4477602240446],[-94.1324427201477,47.450076350503],[-94.127087298597,47.4501030639837],[-94.1176952038924,47.4487827281164],[-94.1062739793527,47.4456273294232],[-94.1015516050744,47.4424375875711],[-94.0995069864871,47.4392286771125],[-94.0994612514593,47.4360122677988],[-94.0980953945109,47.4332572589168],[-94.0927319438182,47.4328300553397],[-94.0907330584621,47.4337610185572],[-94.086781081168,47.4393011552653],[-94.0868343171284,47.4434409504715],[-94.0882152415191,47.4471116384295],[-94.0935941055054,47.4489200808601],[-94.0963100746304,47.451663481912],[-94.1003613085768,47.4548610363168],[-94.107754249329,47.4571159181017],[-94.1104780185256,47.4603209703417],[-94.1118434424861,47.4626143173593],[-94.1112105254695,47.4658343921269],[-94.1179472999072,47.4690168569224],[-94.1226774113751,47.4722064702504],[-94.1207317377248,47.477281254219],[-94.1173976683956,47.4786776169913],[-94.112690485527,47.4773268861909],[-94.1079526413612,47.4732138113705],[-94.1038936100381,47.4695583684514],[-94.0977902862162,47.463614011023],[-94.091694426496,47.4576693579226],[-94.0849574903615,47.4544870455643],[-94.0822722795519,47.4540444715935],[-94.0809520399518,47.4554295089259],[-94.0796628721792,47.4595770529849],[-94.07771738987,47.4660253218614],[-94.0771603849866,47.4752285656198],[-94.0732542936372,47.48490860007],[-94.0693174242096,47.4918300167799],[-94.0673565277085,47.4959812729075],[-94.0680507304887,47.4982781650346],[-94.0707440575769,47.499644090958],[-94.0788158219517,47.5023569299058],[-94.0868801240214,47.5041504133559],[-94.0976453116041,47.5077712599519],[-94.1050685174965,47.5109459757295],[-94.1091352240254,47.5146050079663],[-94.1105389404715,47.5196569477718],[-94.1119352817491,47.5247087699891],[-94.1166881700011,47.5292834507441],[-94.1187406281858,47.5329501327307],[-94.1174359348301,47.5352585612988],[-94.1147658058357,47.536193538032],[-94.1100429752132,47.5343811995518],[-94.1046183393683,47.5298099882965],[-94.0985836100032,47.5298444050512],[-94.0972487682882,47.5298519341302],[-94.0925718236104,47.5312599056848],[-94.0797696351541,47.5262729758797],[-94.0750623166399,47.5249186205234],[-94.0743754764517,47.5230831056933],[-94.07969311037,47.5198324164467],[-94.0857281523488,47.5197981617751],[-94.088406301502,47.5197826602913],[-94.0890393909951,47.516558611879],[-94.0876891018505,47.515646814607],[-94.0842940342185,47.5119836271479],[-94.0755582468638,47.5097363491703],[-94.0674709775673,47.5061001532397],[-94.0553709213202,47.5029485976306],[-94.0533492142642,47.5020364582893],[-94.0405773969493,47.4984269434552],[-94.0365490871107,47.4975266333556],[-94.0304913285349,47.4952561694645],[-94.0244717582402,47.4957483903264],[-94.01710932697,47.4967063007891],[-94.0064055688814,47.4986025929711],[-93.9963649237793,47.4995717354193],[-93.9869809022341,47.4991595450932],[-93.977581383852,47.497366357255],[-93.9688307724985,47.4932684043619],[-93.9634597076855,47.4919138313602],[-93.9560665225916,47.4896473356248],[-93.9473307199655,47.4878503810592],[-93.9352458730945,47.4851450820505],[-93.9218259132172,47.4833630771296],[-93.9151197120419,47.4824741012512],[-93.9158061596662,47.4843133015121],[-93.9185377424092,47.489819141175],[-93.9199263303276,47.4948709940949],[-93.9159590412495,47.5004073586805],[-93.9119993294608,47.5068670814565],[-93.9093287953263,47.5082599241602],[-93.9066433123272,47.5078096687582],[-93.8939328041321,47.510163775717],[-93.8905684516963,47.5087976059047],[-93.8885390182306,47.5065084618742],[-93.8878523612988,47.5046694010459],[-93.8864940717583,47.5023760504219],[-93.8864635721578,47.4991557968619],[-93.8817713947477,47.4991749045851],[-93.8777508616244,47.4987324033976],[-93.8737608640343,47.5024295492335],[-93.8697704190832,47.5056651841098],[-93.8644301009074,47.5084467155228],[-93.8644450506703,47.5102821502047],[-93.8611262544976,47.5139753458514],[-93.860439618227,47.512136347633],[-93.8604320130898,47.5112167560962],[-93.8597455223463,47.5093814457237],[-93.8523448084719,47.5052682573351],[-93.8456464846233,47.5057568374379],[-93.8416257287178,47.5062336558386],[-93.836948752599,47.5076300378528],[-93.8355909391656,47.5057947774281],[-93.8362318574764,47.5021128722029],[-93.8375437804735,47.4979691726234],[-93.8395350921335,47.4965803066008],[-93.8422053316206,47.4951915919951],[-93.8374903711383,47.4919901052252],[-93.8294261597985,47.4892620547715],[-93.8273967101631,47.4860495168975],[-93.8253520367786,47.4819171979977],[-93.821293300103,47.4768728828263],[-93.8179211323242,47.4736640240427],[-93.8131986232986,47.4700012223329],[-93.8071712250845,47.4695622189906],[-93.8037991013232,47.4663571149625],[-93.8044550547369,47.4649761550184],[-93.8077893216955,47.4626637863897],[-93.8131452373195,47.462644712754],[-93.8198512166111,47.4640031438788],[-93.8232084894241,47.4653691571801],[-93.8252454193308,47.4681237360397],[-93.8279463147253,47.4713288519661],[-93.8347056045373,47.4786623953962],[-93.83807815949,47.4818676189889],[-93.8421138552769,47.4836952931877],[-93.852215271408,47.4896321390604],[-93.8562819581739,47.4955959383749],[-93.8603101898592,47.4969618630654],[-93.8676342963044,47.4914141595379],[-93.8716473841906,47.4904793376286],[-93.8743175769653,47.4895483627226],[-93.8776746701153,47.4904525396509],[-93.8776288012386,47.4844734547574],[-93.8775828137842,47.4794141636501],[-93.8768735103241,47.475277948096],[-93.8775068297859,47.4711382912588],[-93.8794904482738,47.4679101696702],[-93.8828398383702,47.4678950603361],[-93.8841899783945,47.4692686669415],[-93.8855631970367,47.4734008330745],[-93.8862727565167,47.4775406249772],[-93.8889736995219,47.4798262145116],[-93.891026170283,47.4848778879123],[-93.8923841148705,47.4867132706784],[-93.895771374346,47.4912959318824],[-93.8998227547178,47.4940391448186],[-93.9004863375232,47.4940390404212],[-93.9011347900043,47.4917346389353],[-93.9004254218655,47.4871407729942],[-93.8997159827598,47.4830008092639],[-93.8997008182995,47.4806999468019],[-93.9030193791136,47.477468225625],[-93.9043471106632,47.4760830700263],[-93.9056516531019,47.4728590047056],[-93.9022791646246,47.4696538369651],[-93.8975645131627,47.4669144381977],[-93.8861511003727,47.4637397660621],[-93.8754084802666,47.4610270160075],[-93.8700453906967,47.4596687017258],[-93.8659863665601,47.4555477097894],[-93.8598827939049,47.445913416479],[-93.8638577186629,47.4412967554729],[-93.8658183995683,47.4353100504228],[-93.8584331690562,47.4335015460049],[-93.863697535573,47.4224438962543],[-93.8603330304236,47.4201583565498],[-93.8576243771783,47.4169496191964],[-93.8549311596846,47.414202317328],[-93.8468518970721,47.4087157528989],[-93.8407864875451,47.403221192463],[-93.8387797922359,47.4032289403447],[-93.8380706486759,47.3986348162218],[-93.8407101558988,47.3940257568832],[-93.8440213693923,47.3898743375803],[-93.8445477677757,47.3719413439583],[-93.8390776610077,47.3567934257236],[-93.8356442586693,47.3457704458888],[-93.8228650976269,47.3357048642252],[-93.8087963807397,47.3329995412215],[-93.799420104469,47.3298136852557],[-93.7887004821324,47.3270930543876],[-93.7739528446046,47.3207096474773],[-93.7652324669503,47.3152228647331],[-93.7618679519195,47.3124756735703],[-93.7558180571957,47.3065198392179],[-93.7544446418225,47.3014679886483],[-93.7517439135146,47.2973396195232],[-93.7417034813132,47.2936956624356],[-93.7396894773109,47.2927797636134],[-93.7349973421216,47.2904983239627],[-93.7329831072522,47.2877432856979],[-93.7289624492631,47.2859196502503],[-93.7236064815368,47.2840957928812],[-93.72027262421,47.2850265529833],[-93.7142759510735,47.2873389367164],[-93.7042964821406,47.2942642483433],[-93.7036557300181,47.2979423888613],[-93.6996730914268,47.3030094582652],[-93.695698306806,47.3080765354228],[-93.6937145715371,47.3117623352098],[-93.6883741931742,47.3126932174744],[-93.6790205715166,47.3122582785995],[-93.6689722583953,47.3076912109974],[-93.6595805275084,47.3008192466602],[-93.6508756107584,47.2962444195002],[-93.6428419124938,47.2935086229583],[-93.6221280654975,47.2921769951351],[-93.6134534165828,47.2931156744329],[-93.5954251657733,47.2954545159621],[-93.5874066113078,47.2950082723948],[-93.5787245162577,47.2936497213407],[-93.5760386406947,47.2918144296024],[-93.5773510290192,47.28629712151],[-93.5813567327537,47.2849083197273],[-93.5873457243962,47.2798413263085],[-93.5880017936926,47.2775404036137],[-93.587307279197,47.2715691986794],[-93.5846294974547,47.268818120517],[-93.5852701687289,47.2637587676089],[-93.5906263942717,47.2665058977092],[-93.5952879184693,47.2641975888098],[-93.5945708059544,47.2527126249622],[-93.5932203209771,47.2494961148645],[-93.5932124840745,47.2467375322118],[-93.6018948917384,47.2476418875374],[-93.6052134875869,47.2448756390288],[-93.6092040115897,47.2411898987766],[-93.6125300544719,47.238885223884],[-93.6145140259977,47.2347453134124],[-93.6138041476158,47.2264731244048],[-93.6084026901018,47.2122412150359],[-93.604366624209,47.2048962640706],[-93.6010251294055,47.2035263066116],[-93.5956843980048,47.2030762380956],[-93.5896724517119,47.1998748542773],[-93.5829892527977,47.1975894262518],[-93.5803264711241,47.198974525737],[-93.5743373186832,47.2012828782061],[-93.5683484743645,47.2058883095442],[-93.5636942301139,47.2086545850257],[-93.5583691518569,47.2118825167561],[-93.547726178272,47.2210893857199],[-93.5410656645137,47.2243136334687],[-93.5290570630507,47.2238746708835],[-93.5237241811289,47.224801891357],[-93.5183835395596,47.2257330085145],[-93.5143857957968,47.2275759910793],[-93.5110593639441,47.228956959813],[-93.5043912145058,47.230345871411],[-93.4990506115641,47.2298956254314],[-93.4950454207676,47.2312768045656],[-93.4930540929379,47.2331198896009],[-93.4910549596467,47.235420622502],[-93.4937254362891,47.2358748105499],[-93.495732048055,47.2377138517145],[-93.4964030796908,47.2395490367105],[-93.4937403671874,47.24139205665],[-93.4903990771999,47.2427731239987],[-93.4870650249387,47.2423191524261],[-93.4770626247115,47.2464666103864],[-93.4710582934373,47.2464742385963],[-93.4663814673371,47.24693962318],[-93.4630397479549,47.2446466572828],[-93.4610333984971,47.2414338788927],[-93.4563640086508,47.2418956076748],[-93.4483457856636,47.2405257930268],[-93.4456753557337,47.2400680879582],[-93.4289972215923,47.242380314583],[-93.4256635771662,47.2433034186457],[-93.4209868067616,47.2428496162794],[-93.4109692196162,47.2396405852803],[-93.3989529725918,47.2359700360787],[-93.3909421139934,47.2318417230349],[-93.3862653148427,47.2290830646857],[-93.3709071292471,47.2189832873662],[-93.3428844759115,47.2130195160081],[-93.3255351340646,47.2107225082415],[-93.3148617013033,47.2093452983702],[-93.3068586598444,47.2075099627321],[-93.3015254347661,47.2052129867029],[-93.2968564707213,47.2019925687022],[-93.2908520235645,47.1983181481107],[-93.2855191075066,47.1946400406863],[-93.2795146675363,47.1872874919777],[-93.2715193057747,47.1785573992674],[-93.2608533990989,47.1753371892253],[-93.2528576250107,47.1734980995462],[-93.2455261020745,47.171197354914],[-93.2368589433126,47.1688963267846],[-93.2301906779916,47.1665957248096],[-93.2288630659181,47.1665917763968],[-93.2228665643599,47.1638332805892],[-93.2208675020356,47.162451840002],[-93.2235379939493,47.1587813355208],[-93.2202037099227,47.1583196305144],[-93.2155421731487,47.1569384008486],[-93.2115445353871,47.1546376145227],[-93.2095457578287,47.1527986456243],[-93.2088818165955,47.1509595318373],[-93.2095530692169,47.1491203641827],[-93.2122235072316,47.1477467858636],[-93.2148863715503,47.146369428029],[-93.2162212527911,47.1440761893835],[-93.2155654116668,47.1408559112647],[-93.2135664553438,47.136723589796],[-93.2109036000083,47.1348844783413],[-93.2062495848281,47.132583670471],[-93.2049144727202,47.1316604802245],[-93.2042507982866,47.1298251625328],[-93.2035869423934,47.1279860135803],[-93.2055934310901,47.1256890298501],[-93.2049299102684,47.1238537677074],[-93.2049297791144,47.1215567082295],[-93.2036021894987,47.118798176106],[-93.2022746286291,47.1183403251811],[-93.2029384854207,47.1165011459254],[-93.2029462001524,47.1146620675481],[-93.2036175012827,47.111449484336],[-93.2029538708666,47.106855539013],[-93.2002912454998,47.1068516576983],[-93.1969645675087,47.1040929086465],[-93.1949733941893,47.100418638326],[-93.1929820079691,47.0953629819681],[-93.1936536872902,47.0944435466302],[-93.1969877925521,47.0926119453552],[-93.1996504861908,47.0907766872774],[-93.200321664252,47.0884796880679],[-93.1976591394965,47.0861790531747],[-93.193668927209,47.084339941874],[-93.1903424782883,47.083420430617],[-93.1916776676513,47.0802038006457],[-93.1930127303519,47.0783686123749],[-93.1930204477785,47.0760715675119],[-93.1936838617006,47.0742400318966],[-93.1930281966461,47.0710235408806],[-93.1943629224784,47.0682687966068],[-93.1943709686884,47.0650561006429],[-93.1923795573154,47.0622973726705],[-93.1877254379307,47.0558605891206],[-93.1857419730547,47.0503508844146],[-93.1864133756947,47.0462147897684],[-93.1850935088955,47.0434600992025],[-93.184429615273,47.0411630062442],[-93.1804395314446,47.040239677415],[-93.1764491619519,47.0393200939547],[-93.1717953129601,47.0383967993508],[-93.1684691443138,47.0383929761046],[-93.1611448609004,47.0393011384479],[-93.1591535447489,47.0388356308897],[-93.1578260683209,47.0365424058659],[-93.159161218158,47.0337876370928],[-93.1578334012686,47.0319485086794],[-93.1545148844718,47.0287282242056],[-93.1432155738926,47.0245844696475],[-93.1345790072577,47.020440718607],[-93.1272779722439,47.0158392966768],[-93.1179776664967,47.0121533743716],[-93.102680710071,47.0112109480946],[-93.0920453479114,47.0107378929782],[-93.0867274319222,47.0093527684273],[-93.0814177256364,47.0065865629757],[-93.0787624826246,47.0042857025528],[-93.0761151205329,47.0015271774682],[-93.0861174345218,46.9928200790875],[-93.089451122067,46.9891533185858],[-93.0934565572053,46.9850248602421],[-93.0948072443036,46.9776798671507],[-93.0968289127319,46.9689575218686],[-93.0961956103381,46.9602352051927],[-93.0915646477248,46.9528826936294],[-93.0915873697116,46.9459955277462],[-93.0949213995149,46.944621987942],[-93.0975845009888,46.9437099909081],[-93.0995908154123,46.9386620099839],[-93.1016049900946,46.9331563064797],[-93.1055952958069,46.9299510944222],[-93.1062742290239,46.924903130455],[-93.1062817937369,46.9226062189307],[-93.1142621248871,46.9198628677846],[-93.1169324119849,46.9152764800768],[-93.1189388458844,46.9102285054598],[-93.1249355073427,46.9033529365366],[-93.1329160343256,46.8983125980114],[-93.140896422968,46.8932760680138],[-93.1495327758038,46.890070937272],[-93.1581692193695,46.8877854781363],[-93.1621593355373,46.8845765589287],[-93.1635021129695,46.8786090073208],[-93.1655010755807,46.8749423828317],[-93.1668437497067,46.8680551824341],[-93.1695065843809,46.8625494391353],[-93.171512985941,46.8552083232145],[-93.167553293017,46.8460280721061],[-93.1589473858828,46.8368403217464],[-93.1523329422238,46.8299455786631],[-93.1516767381801,46.826274926418],[-93.1516843558936,46.8235239652623],[-93.1563535004998,46.8134281434369],[-93.1629911099134,46.8111463857627],[-93.1623350810412,46.8088532139601],[-93.1610149402559,46.8070140706776],[-93.159023953786,46.8074719849377],[-93.1563686371124,46.807922136526],[-93.1530500053313,46.807918416692],[-93.1470914557972,46.8056175037213],[-93.151074070134,46.8028704712644],[-93.147106596003,46.8005696381568],[-93.1477704366249,46.7978186347892],[-93.1491130343941,46.7923127188862],[-93.1431471725736,46.7913894921203],[-93.141857785612,46.7790002898645],[-93.1471602272221,46.7780884476928],[-93.1517909607651,46.7799313387668],[-93.1551097856839,46.7790155869057],[-93.1537899584106,46.7767186548348],[-93.1504788437318,46.7757990413795],[-93.1511502086426,46.7721285445277],[-93.157787774937,46.7680076184853],[-93.1597637613382,46.7716783352781],[-93.1624111243283,46.7726015844889],[-93.1650737586782,46.7698467887629],[-93.1664089300749,46.7648026705754],[-93.1750150581947,46.7661876826336],[-93.1789975782084,46.7652757490341],[-93.1796766650373,46.7556415385783],[-93.1810041702114,46.7533484958334],[-93.1876263708228,46.7533521541995],[-93.1916011186127,46.7542717096345],[-93.192928863637,46.7519823427663],[-93.1922802081366,46.7464764968717],[-93.193607645937,46.7428059385418],[-93.1962630192044,46.7414285191786],[-93.2009015474291,46.7391392679666],[-93.2048839497635,46.7350146603764],[-93.2115141741271,46.7285969333903],[-93.2154890440878,46.7276810822039],[-93.2214472729234,46.7263075198084],[-93.2247587541148,46.7258496521568],[-93.2280774002689,46.7240182492216],[-93.2320522181274,46.7198898264682],[-93.2346998631884,46.7194357799493],[-93.2393383105647,46.7176005077236],[-93.2439848266089,46.7162268629555],[-93.2512707052473,46.7111827241154],[-93.2578931942179,46.7065964512035],[-93.2664991327932,46.7024717557124],[-93.2698100390628,46.7010944570051],[-93.273785300689,46.6997246695787],[-93.2817274651178,46.6974314314686],[-93.2890133446544,46.6956000097345],[-93.2916607265091,46.6942227292033],[-93.2996031766021,46.6905558472208],[-93.3055613775898,46.6868852783189],[-93.3141599338101,46.68413436166],[-93.3168071800192,46.6845920853282],[-93.3194547783679,46.6832147157329],[-93.322765674756,46.6827568552901],[-93.3254130628989,46.6804637594523],[-93.3293806645907,46.6795441404074],[-93.33269158703,46.6790825848366],[-93.3379789522147,46.6786246573262],[-93.3419536020882,46.6767893527759],[-93.346584774009,46.675411961149],[-93.3512156548757,46.6754119821053],[-93.3558467648127,46.6749502759769],[-93.3598140440094,46.6754043681898],[-93.3631251407218,46.6749464847041],[-93.3637814866993,46.6721916660872],[-93.3670924684274,46.6717337171636],[-93.3723798452903,46.6703563674238],[-93.3776744464046,46.6689751144538],[-93.3816420193503,46.6666782460094],[-93.3882567666398,46.663465432684],[-93.3928875055727,46.6616301028196],[-93.3975186002384,46.657955750411],[-93.4034620158548,46.6533657712061],[-93.4100612213917,46.642811974586],[-93.4160044447687,46.6363865366523],[-93.4265713040996,46.6299572851941],[-93.4325145113069,46.6271987582406],[-93.4358103366596,46.6203154325864],[-93.4358031483407,46.6157291739286],[-93.4437296892699,46.6134283691556],[-93.447697177774,46.6152560999466],[-93.4496806462433,46.6129628262035],[-93.4509929573126,46.6088345018795],[-93.4476817725652,46.6060872255941],[-93.4489943234847,46.6033325204214],[-93.4496502427625,46.6001197524426],[-93.4516262561132,46.5969109289483],[-93.4522823514607,46.5936981270997],[-93.4502910811232,46.5914087847018],[-93.4489638310707,46.5895735856381],[-93.4496197907726,46.5854450920292],[-93.4496120697528,46.5840677995946],[-93.4469648118656,46.579489164674],[-93.4463011437202,46.5781155535666],[-93.4436536603559,46.5762802780208],[-93.4502528937405,46.5730636126688],[-93.4561962913907,46.5730560269544],[-93.4628110566465,46.5748837014265],[-93.4687544821445,46.5730484301234],[-93.4727062034187,46.569831913351],[-93.472027239659,46.5638720350716],[-93.4700360825092,46.5597475158583],[-93.4693645298506,46.5556227671005],[-93.4720119889604,46.5551611214023],[-93.4805873372053,46.5523987014532],[-93.4832271435672,46.5519370413016],[-93.4852033222079,46.5487242855515],[-93.4865230416834,46.5482626775493],[-93.4891627878581,46.5473431641068],[-93.4937862531322,46.54825115971],[-93.4977536131771,46.5496248389541],[-93.4997372136987,46.5500789014276],[-93.5017134417467,46.5454887204413],[-93.5003703705654,46.5399905325806],[-93.499035322238,46.5331148786638],[-93.5036435853224,46.5298983693565],[-93.5069395714735,46.5289750140645],[-93.5109067042447,46.5289713077394],[-93.5201459218576,46.5289560547601],[-93.5386470305613,46.5339695593483],[-93.5426220667103,46.5376324960912],[-93.5465893108726,46.5389984469788],[-93.5525404097798,46.5399065667117],[-93.5558363420319,46.5394410817218],[-93.5578275728435,46.5417303840741],[-93.5571866347698,46.5472362593794],[-93.5598416127785,46.549521771527],[-93.5624816185664,46.5495180381856],[-93.5664333398406,46.5467593654127],[-93.5670667069131,46.5403376770049],[-93.5677228840074,46.5398799349809],[-93.5710261986145,46.5403301596265],[-93.5749935083538,46.5407840928548],[-93.5802730743653,46.5398532624552],[-93.5842327026106,46.5393877424053],[-93.5888639176505,46.5412115067558],[-93.5901990890472,46.5453361466395],[-93.5954939021639,46.5471599255622],[-93.5968287483705,46.5517423549126],[-93.5948682983321,46.5563324845616],[-93.5948835014199,46.5599992326835],[-93.5942500867367,46.5645855745818],[-93.5962491257048,46.5700876401525],[-93.6055034556757,46.5705225205439],[-93.6114467015106,46.5695953639054],[-93.6167262405726,46.5691221915161],[-93.6220134557386,46.5691108584351],[-93.6239897035496,46.5686490489658],[-93.6259657267818,46.5672678904799],[-93.6272854417657,46.567263988521],[-93.6299330113683,46.567260297779],[-93.631252720064,46.5672563933491],[-93.6332363529249,46.5681683300946],[-93.6358837761021,46.5686224301011],[-93.6385234378352,46.5681530763919],[-93.6398358189732,46.5658599635833],[-93.6470988624369,46.5658407917299],[-93.6490751273159,46.565379215671],[-93.6503873530453,46.5635401133309],[-93.6550107302844,46.5635286252921],[-93.658978092126,46.5630630791227],[-93.6662259226205,46.5602930619469],[-93.6714977433575,46.5584462587266],[-93.6747862681018,46.5561455156815],[-93.682041628275,46.5542912504377],[-93.6879771306321,46.5524407074851],[-93.6906095600289,46.5510556489832],[-93.6925856407533,46.549216494805],[-93.6945691433585,46.548293185015],[-93.6978497871828,46.5446187414033],[-93.7037854853727,46.5436801638766],[-93.7090573896531,46.5418333779379],[-93.7149855150451,46.539521167837],[-93.7176172823835,46.5381399364444],[-93.7195857067667,46.5358392112659],[-93.7215618952889,46.5358354504116],[-93.7248654039322,46.5358239948206],[-93.7262007558902,46.5376554126872],[-93.7288405236246,46.5376477633181],[-93.7314801449335,46.5376363179963],[-93.7327848355943,46.5353431606143],[-93.734097045154,46.5335040840243],[-93.7360653752141,46.5321228936247],[-93.7393687562966,46.5316536048671],[-93.7413372408669,46.5307301521043],[-93.7433134302874,46.5293490030217],[-93.7492488419146,46.5288681522756],[-93.7538647451706,46.5274793674663],[-93.7558408663191,46.5274755510269],[-93.759152109457,46.5288376882808],[-93.7637753160162,46.5292803261224],[-93.7677349505497,46.5283531124261],[-93.7717024040194,46.529711403975],[-93.7730373580238,46.531085136425],[-93.7789805104339,46.5315239169304],[-93.7829555780241,46.5338017361619],[-93.7875942086566,46.5360758139597],[-93.7895778675687,46.5365298550547],[-93.7922177305245,46.5365184249459],[-93.7961772671416,46.5355874114221],[-93.8001292237744,46.5346564369351],[-93.8021129060427,46.5346487451219],[-93.8034633703588,46.538773407768],[-93.8041349230174,46.5406048472681],[-93.8114058707574,46.541036071888],[-93.8120922617879,46.544698982994],[-93.8140834755315,46.5460686799799],[-93.8154185463169,46.5474384962437],[-93.8187297993362,46.5492623311823],[-93.8233531738804,46.5492470647501],[-93.8259932236857,46.5483160761058],[-93.8292813370016,46.5469310179936],[-93.8319209690904,46.5464616922447],[-93.8358883120674,46.5473620947506],[-93.8391996162907,46.54826646658],[-93.8418392825154,46.5487167192922],[-93.8438231049208,46.5482511720663],[-93.8438075308288,46.5464159226995],[-93.8437466924262,46.5395364679],[-93.8424193058297,46.5381666190806],[-93.8417478358161,46.53725105193],[-93.8384519556662,46.5377241531479],[-93.8364684063486,46.5372700219334],[-93.8351405858659,46.5363619100119],[-93.8338057675071,46.5349884012543],[-93.8337904566214,46.5331569688328],[-93.8351025655698,46.5317756979176],[-93.8351026796558,46.5313177533173],[-93.8390391412483,46.5290093610614],[-93.8436627170151,46.5289903269874],[-93.8489576693707,46.5294290304763],[-93.8561747792791,46.5239003423754],[-93.8594480712911,46.5206800768439],[-93.8633923832609,46.5183716392537],[-93.8653606737951,46.5169865374122],[-93.8673290379911,46.5160632494776],[-93.8713042457184,46.5174215744781],[-93.8752712176912,46.5183220876715],[-93.8792158988685,46.5169294676582],[-93.881176323754,46.5146285777359],[-93.8824810638222,46.5127895644876],[-93.8817945452309,46.5095844119979],[-93.87846031151,46.5059292018582],[-93.8764538479661,46.5027278877798],[-93.8751112807397,46.4999806680953],[-93.8764155905148,46.4976837331497],[-93.8783688243865,46.4953830265702],[-93.880329616683,46.4930822498603],[-93.8822979054206,46.491239289158],[-93.8855861705518,46.4898503725493],[-93.8875394349662,46.4875497149382],[-93.8868605322919,46.4848024935161],[-93.8881498536765,46.4815897476979],[-93.8927424339727,46.4783618610803],[-93.8960157888668,46.4755955454261],[-93.8979762236339,46.4737527012214],[-93.8986171374531,46.4714594892205],[-93.8972822023133,46.4696281050538],[-93.8946272485591,46.467807983179],[-93.8913082484688,46.4655301831521],[-93.8879896436371,46.4632522556355],[-93.8859906747377,46.4614284701492],[-93.884655585986,46.4596008104072],[-93.883976553056,46.4573114033803],[-93.8819851910904,46.4559417397602],[-93.8793378020492,46.4541216566141],[-93.8760190355208,46.4518399542254],[-93.874684034804,46.4500123371863],[-93.8740046254799,46.4477229652499],[-93.8720136578747,46.4458991405521],[-93.8726545896602,46.444063856612],[-93.875263809285,46.441301411137],[-93.8798565908039,46.4380734374162],[-93.8903776612081,46.4348227186392],[-93.8916897584784,46.4343570467494],[-93.8976025604083,46.4324951063084],[-93.9008830362476,46.4306484657873],[-93.9035078048117,46.4292633658571],[-93.9061399512392,46.4287939964646],[-93.9120829698003,46.4292252680982],[-93.9173475483195,46.428286704795],[-93.9199718883872,46.4273555927035],[-93.9212688625197,46.4246008125001],[-93.9232371216128,46.4236735862586],[-93.9304777548053,46.4227235513492],[-93.9377180690957,46.4213155810227],[-93.9416545809938,46.4199228517171],[-93.9442637116854,46.4167025575171],[-93.9455685999756,46.4153213406247],[-93.9455304089996,46.4111967708986],[-93.9474836967702,46.4088960329779],[-93.9500849986441,46.4056756401228],[-93.9507334663965,46.4047560723127],[-93.9546705972339,46.4024439804362],[-93.9579436143615,46.4001355143512],[-93.9611783533765,46.3932484980753],[-93.9670377612425,46.3863462131477],[-93.974903790756,46.3826412802855],[-93.9761854495112,46.3789668044572],[-93.975460651909,46.3725529424882],[-93.9760859476187,46.3693441050163],[-93.9813352197438,46.3670242037248],[-93.9852642926931,46.3651737027458],[-93.9904905418958,46.3610223067941],[-93.9950679739013,46.3582485517394],[-94.0003170322273,46.3563902429312],[-94.0055661965546,46.3540705367798],[-94.0101359569477,46.3508386239998],[-94.0134013698364,46.3480724131075],[-94.0140193361916,46.3444018089406],[-94.0133097668302,46.3393652901531],[-94.0119441991393,46.3347904277872],[-94.0112729231617,46.3334207539244],[-94.0125698200391,46.3320357214433],[-94.0164989819215,46.3297272982081],[-94.0210691914722,46.3264954795857],[-94.0230223067663,46.3246525956236],[-94.0243038577237,46.3214360966653],[-94.02494483712,46.3196008246648],[-94.0262419082705,46.3177617461948],[-94.0315136751086,46.3181891157843],[-94.0334897818841,46.3186393177998],[-94.0380826110136,46.3177006326762],[-94.0439726702955,46.3144613218318],[-94.048542659759,46.3112257892125],[-94.0505033783936,46.3098407029468],[-94.0544323327652,46.308444103604],[-94.057712889453,46.3070514407691],[-94.0596737940389,46.3061243425665],[-94.0616194164852,46.3033656599767],[-94.0642209671925,46.3010572812212],[-94.066181591504,46.2996760270038],[-94.0701182884551,46.2987337123043],[-94.0753751037336,46.2982489588104],[-94.0779996602952,46.2977759419652],[-94.0819285544797,46.2959177071534],[-94.0858654454669,46.2954370705407],[-94.090488970928,46.2967877502851],[-94.0937769854293,46.2967685654759],[-94.0990107661073,46.2939871190726],[-94.1042218301884,46.2898357328178],[-94.1087841363612,46.286600212125],[-94.1133695993054,46.2847419805113],[-94.1166424556346,46.2833493666126],[-94.1179549167225,46.2833378591115],[-94.119923225223,46.2824108243669],[-94.1245390907497,46.2828418360872],[-94.1265071405354,46.2823725644893],[-94.1291014786692,46.2796062785281],[-94.1323362572101,46.2750047371611],[-94.1342740301775,46.2727001719991],[-94.1349150185569,46.2708687092185],[-94.1374934726798,46.2667250008848],[-94.1407894687124,46.2676254106036],[-94.1427806743711,46.2689877066817],[-94.1467251543258,46.2689609088324],[-94.1493418739849,46.2675721184696],[-94.1493040477249,46.2648210674962],[-94.145328989118,46.2625546391371],[-94.1433376298473,46.2611924167055],[-94.1426585897308,46.2593648375411],[-94.1439482560684,46.2575257199408],[-94.1485255766829,46.2552059212513],[-94.1531188828178,46.2547174923486],[-94.1557279730852,46.2528669671085],[-94.1589703989841,46.2496428092353],[-94.1589399065701,46.2468918426157],[-94.1595503001276,46.2436829739319],[-94.1647610111708,46.2399856513283],[-94.1686751837644,46.2372117942119],[-94.1712689784175,46.2349034406173],[-94.1719097862355,46.2335259754048],[-94.1738629769881,46.2321409535837],[-94.1777691006768,46.2289092220804],[-94.1810345899223,46.2275127522083],[-94.1849635335141,46.2265702260933],[-94.1889005583503,46.2260856078459],[-94.192829473196,46.2246892507196],[-94.19411152182,46.2223884127369],[-94.1947294423613,46.2196336499177],[-94.1953548368856,46.2173404448511],[-94.1973234750679,46.216871103548],[-94.1992610656772,46.2145665433751],[-94.2004895585407,46.2081449593649],[-94.201053922423,46.2012694513894],[-94.2010008337863,46.1971486125356],[-94.1990016304266,46.1953285739596],[-94.1983226262426,46.1935009067332],[-94.194340100839,46.1903188345731],[-94.190990808659,46.1857592796025],[-94.1889843792511,46.1830273107585],[-94.1803629636018,46.1766668483252],[-94.177029117953,46.1730267191821],[-94.1730236998827,46.167555305863],[-94.1736263526574,46.1638847168783],[-94.1781736327105,46.1601951294731],[-94.1767774342649,46.1537889018017],[-94.1773799675637,46.1496642655665],[-94.1793179183974,46.1473596628366],[-94.1792872660833,46.144612455333],[-94.1863676029981,46.1340357449098],[-94.1835978526354,46.123516380342],[-94.1742673176806,46.1125848462718],[-94.1669811722426,46.107136162823],[-94.1590083411268,46.0989442039268],[-94.1523710218691,46.0930339215919],[-94.1457105350602,46.0848305849103],[-94.1429865879972,46.0770621874678],[-94.14483309303,46.067435470666],[-94.1460766461492,46.0619335117725],[-94.1453902461355,46.0596479944879],[-94.1440398402099,46.0564466932695],[-94.1466413603744,46.0550616197141],[-94.1529964325631,46.0389944800221],[-94.1554302219927,46.0243275800044],[-94.1611674760481,46.0123887224761],[-94.1663325311153,46.0064020681559],[-94.1675839912056,46.00181584039],[-94.1701701241276,45.9990534130194],[-94.1708186385925,45.9985916167565],[-94.1688274805444,45.996771671398],[-94.1661189782161,45.9899228062529],[-94.1659742874716,45.9784800141201],[-94.1690943646254,45.967014278635],[-94.1768460350099,45.958726954423],[-94.1839335458706,45.9499817375255],[-94.1891064791628,45.9453688410033],[-94.1923030083372,45.9398553061875],[-94.1935240757265,45.9329835335314],[-94.1934474242799,45.927489143099],[-94.1907392139041,45.920640273579],[-94.1886791496839,45.9133296686799],[-94.1860014074675,45.9087700861613],[-94.1779829590032,45.8955492734173],[-94.1720089988704,45.8887233278374],[-94.1660580122527,45.8837287502017],[-94.1613661564395,45.8746019826711],[-94.1593289830894,45.8691228475695],[-94.1598401316725,45.8576801206778],[-94.1610532938873,45.8508083370335],[-94.1570401907298,45.8439670101569],[-94.153012000367,45.8352981078161],[-94.1503187119063,45.8293649576926],[-94.1502727424183,45.8257058572081],[-94.1554305292165,45.8201810006867],[-94.1580395071945,45.8197078566248],[-94.1599240738459,45.814205869145],[-94.1599011820775,45.8119165701306],[-94.157917544725,45.8105582434066],[-94.156544266794,45.805075231178],[-94.1532405102157,45.8018931162085],[-94.1492812215336,45.798714809566],[-94.144665464703,45.7955402367737],[-94.1394008655226,45.791911669768],[-94.1361050877806,45.7891874160145],[-94.1328167669539,45.7878328573],[-94.1301999826161,45.7869323938787],[-94.1249814472468,45.7874245737648],[-94.1210598455857,45.7869895904654],[-94.1184352009892,45.7860891090369],[-94.1171077811551,45.7842654200112],[-94.115742138904,45.7797019631572],[-94.1143994692696,45.7765045232422],[-94.1117595739745,45.774234309556],[-94.1084636587903,45.771506137235],[-94.1038862151067,45.7706171363786],[-94.0960277673743,45.7683774311118],[-94.0907865172046,45.7670344641434],[-94.0868572556092,45.7656874698868],[-94.0848888959047,45.7647832190284],[-94.0829205406918,45.7638788902179],[-94.0796399741226,45.7625244748981],[-94.0776639481955,45.7607044992727],[-94.0756800844675,45.7584303445306],[-94.07499379315,45.7556869922204],[-94.0743147413554,45.7534052850314],[-94.0729870762812,45.7511235647851],[-94.0716596124297,45.7497576093917],[-94.0709882322476,45.7479337802755],[-94.0696608770922,45.7456520287959],[-94.0689664030208,45.7419968599879],[-94.0669600409865,45.7378913104912],[-94.0656095658907,45.7337819409135],[-94.0655941786481,45.7328662150756],[-94.0642741699152,45.7315002255241],[-94.0603297806903,45.7283218795024],[-94.0563777818367,45.7251397485893],[-94.0517775649623,45.721965272651],[-94.0511211165768,45.7219652532093],[-94.0465360947054,45.7201605085079],[-94.0412945804311,45.7179017740907],[-94.0347561962289,45.7161084338987],[-94.0288663211017,45.7147691271731],[-94.0236402273076,45.7134222632733],[-94.0210234887839,45.7125217997658],[-94.019695773404,45.710697964981],[-94.0190168824078,45.7084163184977],[-94.0196500275965,45.7061231351515],[-94.0228847962559,45.7038223721391],[-94.0254789502351,45.7028914102291],[-94.0261045783214,45.7001441931027],[-94.0247691518032,45.6974046599734],[-94.0227857399279,45.6951306277681],[-94.0208021636607,45.6923948573637],[-94.0175136425097,45.6896667537441],[-94.0135769859828,45.6874003214003],[-94.0115856401869,45.6846684334217],[-94.010212650615,45.6782697196238],[-94.0095027255207,45.6727867571804],[-94.0081600028858,45.6686737039834],[-94.0068248773032,45.6659379108525],[-94.0042004950147,45.6641216859546],[-94.0009351063805,45.6636829596729],[-93.9976927191092,45.6646139351743],[-93.9937862280095,45.6650908965512],[-93.9924816442483,45.6650984896553],[-93.990513139915,45.6641903872776],[-93.9937404157267,45.6609739220471],[-93.9982647752653,45.6572919128545],[-94.0001950329269,45.6545371720955],[-94.0007903114314,45.6495044548046],[-94.0014006349203,45.6453836350399],[-94.0020261704802,45.6426364981719],[-94.0032924141451,45.639427634378],[-94.0052152346546,45.63667285974],[-94.0065119734285,45.6357531925036],[-94.0064968817317,45.6343796519698],[-94.0071224316646,45.6316325057102],[-94.0070537599527,45.6256878070276],[-94.0063596622754,45.6215747544788],[-94.0050243067241,45.6179232669327],[-94.0043301883855,45.6142679888473],[-94.0062222326133,45.6078540185605],[-94.0055354984264,45.6046566142777],[-94.0022090378276,45.5978153813143],[-93.9988979860309,45.5928017810047],[-93.9949382176484,45.5873341185954],[-93.9896970007165,45.5841596044337],[-93.9838072172174,45.5809888774173],[-93.9792218953087,45.5782645831731],[-93.9759487901462,45.5759943925169],[-93.9746213155149,45.5737165121374],[-93.974606178004,45.5723429013067],[-93.9719511047739,45.566871430548],[-93.970600663814,45.5618463346223],[-93.9686019419512,45.5572829822161],[-93.9653132761714,45.5536429477469],[-93.9613766358142,45.5504607753329],[-93.9554944322995,45.5472862746476],[-93.9541898683012,45.546836082802],[-93.9502302849716,45.5413684736243],[-93.9508250604195,45.535877817984],[-93.9514506849127,45.5331306869914],[-93.9538844932069,45.5157470973142],[-93.9499325060313,45.5102755983004],[-93.9459881159082,45.5057237065957],[-93.9453091799962,45.5025262808412],[-93.9452710087832,45.4984131621939],[-93.9478345805168,45.4952004636799],[-93.9484676475521,45.4929111698461],[-93.9484524453625,45.491999198446],[-93.9477962547936,45.4910873048497],[-93.9477809061786,45.4892558602242],[-93.9477430484776,45.4856005325412],[-93.9464305334907,45.4837767627235],[-93.943798349334,45.4810448469319],[-93.9431348006645,45.4792210020671],[-93.9398540265844,45.476035114178],[-93.9359324428897,45.4737686033056],[-93.9333231720609,45.4724102369626],[-93.9254803226751,45.4674157511827],[-93.9202541471343,45.4646991218094],[-93.9150355650526,45.4619786409975],[-93.9130599191128,45.459700761352],[-93.908489800292,45.4569802958041],[-93.9084896125441,45.4565224278576],[-93.9058575927791,45.4533326233902],[-93.9051785553575,45.4501352034565],[-93.9064375774659,45.445556559104],[-93.9057585346544,45.442362955896],[-93.9037900015751,45.4396272569964],[-93.9005093065468,45.4368991074368],[-93.8959470776291,45.4355484476383],[-93.8900953871896,45.4346594274168],[-93.8855330307111,45.4328508524685],[-93.8835719734116,45.4310308331266],[-93.88354924334,45.4287453909248],[-93.8835416597624,45.4273717471351],[-93.8822216213849,45.4246360181028],[-93.8783154500856,45.4241934208543],[-93.8750728175741,45.4242086672327],[-93.87180759423,45.4219384530408],[-93.8691906392122,45.4196644091151],[-93.8678859458566,45.4187524434743],[-93.861408679433,45.4206106637326],[-93.8588146727775,45.421534007258],[-93.8568617326549,45.4210876120317],[-93.8548933217465,45.4183518256372],[-93.8529171278344,45.4151582358331],[-93.852261010029,45.4137884391581],[-93.8476682985788,45.4083246438658],[-93.8437467912408,45.4042267784937],[-93.8404658958882,45.4005790829833],[-93.8365443445329,45.3969390671005],[-93.8326306731991,45.3942147688694],[-93.8293654426684,45.3919406955099],[-93.8267560317025,45.3905786000452],[-93.8228648452004,45.3901359932539],[-93.8209119994008,45.3901436538462],[-93.8209119553834,45.3896895813746],[-93.817020865001,45.3897010209376],[-93.8137707189805,45.3897124869947],[-93.812473864324,45.3892622417305],[-93.8118176584837,45.3883503498174],[-93.8111690712553,45.3883503384615],[-93.8059734555021,45.3883732389463],[-93.8014415159792,45.3893042302101],[-93.7975430926491,45.3893156553409],[-93.7942852480667,45.3874994847781],[-93.7910275400281,45.3856832634311],[-93.789715272078,45.3834015714258],[-93.7877468575762,45.3811275456806],[-93.7844891100119,45.3788534776858],[-93.782536231873,45.3774875130251],[-93.7805828848136,45.3770372353828],[-93.7773251857582,45.3747632477205],[-93.771450673619,45.3702113377596],[-93.767536414787,45.367486962389],[-93.7649350572176,45.3656631455297],[-93.7623409885784,45.3656745943723],[-93.7603956446098,45.3665941794313],[-93.7571759200365,45.3698068459692],[-93.7545897269274,45.3716421447264],[-93.7526517293812,45.3725616567517],[-93.7442135736431,45.3721305167191],[-93.7403225578208,45.3721457468607],[-93.7377284927749,45.3730691291648],[-93.7351422816995,45.3739924433851],[-93.7312361391461,45.373546090179],[-93.7260328895097,45.3712758306218],[-93.7221262726459,45.3694596314512],[-93.7201811712225,45.3685515488088],[-93.7195095368171,45.3658119853525],[-93.7188460177921,45.3630724173426],[-93.7181822104079,45.3607869731609],[-93.7168772628289,45.359420963472],[-93.7123225402337,45.3576085680707],[-93.7084241672093,45.3557924167657],[-93.7045254627066,45.3544302975446],[-93.7019162601497,45.3530681133421],[-93.7006193390179,45.3526140947369],[-93.6980177344117,45.350794040138],[-93.6973536359733,45.3485085949677],[-93.6966823375379,45.3448570952758],[-93.6940730271833,45.3421213220282],[-93.6934170818544,45.340293729931],[-93.6921049064307,45.3384699060057],[-93.6881984171277,45.3352838891515],[-93.6829954792066,45.3325558439635],[-93.6725966219019,45.3289272636177],[-93.6667522096128,45.3271149192863],[-93.6615641783356,45.3262144174724],[-93.656368584142,45.3257718039829],[-93.6511885038533,45.3262411123736],[-93.647297507794,45.3257947064388],[-93.6440549157068,45.3253482843544],[-93.6408047804662,45.3248980647748],[-93.6388593188183,45.3244439743442],[-93.6375547548199,45.3226201970299],[-93.6355938834717,45.3198844307641],[-93.6336407439231,45.3180606367942],[-93.6290935905325,45.3153287191419],[-93.6271328135073,45.3135086749847],[-93.6245387466647,45.3121427037586],[-93.6199765743409,45.3080410608871],[-93.617374728088,45.3048474236335],[-93.6128200737648,45.3021154578974],[-93.607624419384,45.2998414821818],[-93.6030848711306,45.2984832059127],[-93.5965922605837,45.2966669449517],[-93.5907558046732,45.2948546252841],[-93.5855601556823,45.2921226640047],[-93.5803645102848,45.2903064476863],[-93.5764584252236,45.2880286418081],[-93.5725675396571,45.2862086185392],[-93.5699734395769,45.2853004738399],[-93.568028063269,45.284846440913],[-93.5660823186518,45.2848502306191],[-93.5596050162956,45.2848616730525],[-93.5563627161608,45.2853234166697],[-93.550541420219,45.2876203413577],[-93.5479549100046,45.2885360878776],[-93.5453610614527,45.2894555793085],[-93.5421263269292,45.2899210774273],[-93.5388835309244,45.2903827476308],[-93.5369380405305,45.2899286934482],[-93.5349927010534,45.2894746135112],[-93.5330470732172,45.2894784996022],[-93.527859392283,45.2872006642664],[-93.5233120403647,45.2849265537042],[-93.5200693602426,45.2840146625556],[-93.5148892377331,45.2849380511095],[-93.5116545418373,45.2863116256992],[-93.5077710116763,45.2867770984264],[-93.503231372693,45.2872387790517],[-93.501942255226,45.2877005052161],[-93.5006450367518,45.2890702399239],[-93.4993556803329,45.2904438231559],[-93.4967695321396,45.2918212192405],[-93.4948237965055,45.2918212413592],[-93.4935268062034,45.2922791043584],[-93.492229912021,45.2927370022102],[-93.4909328947693,45.2922828910401],[-93.4896360499942,45.2913710429441],[-93.4889873935956,45.2904591056145],[-93.4870418250482,45.2890893241832],[-93.4857374550859,45.2872654923141],[-93.4831433253613,45.2854378955636],[-93.4792525484909,45.2840757076469],[-93.4740643761782,45.2836216630214],[-93.4695324573165,45.2840871957439],[-93.464992880317,45.2840909640111],[-93.4604612264583,45.2845526873557],[-93.4559216189161,45.2845564821377],[-93.4520383807076,45.2845641165761],[-93.4474986042821,45.2845679126216],[-93.4429593641509,45.2827441332112],[-93.439068183937,45.2818321766424],[-93.4312939290079,45.2827555274005],[-93.4254649955895,45.2823052962168],[-93.4189726985547,45.2809393783793],[-93.413143664525,45.2804852903223],[-93.4027753059224,45.280038899416],[-93.3898204865127,45.2800464687247],[-93.3833355484767,45.2800503131114],[-93.379452135995,45.2805082256181],[-93.3788038694652,45.2814238922706],[-93.3781552624739,45.2837055970312],[-93.3775143666209,45.2855370360913],[-93.3749202773205,45.2864528187719],[-93.3723265150068,45.285994913163],[-93.3723261862234,45.2846251004002],[-93.3710291968195,45.2814277277149],[-93.3690839345976,45.27914226578],[-93.3658413703582,45.2768605696618],[-93.3632475649253,45.2736631734615],[-93.361301896665,45.2700078595996],[-93.3606455488908,45.2608696764824],[-93.3599970811384,45.2567565429591],[-93.3567549265307,45.2526472258631],[-93.3509181580064,45.2471642899812],[-93.3470346970157,45.2439706781209],[-93.3444408116328,45.2430549543216],[-93.3373151169827,45.2421430317229],[-93.3340801983046,45.241689028592],[-93.3321345830448,45.238945671202],[-93.3327832053076,45.2366601509281],[-93.3301891088205,45.2352903176639],[-93.3282514247864,45.2343784557914],[-93.3224225371821,45.2334665153935],[-93.3204771357213,45.2330086921508],[-93.317890503336,45.2307231545098],[-93.3139997318556,45.2293534236058],[-93.3101163058992,45.2275295674686],[-93.3088271435164,45.2266138773218],[-93.3029981930301,45.2220467192667],[-93.2978178728912,45.2165599074219],[-93.2945828014996,45.2147322716838],[-93.2913478495839,45.2133625092181],[-93.2887538330469,45.212450611346],[-93.2829327967182,45.212904639858],[-93.2764554054288,45.2133624959286],[-93.2719311357218,45.2133587096766],[-93.2680478561908,45.2110732204834],[-93.2641642703343,45.2078757340421],[-93.2609297639829,45.2051324501877],[-93.2583433184472,45.2033047795069],[-93.2538114058737,45.2037588152012],[-93.2492794510794,45.2042128871469],[-93.2428096559441,45.2046669339486],[-93.2363324955218,45.2037512173666],[-93.2330977762697,45.2032933972214],[-93.2318003943021,45.2028354828798],[-93.2292140933952,45.2010078479088],[-93.2259794325336,45.1991764157713],[-93.2246897769757,45.1964330320844],[-93.2227520929416,45.1914079530731],[-93.2208143810596,45.1877527228406],[-93.2182278852183,45.1859250871275],[-93.2150007477472,45.1840936425243],[-93.20917930538,45.1831778430415],[-93.2033580121331,45.1808885356932],[-93.1994748386033,45.17905710636],[-93.1955990258689,45.1767716056444],[-93.1930124869084,45.1753979990602],[-93.1910748118574,45.1740244461005],[-93.1904338396477,45.1731125154972],[-93.1878477130139,45.1708270048092],[-93.1833233642551,45.1680798396995],[-93.1775097345359,45.1653364810129],[-93.1729857145605,45.1644169633911],[-93.1684538415129,45.163497406225],[-93.1645779793712,45.1621238158147],[-93.1619914197494,45.1602923834728],[-93.1594128443539,45.1575490171624],[-93.1561855379996,45.15389366436],[-93.1529661862271,45.1502308211822],[-93.1497387873463,45.1474874576806],[-93.1465116453836,45.1452019326194],[-93.1439251711018,45.1433705133426],[-93.1413466253507,45.1424547908284],[-93.1394008744453,45.1419930845826],[-93.1368223448639,45.1415351865387],[-93.1322979889186,45.1387880359769],[-93.1277815174865,45.1360408911974],[-93.1245540754865,45.1342094285857],[-93.119389253083,45.132374138329],[-93.1142162353491,45.130542708791],[-93.1122864519979,45.129169128306],[-93.1090591788812,45.1264219219717],[-93.1077769865267,45.1232244795277],[-93.1051987102702,45.1204811900712],[-93.1026195150371,45.1172799662258],[-93.1026272791762,45.1149944404817],[-93.1026345824794,45.1127127467393],[-93.1013530063692,45.1090536573127],[-93.1000716063288,45.1063103135916],[-93.0981415606695,45.1031128904474],[-93.0929837936342,45.0994499472424],[-93.087825858614,45.0953329891603],[-93.0858961426364,45.0939556343302],[-93.0852551632401,45.0912160646633],[-93.0852704615494,45.0875646192497],[-93.0865753336699,45.0834553169612],[-93.0865906499455,45.0788881148643],[-93.0866051406693,45.074320909267],[-93.0853239499364,45.0711197097602],[-93.0846905118969,45.0670103774463],[-93.0859947713664,45.0629010295117],[-93.0879482693428,45.0592495872394],[-93.0885966688233,45.0565100208819],[-93.0886043817583,45.0542283386454],[-93.0892682008207,45.0505769200357],[-93.089283066142,45.0460096709912],[-93.0880014226581,45.0414387013628],[-93.0873687194406,45.0373294313642],[-93.088055232642,45.0250014544544],[-93.0874146125718,45.0236316624223],[-93.0867960299722,45.0167789821875],[-93.0848887188762,45.0071867027934],[-93.0842632506899,44.9998800207009],[-93.0791366156691,44.9898223197919],[-93.072064292625,44.982961960815],[-93.0598339357459,44.9747242091093],[-93.0495346800465,44.968310365059],[-93.0456815641461,44.9646474025462],[-93.0411803263447,44.961900293809],[-93.0321848791605,44.9536625590664],[-93.0244715147363,44.9481681944324],[-93.0193294062348,44.9431355182596],[-93.0129209058462,44.9344476116133],[-93.0110054793699,44.9317042128566],[-93.0103730007311,44.9280527923314],[-93.009754841238,44.9225698763702],[-93.0110597214434,44.9180103091738],[-93.0110825081088,44.9138971656602],[-93.0117462786622,44.9084218948487],[-93.0124094051234,44.9047704374763],[-93.010486915194,44.9020271281215],[-93.0092132586313,44.8997415714007],[-93.0053603044277,44.8960787172443],[-93.002163489589,44.8915077088931],[-92.9963648788031,44.8901264725945],[-92.989940845645,44.8873716995709],[-92.9841428834427,44.8864444823727],[-92.9770707238919,44.8850556541423],[-92.9706234090966,44.8854982387837],[-92.9622384309283,44.8877608194294],[-92.9570664507486,44.89139706952],[-92.9492997272949,44.8977689567576],[-92.9441267697481,44.9018630184982],[-92.9408842495261,44.9050527483958],[-92.9363675238709,44.9073230394706],[-92.9337733267726,44.9100549352294],[-92.9208416722192,44.9173234657116],[-92.9040339291486,44.9259465816952],[-92.8891797172921,44.9309258542619],[-92.8827176746177,44.9331884782899],[-92.8756301790283,44.9327077227703],[-92.8679319251656,44.9272018968085],[-92.863453221603,44.9217113392763],[-92.8615388236977,44.9185063258035],[-92.8596389228044,44.9139353345324],[-92.8590280064274,44.9079983875558],[-92.856480399553,44.9043393298248],[-92.851353424969,44.8997568779647],[-92.8423886561501,44.8915076694358],[-92.8360025462701,44.8841818474045],[-92.829647755254,44.8713769640557],[-92.8264962613198,44.8622349857982],[-92.8252988744197,44.8489951478245],[-92.8254058610751,44.834385510075],[-92.8248253239244,44.8257090064035],[-92.8268548660863,44.8115686305181],[-92.8295251621672,44.7983402371953],[-92.8308605563461,44.7915028538143],[-92.834118359606,44.7851232567899],[-92.8289612546291,44.7869280418442],[-92.8218809581385,44.787359143512],[-92.8141599607293,44.7873324464074],[-92.8070878047718,44.787759835769],[-92.7987334142391,44.7868173946555],[-92.7897536201987,44.7835894492952],[-92.7852522799893,44.7831163415068],[-92.7807660683075,44.7808155754892],[-92.7711604350767,44.7752982961346],[-92.7545285300365,44.7647369380432],[-92.7242704712186,44.768712729174],[-92.7082103717045,44.7668202163852],[-92.6934703545852,44.7612762767387],[-92.6838570650133,44.75757901673],[-92.6755720145389,44.7502379389571],[-92.6660276805465,44.7396994959688],[-92.6499675900155,44.7387074326411],[-92.6320004219505,44.7358801629724],[-92.6204727704058,44.7317136415349],[-92.6166274635601,44.7307864586188],[-92.6147046771867,44.7298630727633],[-92.5954630943808,44.7251966824835],[-92.5865677635368,44.7216750009505],[-92.5787247686239,44.7191262478052],[-92.5728115426891,44.7165316555749],[-92.5681423316076,44.7129946630155],[-92.5635337738758,44.7108235901528],[-92.5602840240124,44.709988022936],[-92.553752996114,44.7078665822678],[-92.5479092890025,44.7066341860533],[-92.5433236868194,44.7049210166125],[-92.5405467607142,44.7032460066918],[-92.5387008117386,44.7022959952315],[-92.5353592872908,44.6996365487441],[-92.5326583487772,44.696961820791],[-92.5286755637605,44.6943177062875],[-92.5227702456952,44.6917192992408],[-92.5167964274962,44.6877511871825],[-92.5115092159234,44.684679667087],[-92.5061842921767,44.6807000596878],[-92.5014917428641,44.6767014422607],[-92.4968684231172,44.6740725288652],[-92.4928478289085,44.6705164757908],[-92.4894913079854,44.6674030347262],[-92.486111539561,44.6638317175243],[-92.4814270732893,44.6598330517673],[-92.4780698175443,44.6567157383624],[-92.4740490275028,44.6531596722821],[-92.4694025788323,44.6500728519802],[-92.4621549297975,44.6461353236412],[-92.4490091105921,44.6395993178679],[-92.4371001556504,44.6321170657223],[-92.4317824283074,44.6281337245696],[-92.428417279066,44.625016412512],[-92.4263046508252,44.6209566894152],[-92.4242369302638,44.6178127037974],[-92.4253281021613,44.6136767083822],[-92.4258619359003,44.6113835572647],[-92.4269990296752,44.6081595087537],[-92.4262356036175,44.605438986162],[-92.4241600973575,44.6022911676919],[-92.4215584523272,44.6014402790636],[-92.4163250552298,44.5992807105296],[-92.4124573372144,44.5989106535724],[-92.4066437155801,44.598136101819],[-92.4033547291017,44.596384711791],[-92.3987623527231,44.5942099162954],[-92.394192213241,44.5924891074573],[-92.3902633397177,44.5907568765433],[-92.3864174750183,44.5908445700661],[-92.3847928601489,44.5908827724912],[-92.3832131565521,44.5909171071208],[-92.3787046702446,44.5905660914963],[-92.3747985007418,44.5892840962594],[-92.3721510874461,44.5875213440637],[-92.3688167324526,44.5848580561774],[-92.3667948017161,44.5826221697702],[-92.3634457502846,44.5795049022702],[-92.3620416799023,44.5767996581802],[-92.360012276081,44.5745637805302],[-92.3573648133779,44.5727971967696],[-92.3560455870775,44.5719158896754],[-92.3559463969005,44.5696341325415],[-92.3551753405528,44.5669136531998],[-92.3550152113618,44.5632660385216],[-92.3542296355441,44.5600877255537],[-92.353504971791,44.5582829801031],[-92.3514828488151,44.5560470819122],[-92.3482786354517,44.5561195798089],[-92.3444717064317,44.5571192617959],[-92.3400312558288,44.5581341619042],[-92.3362319687769,44.5591338265628],[-92.3324242734939,44.5601296861558],[-92.3286254041585,44.5611293510924],[-92.3260392451854,44.5607326079641],[-92.3240321887534,44.5589506589719],[-92.3214079448055,44.5576419923733],[-92.3187677934905,44.5558753702459],[-92.3148388642717,44.5541393188816],[-92.3116189187128,44.5537577907769],[-92.3077738930399,44.5538416948351],[-92.3026470055924,44.5539561707757],[-92.3001297887241,44.5549253318929],[-92.2969018122266,44.5545437551709],[-92.2930565655681,44.5546277093058],[-92.2898374877817,44.5542461312725],[-92.2846725432073,44.5534449052149],[-92.2820859656192,44.5530480904844],[-92.2775848490903,44.5526932543764],[-92.2735640931849,44.5529069367621],[-92.2710005996046,44.5528878291574],[-92.2666899115429,44.5529336313216],[-92.2626615747548,44.5532770401414],[-92.2577329383041,44.5535898875577],[-92.2526287917081,44.5541583889479],[-92.2482420181384,44.5537043825575],[-92.2416807107268,44.5530290226148],[-92.2287108651974,44.5516401489754],[-92.2223016731061,44.550339071068],[-92.2217068078266,44.5501216067163],[-92.2138947023831,44.547141687673],[-92.2133909262734,44.546985255807],[-92.2073482872422,44.5451042011762],[-92.2002453100873,44.5438870639578],[-92.1942182164021,44.5440549170595],[-92.1906323708583,44.5440969109908],[-92.1845902339854,44.5448829341451],[-92.1788069619329,44.5457490390072],[-92.1730389450706,44.5456994295545],[-92.166661090708,44.543818371147],[-92.1584900265617,44.5420517846059],[-92.144863941056,44.538232479061],[-92.1360590166621,44.5344321691989],[-92.1278192852956,44.5306586036261],[-92.1272400480071,44.5303801141219],[-92.122654611114,44.5282014325741],[-92.122074622834,44.5281976310777],[-92.117749100892,44.5241379441189],[-92.1173595608421,44.5237334176195],[-92.1138803605939,44.520093387295],[-92.111286458143,44.5170372332461],[-92.109821897006,44.5125082385514],[-92.1083724904479,44.5084332606081],[-92.1072432587284,44.504640622269],[-92.1071284693065,44.5036142336557],[-92.1059157535544,44.4990432497223],[-92.1053509009886,44.494930127426],[-92.1035120999076,44.49035532901],[-92.102337137652,44.4844145282122],[-92.0998658013385,44.4793742805829],[-92.0957991891327,44.4746964703955],[-92.095471204341,44.474314903221],[-92.0913818135546,44.4695455629926],[-92.0834851541849,44.4646311431139],[-92.074367689734,44.4607774384152],[-92.0663418292703,44.456717731685],[-92.0592693822586,44.45150573745],[-92.053936523693,44.4463471599177],[-92.0531966038513,44.4457862468278],[-92.0500227382732,44.4432374980567],[-92.0453077086207,44.4395020658371],[-92.0448956064841,44.439196857876],[-92.0374189059165,44.4337025225076],[-92.0269437924239,44.4279868417187],[-92.0183145632282,44.4238736868139],[-92.0119133903974,44.4221414555052],[-92.0113110268803,44.4220461309333],[-92.002933784105,44.4210464210184],[-92.0023767387973,44.4209853986429],[-91.9934428307017,44.4199819364637],[-91.9849595058744,44.4190318687956],[-91.9717676893333,44.4161206066677],[-91.9591487104825,44.4129270144763],[-91.9450117647528,44.4099203293062],[-91.9306914522124,44.4052807503752],[-91.9227492033421,44.4037621660644],[-91.9168365020234,44.4041322893098],[-91.9106866742159,44.4023580285575],[-91.9099929017287,44.4022206847239],[-91.9094966894338,44.402121509618],[-91.9048964608812,44.400839487112],[-91.8991359260869,44.3999656676035],[-91.893330049727,44.3987104548437],[-91.8875085435794,44.3969972183413],[-91.8855021707653,44.3947575115532],[-91.8822600035813,44.3934488187743],[-91.8784071868198,44.3930710760162],[-91.875172322939,44.3922202497935],[-91.8700068016462,44.3909496194818],[-91.8648416522559,44.3896828876579],[-91.8609357756038,44.3879315629256],[-91.855725162477,44.3852951643274],[-91.8517652009568,44.3821739985239],[-91.8464856807594,44.3777136359667],[-91.8412517446729,44.3746230639989],[-91.8353997443146,44.3719979614943],[-91.8269693086981,44.3689608098919],[-91.8198591522074,44.3668165245225],[-91.8121228663705,44.36513767502],[-91.8062559620634,44.3620547923126],[-91.8016782075626,44.3594029727382],[-91.7971390087539,44.3576631248607],[-91.7926222139283,44.3563811118813],[-91.7874725874261,44.3555645540191],[-91.7829558986018,44.3542787535943],[-91.7784621266986,44.3539047996161],[-91.7752350467197,44.3530539341091],[-91.7706647985414,44.3504021863701],[-91.7658883699375,44.3476015437205],[-91.7654765507703,44.3472162325375],[-91.7616622708362,44.3427024694854],[-91.7596021931412,44.3404208045828],[-91.7579234583692,44.3385550173684],[-91.7554742547476,44.3339687232488],[-91.7517288378667,44.3302753342534],[-91.7473724776593,44.3282607613496],[-91.7466775912611,44.3279287806684],[-91.7428553971694,44.3261126055944],[-91.7422831146379,44.3258378573995],[-91.7353484179869,44.323193700356],[-91.7331354632002,44.3200764222771],[-91.7291071578531,44.3146774773171],[-91.7244077534966,44.3083781067063],[-91.7230038196581,44.3047533562591],[-91.7216306064058,44.3020405431714],[-91.7214858240332,44.2979388579041],[-91.7220424785737,44.295649509927],[-91.7251630381228,44.2937684962196],[-91.7276351182414,44.2914448288973],[-91.7301299293299,44.2895713994664],[-91.7319606994722,44.287259195131],[-91.732532905647,44.2854239686146],[-91.7317780414322,44.2822456582378],[-91.73166326818,44.2790558841762],[-91.7296412592901,44.2759004011884],[-91.7237817076936,44.2728175093056],[-91.7153592419302,44.2693186741211],[-91.7101559833106,44.2666783186887],[-91.7068980201506,44.26491175673],[-91.7047469880331,44.2631451609821],[-91.7041900882525,44.2604018231084],[-91.703480003258,44.2585893938554],[-91.704632434868,44.2549188837374],[-91.7027328474868,44.2519657125405],[-91.6993753015859,44.2475778305765],[-91.6962625052775,44.2443461044113],[-91.6937606684651,44.2420377495985],[-91.6922040857071,44.238901412726],[-91.6922419649677,44.2383901403244],[-91.6924554594764,44.2355284104068],[-91.6939818040436,44.2329224945089],[-91.6960947457965,44.2299921330654],[-91.6982155927238,44.2258599342915],[-91.6980403924973,44.2229411262857],[-91.6981166262272,44.2197513131842],[-91.6969418319566,44.215630558963],[-91.6951259486952,44.2115059485871],[-91.691395036911,44.2073585213976],[-91.6882974086562,44.2036765867088],[-91.6841471489244,44.1987431174653],[-91.6834685274228,44.1976098677149],[-91.6827968472034,44.1964881401247],[-91.6802566532267,44.193088532236],[-91.6781809897615,44.1907801058477],[-91.6777771269728,44.1903261258614],[-91.6746949317745,44.1876667353535],[-91.674023071892,44.1870866907696],[-91.6708952036497,44.1843891325377],[-91.6657146652203,44.1822028645914],[-91.6645322738972,44.1816305380227],[-91.6610451226604,44.180359920159],[-91.6597714059106,44.1798944711936],[-91.6572155273491,44.1789672969081],[-91.6564908321549,44.1784903577601],[-91.6527525820333,44.1760484642064],[-91.6462213708786,44.1716033017274],[-91.640926834443,44.1662272747466],[-91.6356323429231,44.1603895982568],[-91.6310471315072,44.1568220792247],[-91.6258205364531,44.1532659832778],[-91.6179776187953,44.1474740565162],[-91.6095627240332,44.1435174045072],[-91.605785942474,44.1417088325926],[-91.6030849536548,44.1404382720157],[-91.5953334458654,44.1373782295537],[-91.58952028866,44.1351995931372],[-91.5844007880592,44.1343754184053],[-91.5792585663699,44.1330971990844],[-91.5714608519372,44.1286711995925],[-91.5656247293016,44.1255806642357],[-91.5596047278155,44.1236309086314],[-91.5513808651885,44.1212424225667],[-91.5469937197163,44.1208799118127],[-91.5418513345336,44.1202732506598],[-91.5412415078131,44.1201206841399],[-91.5342450394098,44.1187356770787],[-91.532169673287,44.1183350248919],[-91.5285914580332,44.1159274018364],[-91.5244261820632,44.1125965068873],[-91.5226482292664,44.1101964492709],[-91.5212595793642,44.1068960604541],[-91.5203749750662,44.1034087124731],[-91.5195585268472,44.0999137355412],[-91.5181772718765,44.0967468436709],[-91.5161484151292,44.0931297794346],[-91.5133178443302,44.0911037246315],[-91.5089230236522,44.0887648180696],[-91.504551622952,44.0855177599915],[-91.5007675578525,44.0840984102171],[-91.4951065339338,44.0817404773657],[-91.4875378279148,44.0789016889925],[-91.4825102582052,44.0776349570935],[-91.4805873110333,44.0769824565299],[-91.4761929511911,44.074643515006],[-91.4737209025135,44.0718772736841],[-91.471874896944,44.0695727741504],[-91.468792688271,44.0658831387735],[-91.4650387167335,44.0635518525145],[-91.460041884678,44.0598356231594],[-91.4562877954613,44.0575042982291],[-91.4500397171145,44.053314889402],[-91.4443856192066,44.0505027545352],[-91.4406244638419,44.0481677014505],[-91.4381300237575,44.0463096839234],[-91.437001076804,44.0458899430307],[-91.4324609760867,44.0444094251825],[-91.4274184404445,44.042513108369],[-91.4236415447993,44.0410937764953],[-91.4211395840194,44.0396896551127],[-91.4173928385301,44.0369005790773],[-91.4136392775228,44.0345692508998],[-91.4105497116476,44.0313337392308],[-91.4084592250819,44.0292427643157],[-91.4064907998004,44.0274495049337],[-91.4043847454309,44.0253319110018],[-91.4039501692425,44.0248930791624],[-91.4012795982771,44.0234318114091],[-91.399334825637,44.0220963840299],[-91.3986096534374,44.0218178754721],[-91.394321594836,44.0201618491454],[-91.3892791876528,44.0187234852757],[-91.3836026480326,44.0168194702968],[-91.3774912645259,44.0151444648656],[-91.3728378880479,44.0152971471564],[-91.3671310446598,44.0146866049225],[-91.3647735419608,44.0143012999722],[-91.3614312341821,44.0137594045656],[-91.3513455044325,44.0128170003304],[-91.3474011942594,44.0118555590364],[-91.3468518520053,44.0118287796444],[-91.3417627521903,44.0116571224849],[-91.3411376109909,44.011615181741],[-91.3353924948801,44.0115502965085],[-91.3347817357083,44.0115235673719],[-91.3303108942011,44.0114739848305],[-91.329693478513,44.0114663889972],[-91.3245739608442,44.0109817628768],[-91.3240168301966,44.0108291482966],[-91.3180963386878,44.009554783972],[-91.3126343473001,44.0075668852696],[-91.3094985783749,44.0061513524039],[-91.306515337995,44.0050257478935],[-91.3059274059129,44.0044992034935],[-91.3033257833405,44.0021526752998],[-91.302021825705,44.0010233000428],[-91.3001371413743,44.0000846701108],[-91.2963373503675,43.999573359284],[-91.2931716019663,43.9990697338797],[-91.2886168416419,43.9985890330036],[-91.288143682812,43.9984173297734],[-91.2853816543675,43.9974099658865],[-91.2811474874967,43.9970627387262],[-91.2777445299615,43.9970665889401],[-91.2707253853856,43.9962615146252],[-91.2634318001004,43.9940561610586],[-91.2559782221682,43.9919195287478],[-91.2502102744762,43.9897522770592],[-91.2450453811057,43.9870394587372],[-91.2439694473304,43.9864327745095],[-91.241154571896,43.9848455940688],[-91.2378811720861,43.9817053556728],[-91.2356532037561,43.9797861510546],[-91.2350657989851,43.9787063459951],[-91.2332581047658,43.9753907173623],[-91.2306102261428,43.9717811826609],[-91.2273068226024,43.9693393330017],[-91.2248346939748,43.9670232617767],[-91.2221266920081,43.9641693296684],[-91.2217297282807,43.9638182987964],[-91.2175718319707,43.9601248288014],[-91.2149548500035,43.9574272467014],[-91.2114070732648,43.9546381238277],[-91.2075163278355,43.951711631121],[-91.2038158572614,43.9501205346734],[-91.2031673329151,43.9497427951211],[-91.1987806931944,43.9471787989467],[-91.1949045391002,43.9449543365142],[-91.1922646554832,43.941344866948],[-91.1888543021184,43.9386549463417],[-91.1862756943835,43.9371096771816],[-91.1857495026126,43.9367624356694],[-91.1830029638185,43.9355377047727],[-91.1801340726861,43.933046193034],[-91.1776779682065,43.9302723172132],[-91.1739851162444,43.9265636321954],[-91.172054961889,43.9224962634398],[-91.1660431467501,43.9116450187638],[-91.1631743337711,43.9067993103378],[-91.1585736300098,43.9029151166288],[-91.1559336376966,43.9001335617342],[-91.1546829420727,43.8994582351412],[-91.1508067646223,43.8961196101579],[-91.1484113467301,43.8936662531049],[-91.1460766280016,43.8907855669565],[-91.1421626916649,43.8882330187304],[-91.1384241998964,43.885894120713],[-91.1346937022357,43.8835514034254],[-91.1309708258818,43.8807584293754],[-91.1278879892864,43.8779730920576],[-91.1269577200293,43.8752831376925],[-91.1249811838591,43.8725779655098],[-91.1236160159184,43.8689494940695],[-91.1216171323589,43.8653323857541],[-91.1188779570553,43.8618754809026],[-91.1166649825057,43.8580675339961],[-91.1163067352687,43.8576860288294],[-91.1147733065871,43.8557630120584],[-91.1130566674017,43.8536034017103],[-91.1084942866687,43.849402617646],[-91.1058012425498,43.8469720777671],[-91.1054043515859,43.8466287196571],[-91.102009344141,43.8437327093531],[-91.0986142765091,43.8410352034851],[-91.0948224382875,43.8383376028627],[-91.0935944089547,43.8374677007852],[-91.0890165017404,43.832061092429],[-91.0857129050622,43.8280624857887],[-91.0839426310644,43.8239302183661],[-91.082821289248,43.8193592964169],[-91.0822948181011,43.8161580276283],[-91.080860885922,43.8112132209815],[-91.0794872720211,43.8071305893444],[-91.0772210534263,43.8032120683414],[-91.07533714524,43.7959931427708],[-91.0729260077286,43.7923111309988],[-91.0721551148743,43.7894456354032],[-91.0706445779611,43.7845236515305],[-91.0705990028335,43.7821962168041],[-91.0670212223643,43.7789988902091],[-91.0645645537428,43.7766752495285],[-91.0626418140817,43.7752329623384],[-91.0621383739419,43.7747560416862],[-91.0594757521684,43.7724323956999],[-91.0589871441123,43.7720622435713],[-91.0563471005952,43.7700857566851],[-91.0541044304373,43.7669303591213],[-91.0529449165095,43.7637215901659],[-91.05263955489,43.76248528328],[-91.0528380026177,43.7615314625854],[-91.0528915053777,43.7610164037924],[-91.053112389428,43.7587155989073],[-91.0546916079345,43.7550756091878],[-91.0558670022798,43.7519278586748],[-91.0566373992641,43.7478452156985],[-91.0569729451755,43.7463876974946],[-91.0573774987688,43.744670701737],[-91.0574841755055,43.7414809696963],[-91.0582775594795,43.7364826368844],[-91.0603376713105,43.7281305125039],[-91.0620697785868,43.7217280146477],[-91.0644729920591,43.7166877626869],[-91.065670472384,43.7139367875153],[-91.0668606458123,43.7129485672278],[-91.0679516075041,43.7120481586408],[-91.0711103247915,43.7087820310541],[-91.0725751194904,43.706206591548],[-91.0732920451557,43.703486133118],[-91.0740781222333,43.6989418668019],[-91.0748412024396,43.6948554715192],[-91.075291321279,43.6921846916493],[-91.0757949563532,43.6892086155537],[-91.0759475316109,43.680299403731],[-91.0775264797246,43.6707605323621],[-91.0795714288919,43.6662391681277],[-91.0807840637956,43.6618132614242],[-91.0806773241769,43.6577152249134],[-91.0805552045022,43.653163423227],[-91.080463720972,43.6495196127724],[-91.0791288747655,43.646806823625],[-91.0764587933818,43.6452348271518],[-91.074612023346,43.6438383633292],[-91.0725142343754,43.6426479321991],[-91.0706983843517,43.640579878059],[-91.0704543543098,43.6400534360325],[-91.0696450450023,43.6383287143009],[-91.0695387114222,43.6378022954581],[-91.0699961892604,43.6359974691217],[-91.0705681915175,43.6337119698526],[-91.0715676265599,43.6318118783481],[-91.073849442603,43.6283359850631],[-91.0745969055981,43.6247073193531],[-91.0746882813305,43.6219754707223],[-91.0741464669585,43.6192358702708],[-91.0742535344622,43.6160462300908],[-91.0737960153015,43.6105748253419],[-91.0710491010116,43.6054963080895],[-91.0668221215613,43.5998570005878],[-91.0613294059943,43.5942177090259],[-91.0558896236553,43.5900664553492],[-91.049938797836,43.5860295818751],[-91.0453075926776,43.5821454187241],[-91.0444000472039,43.5813823777833],[-91.0413174306957,43.5780895633595],[-91.0395477855186,43.575376740408],[-91.0384032186589,43.571717750224],[-91.0391051128146,43.5653687014755],[-91.0401955597717,43.5585236363332],[-91.0428359805812,43.5522128231442],[-91.0448650708905,43.5481492847641],[-91.0473751659153,43.5439256163034],[-91.0485733190783,43.5402016911928],[-91.0484127479162,43.5363670615157],[-91.0483596727543,43.532009753708],[-91.047016735422,43.5288390614165],[-91.0446516329757,43.5251800859662],[-91.0425835692578,43.521696407254],[-91.0395470632732,43.5180029071172],[-91.0375866590488,43.5150002963116],[-91.0372735431717,43.5145232940454],[-91.0339780232463,43.512619300125],[-91.0315674031645,43.5110320869679],[-91.0285074466594,43.508246758891],[-91.0256008873705,43.5059002649956],[-91.0242578691898,43.5031644789362],[-91.0242050689123,43.5004517004028],[-91.0251279189835,43.4958959157477],[-91.0266003403791,43.48954312391],[-91.0274626440002,43.4794663987891],[-91.0278366809249,43.4704885184067],[-91.0279660814449,43.46992759761],[-91.0293396962442,43.4641472041484],[-91.0313685673645,43.4600875396872],[-91.0327187810507,43.4573785241134],[-91.0335048527383,43.4564360849538],[-91.0353511448704,43.4542345581534],[-91.0380828542758,43.4501901484437],[-91.0386015873349,43.4456305398714],[-91.0382580212646,43.4424484178808],[-91.0371364431914,43.4383314875444],[-91.0351602609574,43.434294610122],[-91.0312999217038,43.4311583880337],[-91.0274399561493,43.4280220823604],[-91.0196804075398,43.4203833450627],[-91.0138362737285,43.4136298969851],[-91.0132259879689,43.4122525884225],[-91.0110518925048,43.4073725521283],[-91.0075723526934,43.3982076151195],[-91.0056499175612,43.3887032520287],[-91.0061152879975,43.3818696622712],[-91.00725216438,43.3768446296304],[-91.0090373665812,43.372727729732],[-91.0114101271654,43.3667794239346],[-91.0138133846551,43.3623534680103],[-91.0170561303542,43.3596787909309],[-91.0193521586434,43.356660724195],[-91.0205429060952,43.3539136253074],[-91.019199800778,43.3507467015507],[-91.0178492592068,43.3471219372591],[-91.0150797540842,43.3432569095375],[-91.0101135590714,43.3399373271876],[-91.0051464468788,43.338983521334],[-90.9993554277552,43.3384607834976],[-90.9944808887492,43.3378846229696],[-90.9892394463402,43.3361103941468],[-90.9828530732537,43.3325505892148],[-90.9746134703462,43.3293417413943],[-90.9701733287639,43.3301734588901],[-90.9614299901709,43.328193205099],[-90.951817028484,43.3247478749994],[-90.9396938145672,43.3191581243848],[-90.9279755180613,43.3121148501824],[-90.9154475780747,43.3042662738405],[-90.9070328306363,43.2989894265746],[-90.9003489813418,43.2920375654736],[-90.8949324276394,43.2842158072568],[-90.8941848388802,43.2831322244605],[-90.8860363889229,43.2694689199974],[-90.8849377798732,43.2641272030479],[-90.8844875927618,43.2598805489432],[-90.88153530653,43.2543671596781],[-90.8778732730703,43.2511125951021],[-90.8722656315373,43.2496435827859],[-90.8712433954564,43.248472204396],[-90.869846559207,43.2468658093201],[-90.868718003919,43.2432030109046],[-90.8697860603676,43.2382963090112],[-90.8714949165494,43.2359764567744],[-90.8750650559488,43.2327026937078],[-90.8805505589425,43.2288604695557],[-90.8928568396327,43.2186197811779],[-90.9031797803129,43.2097563194336],[-90.9161264502063,43.1991302151831],[-90.9267243032111,43.1900531269815],[-90.9271283232051,43.189610520371],[-90.9315073694667,43.1848335156059],[-90.9351465731417,43.179327770755],[-90.9396935477676,43.17304735659],[-90.9430203227767,43.1669425837639],[-90.945812654989,43.1595062700765],[-90.9511610103916,43.1500438688303],[-90.9531444519114,43.1458619597371],[-90.9552273998152,43.1414703338858],[-90.9592330146165,43.1358005578221],[-90.9642607630909,43.1324428174913],[-90.9648478013492,43.1322711625974],[-90.9713025236524,43.1303786446504],[-90.9754525686868,43.1289669042432],[-90.9763834209505,43.128650302333],[-90.9797329889134,43.1268913615529],[-90.9821895057197,43.1245867353535],[-90.9841736757731,43.1210497951371],[-90.9849438221275,43.1169709804066],[-90.9851729266609,43.1101490022821],[-90.9842265524074,43.1049941734349],[-90.9836089902939,43.095520341288],[-90.9832196676363,43.0895375852997],[-90.9830973593155,43.0787130683146],[-90.9847000292408,43.0682776423572],[-90.9846464959381,43.0669155777769],[-90.9843943424311,43.0604063012218],[-90.9848296857807,43.0526646912658],[-90.9842117266119,43.0455183880868],[-90.9832192606995,43.0377651845744],[-90.9822732269075,43.0286499450972],[-90.978298907614,43.0162916150561],[-90.9743087779716,43.0063980659146],[-90.9690132974066,42.9942876656657],[-90.9655344924171,42.9860346942606],[-90.9645503449042,42.9836957690937],[-90.9632153441874,42.9805326696597],[-90.9629333881725,42.9765150279741],[-90.9634292824639,42.9710512349127],[-90.9651760628221,42.9655722369544],[-90.963223241277,42.961878776155],[-90.9625209006587,42.9610508134796],[-90.9586377316205,42.9566019564736],[-90.9571953921087,42.9549460515346],[-90.9530451934624,42.9480476986501],[-90.952107256186,42.9389324439695],[-90.9523507948494,42.9316561994482],[-90.9520916524495,42.9266236001785],[-90.9519771972009,42.9243687178374],[-90.9504591404904,42.9138798935526],[-90.95117643716,42.9038870476364],[-90.951031237969,42.897522803076],[-90.9477737832554,42.8921049027192],[-90.9438365131792,42.887831430231],[-90.9377253344885,42.8836306639199],[-90.9284710602131,42.8798227229648],[-90.9198573736684,42.875568531509],[-90.9113052846028,42.8694980838692],[-90.9065591624617,42.8621341161438],[-90.9061700895357,42.861130552091],[-90.9037361842234,42.8548999591418],[-90.901050729072,42.8467423827186],[-90.8990444999884,42.8413092502713],[-90.8974274570186,42.8369480536086],[-90.8956798394305,42.8332775696904],[-90.8926208575975,42.8314004180125],[-90.8913920907479,42.8307707305285],[-90.8889358614025,42.8295117157871],[-90.8862116385568,42.8269132771339],[-90.884114105606,42.824417991895],[-90.8842051462668,42.8210259653474],[-90.8847238406984,42.8164703338226],[-90.8846711140827,42.8085074441519],[-90.8842890435244,42.7973736903897],[-90.8829158042209,42.7870948915478],[-90.8801010976699,42.7784031505872],[-90.8779037978237,42.7697190186896],[-90.8762251933073,42.7642286506443],[-90.8754236149012,42.7606534871314],[-90.8733567171966,42.7569028553711],[-90.8715862060435,42.754140398973],[-90.8695110546181,42.7516260092296],[-90.8686413497775,42.7490811637549],[-90.8687634981982,42.7461775063206],[-90.870091167764,42.7431976571209],[-90.8705870288176,42.7416255561272],[-90.8704038344834,42.7410609573523],[-90.8698545137889,42.7393439004638],[-90.8679316869912,42.7370928226285],[-90.8653605819856,42.7358298381644],[-90.8648344324355,42.735627689089],[-90.8628961752762,42.7348760605089],[-90.8615992182117,42.7330751213444],[-90.8615691444126,42.7317091584797],[-90.8609047854628,42.7299006497391],[-90.8583415793435,42.7267489768999],[-90.8558086374661,42.7254136095891],[-90.8533063829371,42.7249824719353],[-90.851390979817,42.7246504695952],[-90.848301201041,42.7245932542573],[-90.8458067034645,42.7246238318034],[-90.8420529627941,42.7242116767585],[-90.838901828186,42.7228839814268],[-90.8371626466768,42.7211974551918],[-90.8366362123607,42.7184618604286],[-90.8367125287357,42.7161877637354],[-90.834942300552,42.7134252632653],[-90.8330804478025,42.7119982770981],[-90.8325083197812,42.7115595419766],[-90.8292510043065,42.7098120425907],[-90.8248334571501,42.7075914980772],[-90.8141295589243,42.7031654875737],[-90.8046841177666,42.6991820969567],[-90.7969252393002,42.6945081120367],[-90.7907756324783,42.6907040573097],[-90.786602352519,42.6865756868633],[-90.7800030814052,42.6826381281931],[-90.7743344766038,42.6799748600123],[-90.7667817264609,42.6768766872036],[-90.7608534214058,42.6742517573978],[-90.7548486993644,42.6729200139868],[-90.7479669844505,42.6720844718832],[-90.7448542869567,42.6721187733329],[-90.7398726741587,42.6726301535641],[-90.7342644846535,42.6726910698916],[-90.7292443943169,42.6713824346023],[-90.7235916537634,42.6691694208265],[-90.7174572940468,42.6670326815767],[-90.713139061035,42.6655828204427],[-90.7051207518095,42.6631486647521],[-90.7026180714791,42.6623321073181],[-90.6965911826098,42.6603710348959],[-90.6834607192059,42.6586195449749],[-90.6735656559771,42.6566011818336],[-90.6471446125548,42.6504315898861],[-90.6271407984506,42.6474707297444],[-90.6134993903811,42.6453684397775],[-90.5990564667875,42.6424151816313],[-90.58211220315,42.6401717996248],[-90.5695311969846,42.6376306717819],[-90.5627253636611,42.6361234877631],[-90.5527231134525,42.635001693117],[-90.5435068199473,42.6334411200336],[-90.5367094846864,42.6319340585935],[-90.5283091866493,42.6293243203653],[-90.5200694534861,42.6270310986311],[-90.5126155018548,42.6226471533419],[-90.5085565064643,42.6181677769845],[-90.5068939593336,42.616336393958],[-90.5020639022056,42.6098156344523],[-90.4992256840485,42.6050386918298],[-90.4966474320465,42.60006326711],[-90.495197818876,42.594664365436],[-90.4941371717318,42.590093334795],[-90.4924512180981,42.5855109909773],[-90.4891702778297,42.5807912181085],[-90.4843334159634,42.5719927371527],[-90.4784204406586,42.5629232929859],[-90.4759948178132,42.5575206345673],[-90.4733016973376,42.5509885490929],[-90.4701883746164,42.5457535899263],[-90.4656032242859,42.541266636419],[-90.4583402985014,42.5361080199542],[-90.4531751293481,42.5331777135861],[-90.4486891251772,42.5286182155961],[-90.4461786501651,42.5241464873582],[-90.4442256947711,42.5187094062969],[-90.4413115285484,42.511177605588],[-90.4408997255508,42.5061678993322],[-90.4429517516459,42.5016695337548],[-90.4481546617192,42.4963239091829],[-90.453350524509,42.4909822246512],[-90.4579818644148,42.4851483918649],[-90.4593697812917,42.480657517679],[-90.4602781226727,42.4738545261339],[-90.4600870878427,42.4701344303733],[-90.4599346248744,42.4670285953634],[-90.4551819585063,42.4614656545743],[-90.4469186742113,42.4552463331784],[-90.4358033116528,42.4487639279289],[-90.4223827714639,42.4425560723994],[-90.4125941271552,42.4386985762136],[-90.404965156757,42.4365161936626],[-90.4030884404829,42.4356233958609],[-90.3935663981842,42.4328151834633],[-90.3868529152652,42.4307585678647],[-90.3782089393258,42.4283853380906],[-90.3721131442843,42.4255161758809],[-90.3685042901911,42.422708015931],[-90.3661619555456,42.4186635660353],[-90.3654525469826,42.4132149641427],[-90.363522018928,42.4086860163346],[-90.3587156593571,42.4042982690129],[-90.3568922688749,42.4033481264987],[-90.3506588923561,42.3997006390069],[-90.3496138345753,42.3990901177518],[-90.3397103774885,42.3952402156434],[-90.3284798877414,42.3916917848978],[-90.3196452156369,42.3883342041622],[-90.3191194272096,42.3881167439266],[-90.3116879801727,42.3850337769642],[-90.3044326658136,42.3803179207546],[-90.2965588470083,42.3746709587294],[-90.2923400961261,42.3727633214212],[-90.2872052675715,42.3715614166734],[-90.2828257047787,42.369321657637],[-90.281216284014,42.3681656358126],[-90.2790643050721,42.3666240358607],[-90.272762640422,42.3603132311348],[-90.2626994359282,42.3508431839409],[-90.2539107503797,42.3436358020419],[-90.2491113761085,42.3385688183451],[-90.2444499821666,42.3323457383045],[-90.2385065440922,42.3255847757823],[-90.2331662726288,42.3200027798827],[-90.229367131104,42.3179080918003],[-90.2282985248864,42.3176561543913],[-90.2274898336199,42.3175074252268],[-90.225223785705,42.3170876810797],[-90.2228285555606,42.3152105083683],[-90.2218517652499,42.3129630892714],[-90.2211882300552,42.3101702112613],[-90.2211572076352,42.3070605183683],[-90.2216992232298,42.3011466737158],[-90.222881626231,42.2965947252321],[-90.2253081824259,42.2924930548337],[-90.2283899248733,42.2876129967992],[-90.2311138162407,42.2822217545465],[-90.2331585183713,42.2765329058358],[-90.2332656828931,42.2747205354659],[-90.2334563646853,42.2713667632373],[-90.2330824184903,42.2695047388728],[-90.2323954049273,42.2660860180471],[-90.2308165978492,42.2608512366314],[-90.2282068383369,42.2539643183166],[-90.2263687729762,42.2508241401731],[-90.2222638036061,42.2438264753886],[-90.2171213986605,42.2357490906545],[-90.2128794649556,42.2317810470144],[-90.2069666396696,42.2252756440207],[-90.1989101709091,42.2172478756761],[-90.1915556403219,42.2094528146087],[-90.1862910402431,42.2054960551132],[-90.1851236777347,42.2046225213241],[-90.1771286824859,42.1995592483346],[-90.1707731862923,42.1960873060327],[-90.1643723108039,42.19379400163],[-90.1552321665871,42.1916459447511],[-90.1477853314094,42.1903335452785],[-90.1403315271018,42.1885630999497],[-90.1361660058916,42.1871970854316],[-90.1291931281461,42.1844194627],[-90.1276670449886,42.1837668956781],[-90.11793206334,42.1796158078621],[-90.1087991595443,42.176067262515],[-90.0973094501422,42.1698749805422],[-90.08743711968,42.1657198327144],[-90.0774960456406,42.1625987167131],[-90.0700498922843,42.1612785720254],[-90.0612837086353,42.1593021862385],[-90.0582621991261,42.1586228807219],[-90.0507628529285,42.1565664274524],[-90.0502821383688,42.1563452606195],[-90.0399362475298,42.1516216713553],[-90.0294839305841,42.1475962899123],[-90.0228467245141,42.1456465097261],[-90.0180551368398,42.1428842355962],[-90.0147364466682,42.1397858193844],[-90.0122190600183,42.1352570308538],[-90.0105478342637,42.1313271178532],[-90.0095255200294,42.12675604204],[-90.0089766143565,42.1207390469143],[-90.0050323805401,42.117099046997],[-90.0008817354312,42.1153325505612],[-89.995876624502,42.1145427760765],[-89.995304297953,42.1144397663579],[-89.9872785794231,42.1130050776372],[-89.9823112660078,42.1133332339617],[-89.9774285172984,42.1118452232455],[-89.9738278657221,42.1094796105156],[-89.9704711633393,42.1054960884205],[-89.9696087743783,42.1023789041044],[-89.9692727487665,42.1011771360669],[-89.9694870634371,42.0966404715199],[-89.9685178549074,42.0946029279888],[-89.9686857976447,42.0875292705092],[-89.9703334264534,42.0789328157141],[-89.9719819203397,42.0691460413748],[-89.973423321112,42.0613470969673],[-89.973744172382,42.0595958918802],[-89.9734694801446,42.0521938247258],[-89.9724542149902,42.0444675880267],[-89.9723550939834,42.0437043903768],[-89.971066012449,42.0378055706441],[-89.9672740502599,42.0287363819193],[-89.9619105214138,42.0223569737419],[-89.9609187175598,42.0204299554086],[-89.9591335809356,42.0169731035542],[-89.9568520891844,42.0117688751413],[-89.9534802906132,42.0074611557425],[-89.9503370638745,42.0015738551014],[-89.9470183656181,41.9978805488058],[-89.9459578487296,41.9952364056624],[-89.946110143713,41.9910395209104],[-89.947742692503,41.9875063371318],[-89.9501766606974,41.9838585554851],[-89.9527786093582,41.9807568274074],[-89.9548080329425,41.9771741232601],[-89.9556010252511,41.9735605977098],[-89.9562192718808,41.9692912774885],[-89.9567990472601,41.9656549481393],[-89.9599121247412,41.9609430298496],[-89.9631846486937,41.9569365767235],[-89.9690064036747,41.9506028424634],[-89.9726683661674,41.9464973919211],[-89.9732252767278,41.9405912875831],[-89.9722864213732,41.9344481474227],[-89.9694104946355,41.9283471003981],[-89.9660307109398,41.9233795309621],[-89.9634138232957,41.9178012310989],[-89.9606137323343,41.9111318445726],[-89.9593244046615,41.9056870353713],[-89.9591415561787,41.8995710609521],[-89.9610716817881,41.8943247297471],[-89.961445576779,41.8937218109778],[-89.9639323623188,41.8896965625073],[-89.9657100788587,41.8864457409105],[-89.9671371038915,41.8838434594719],[-89.9719586171429,41.8767237077933],[-89.9768487589871,41.8678986271022],[-89.9792372391903,41.859710744927],[-89.9810070478608,41.851076242512],[-89.9828001426601,41.8456162371609],[-89.9841126019515,41.8415947171852],[-89.9864240453309,41.837878548206],[-89.9880868646511,41.8357912174613],[-89.9900784044832,41.8333150087103],[-89.9912612153195,41.8287709070253],[-89.9916806486071,41.8249783734006],[-89.9932752399831,41.817293894264],[-89.9923750597964,41.8149092000017],[-89.9910932016152,41.8115096443182],[-89.9901855618185,41.8044893048853],[-89.990979058082,41.7992506728704],[-89.9937330205535,41.794584371462],[-89.997059645544,41.7914975044339],[-90.0025755879511,41.7887428240564],[-90.0088087318063,41.7870334259031],[-90.009334786135,41.7869227393705],[-90.0175901796285,41.7851982302856],[-90.0250591376167,41.7835688818469],[-90.0308190471836,41.7813216010276],[-90.0364043871413,41.7787043399024],[-90.0369690250098,41.7783646312371],[-90.0451398106783,41.7734654989337],[-90.0473445809144,41.7721415969885],[-90.0477947383814,41.7719165236846],[-90.0509759665515,41.7702185148861],[-90.0560956010013,41.7677613102758],[-90.0663343012674,41.7629502314302],[-90.0779768473369,41.7583410795522],[-90.0837063642028,41.7561852212449],[-90.0853313527714,41.7555708108026],[-90.0926784462064,41.751896581319],[-90.096966528164,41.7491687283878],[-90.1013000208575,41.7464139328313],[-90.108334005602,41.7406829124389],[-90.1160700470972,41.733151348696],[-90.1213194575628,41.7271951970226],[-90.1245388066404,41.7229105201021],[-90.1261413391235,41.7189918988913],[-90.1261183943545,41.7171222874488],[-90.1260727572431,41.7130855246678],[-90.1252945601872,41.7061186941232],[-90.1231505376239,41.6992506716368],[-90.1229217636705,41.6906125086511],[-90.1239060432357,41.6854004547448],[-90.1250880536731,41.681306587524],[-90.1302763526483,41.6776208589151],[-90.1372650793704,41.6727942183021],[-90.1411554870332,41.6683452623285],[-90.1433223681272,41.663934627653],[-90.1441386115304,41.6612065532902],[-90.1450999687845,41.658016853207],[-90.1455579478827,41.6525531652914],[-90.1468092345981,41.6466544663891],[-90.1490975733084,41.6421903665012],[-90.1509899121837,41.6370965147643],[-90.1503187664619,41.6321060344538],[-90.1511198193536,41.624528425318],[-90.1498688039293,41.6113231454169],[-90.1496472470409,41.6026849543588],[-90.1488458509928,41.59312694827],[-90.1485179227949,41.5867589220165],[-90.1493192011638,41.5816502475773],[-90.1515164084835,41.5785215550852],[-90.1564067865846,41.5751408858454],[-90.1618691633496,41.5716420473152],[-90.1677215436952,41.569513110534],[-90.1739546857537,41.5673916586448],[-90.1814391289008,41.5656059810665],[-90.189434803276,41.5645912306455],[-90.1998184628828,41.5627559425621],[-90.2108122941632,41.5585932029292],[-90.2181054222059,41.5548350607552],[-90.2229888491433,41.5507868781799],[-90.2272150129233,41.5457618025231],[-90.231014857829,41.5406071883912],[-90.2350962131853,41.5384436320686],[-90.2405745332499,41.5352233269825],[-90.2442820475141,41.5318392329394],[-90.2496688076917,41.5269858758651],[-90.2545059552224,41.521957137367],[-90.2590223619757,41.5176571791753],[-90.2647288217832,41.5132500630382],[-90.2709089524602,41.5100297846449],[-90.2772644333824,41.5071872772789],[-90.2831158695986,41.5058520051879],[-90.2904630735264,41.5048867063603],[-90.3000609210586,41.5049973268266],[-90.3141290459561,41.5062334651039],[-90.3236277787698,41.5073513254539],[-90.3322339131778,41.5090987941201],[-90.3371623178632,41.5104229018834],[-90.3427011538353,41.5117392192068],[-90.3482248810426,41.5124755212243],[-90.3523448909055,41.5125709721766],[-90.3531387734446,41.5125901304242],[-90.3537331976512,41.5125366957094],[-90.359280096003,41.5122734761059],[-90.3673827228976,41.5092822179971],[-90.3730130909089,41.5066837369241],[-90.3792542306685,41.5041006027442],[-90.3842818650568,41.5032230259172],[-90.3903622872288,41.5025400811879],[-90.3953288550424,41.501288582018],[-90.4001659109449,41.4994570557587],[-90.4053235360464,41.4969734422844],[-90.4103896336002,41.4930014614554],[-90.4122970489008,41.4907275506465],[-90.4131055075037,41.4867020255296],[-90.4143718167457,41.4826576895444],[-90.416409229946,41.479341958726],[-90.4184158560849,41.4768276567645],[-90.4224665681102,41.4747480727253],[-90.4303632265815,41.4701430509985],[-90.4410290317478,41.4637062563456],[-90.447338765964,41.4593071799318],[-90.4536706822796,41.454449967375],[-90.4594618199808,41.4503558567342],[-90.4637265619106,41.4483184086226],[-90.4679762534663,41.446647289451],[-90.4734917943264,41.4465977482058],[-90.4815637958564,41.4469485863236],[-90.4820826430016,41.4469716236168],[-90.4896589766156,41.4456018752344],[-90.495503122105,41.4436713337314],[-90.5013627051426,41.4423319215868],[-90.510006695455,41.4407064794566],[-90.5187267119865,41.4398213037051],[-90.5260127235755,41.4392376808918],[-90.5315592185837,41.438447845939],[-90.5377160173178,41.4376732347126],[-90.5456434520708,41.4368416265794],[-90.5524717935821,41.4367728601438],[-90.5529902679264,41.4367461239818],[-90.5604439940807,41.4363453624097],[-90.5677765078587,41.4369560544133],[-90.5769468884697,41.4376045977863],[-90.584881626526,41.4382723674337],[-90.5940591891677,41.4395312953798],[-90.5971646444436,41.4399587855979],[-90.5976988815262,41.4399893609591],[-90.6057550951651,41.4403478121047],[-90.6062667306352,41.4403516532793],[-90.6148341710107,41.4406797678111],[-90.622776368677,41.4412979416708],[-90.6301235312823,41.4414506562543],[-90.6362652742523,41.4411264035841],[-90.6455962421951,41.4412828270294],[-90.6461070170791,41.4412559068646],[-90.6560021827159,41.4407218629243],[-90.6626860975874,41.4394018027998],[-90.6682552139711,41.4371733355537],[-90.6687819132901,41.4369253260961],[-90.6745267311602,41.4341974545008],[-90.6795468385648,41.4311221699599],[-90.6864205494895,41.4276271351085],[-90.6930659778393,41.4244375328336],[-90.6995280294968,41.4210836902675],[-90.7100795680606,41.417439862523],[-90.7193721060755,41.4146735408506],[-90.7243238579751,41.4134106862181],[-90.7329904454085,41.4108618006465],[-90.7373087889131,41.4100377869837],[-90.7409864584486,41.4101141531308],[-90.7534453386511,41.4115105049832],[-90.7605099254041,41.4123194964797],[-90.7669795857921,41.4140821829934],[-90.7744641304487,41.4162266301814],[-90.7793087115383,41.4176839509878],[-90.7847865483093,41.4187028119467],[-90.790912861816,41.4188211499053],[-90.7964366429222,41.4184777065773],[-90.8013500771834,41.4173178600502],[-90.8062178159427,41.4158984607599],[-90.8129238670994,41.4144598378052],[-90.8193017358351,41.413017588118],[-90.8324626844665,41.4110488529994],[-90.8391693635456,41.4096067627145],[-90.8439911220371,41.408046176592],[-90.848889004664,41.4058598368808],[-90.8521239008842,41.4032081535314],[-90.8546944606124,41.3996253466529],[-90.856060343612,41.3955617601788],[-90.8574111268301,41.3919563921562],[-90.8575560152039,41.3878698442071],[-90.8577467715562,41.3824251504231],[-90.8580744392426,41.3780526013874],[-90.8585861079503,41.3735084077081],[-90.860599947561,41.3706735285105],[-90.8639572482218,41.3670869423372],[-90.8676193149192,41.3626343385021],[-90.8708617515978,41.3572469853332],[-90.8739975124382,41.3506193559665],[-90.8756679162343,41.3433356261479],[-90.8773082462313,41.3346899893031],[-90.8781020928378,41.324693301789],[-90.8777815604697,41.3210991301457],[-90.8779413339278,41.3197256536941],[-90.8781549290478,41.3178827297793],[-90.8774224733079,41.3124458376297],[-90.8791319160896,41.3069742270212],[-90.8795209252352,41.3011100185104],[-90.8808715153154,41.297504491791],[-90.8834573374203,41.2934636470847],[-90.8866547011296,41.2894383351456],[-90.8898507991127,41.2854131056007],[-90.8926356097311,41.2818419297881],[-90.8979917930531,41.2754204156038],[-90.9015547477268,41.2708341118311],[-90.9039123492405,41.2667212355304],[-90.9062163042638,41.2607918649611],[-90.9073072749387,41.2575907693801],[-90.910282797892,41.2512075347592],[-90.9137844021234,41.2468158811471],[-90.9175918539629,41.2428020788983],[-90.9197962963139,41.2397382345814],[-90.9209253717266,41.2356402033011],[-90.9208185296999,41.2310998525685],[-90.9189039359619,41.2274942273902],[-90.9164011253757,41.2248004407861],[-90.9107781325329,41.2194244919349],[-90.9057052643768,41.2148843145621],[-90.902012177056,41.21000416798],[-90.8994714917009,41.205494187926],[-90.89700773627,41.2010987795716],[-90.8959924288949,41.1951770793645],[-90.894894389377,41.1919341499553],[-90.8929560136401,41.1874166874523],[-90.8879516339396,41.1820330244751],[-90.8835952890036,41.1789271373531],[-90.8830685259041,41.1787362998952],[-90.8786815493152,41.1771529046892],[-90.8749969052598,41.1758406519456],[-90.8712885528674,41.1740701993325],[-90.8675652920346,41.1713915913266],[-90.8657876805976,41.1678202679879],[-90.8646433167571,41.1655273217618],[-90.8635374448283,41.1623262068343],[-90.8617976767192,41.1587508474368],[-90.8580592271716,41.1551644257812],[-90.8540694694316,41.1535238230733],[-90.8480344696736,41.1515932015352],[-90.8402520553468,41.1503913769318],[-90.8341491267836,41.1504637096381],[-90.8291518913845,41.1508682558923],[-90.8286483308706,41.1509101434281],[-90.8232082718505,41.1524098133485],[-90.8194698771001,41.153012593314],[-90.8171275523361,41.1533901772663],[-90.81160409642,41.1520930274324],[-90.8047758806728,41.1493915519777],[-90.7986344664863,41.1445307853878],[-90.7953228074284,41.1405778680011],[-90.7918361511634,41.1355184653534],[-90.7860686553239,41.1274261782072],[-90.7797819170805,41.1184215164817],[-90.7755628329233,41.112950019508],[-90.772114461059,41.1069790729189],[-90.7659805954157,41.0999736224757],[-90.7609754755034,41.0944985150928],[-90.7572213782018,41.0891795996914],[-90.7552077784413,41.0853070434299],[-90.7540173121622,41.0814991413937],[-90.7539258483949,41.076962736726],[-90.7544904413476,41.0712166918228],[-90.7549098827201,41.0656039898921],[-90.7554290694284,41.0621585624735],[-90.7555586999172,41.0585262175293],[-90.7551003578996,41.0544323554031],[-90.7546889142282,41.0489762488739],[-90.7525145546594,41.0416695463058],[-90.751537716738,41.0348400322183],[-90.7518201704195,41.0271287349282],[-90.7521785065897,41.0171512450868],[-90.7525064500589,41.0080781714968],[-90.7533614566648,41.0012906197289],[-90.7540783311262,40.9952733844363],[-90.7551843656501,40.9898135414874],[-90.7568631624059,40.9825336992485],[-90.7585799453218,40.977066150902],[-90.7604562869984,40.9732851245969],[-90.7615015370186,40.9711332105022],[-90.7632718792884,40.9683897350166],[-90.7638055630088,40.9647536780295],[-90.7631188728393,40.9611327551768],[-90.7624174350278,40.9566000715166],[-90.7605327578836,40.9534446229262],[-90.759235942753,40.949831390398],[-90.7591744485802,40.9466530705426],[-90.7597167803818,40.9434711316808],[-90.7607309136589,40.9402430520573],[-90.7624324988768,40.9351951422015],[-90.764858577168,40.9270757913895],[-90.7677271772463,40.9188726318827],[-90.7711836007104,40.9117684033785],[-90.7740518495474,40.9089715303837],[-90.7784087703036,40.9060451787733],[-90.782627860749,40.9041794387049],[-90.787464573495,40.9019015507527],[-90.7879452449356,40.9016192152862],[-90.7922560048625,40.8990780454338],[-90.7964673464403,40.8972122486963],[-90.8009378807237,40.8960179166628],[-90.8049361293398,40.8948427475237],[-90.8079422309453,40.8934463452851],[-90.8109480091573,40.8915959902347],[-90.8139613835234,40.8890090356481],[-90.8228727394138,40.88056550273],[-90.8284422519545,40.8747660380861],[-90.8347976071125,40.8699852874896],[-90.8425415385109,40.8626289968388],[-90.8497659220781,40.8561159410941],[-90.8526196748013,40.8507093887638],[-90.856884325103,40.8435477620576],[-90.8613403399165,40.8377331250628],[-90.8651239558583,40.8337192415963],[-90.8703888478895,40.8300715108262],[-90.8738449695198,40.8275343078716],[-90.8781856316676,40.8254397333047],[-90.8823662867953,40.8222117812315],[-90.8844264138977,40.8200178624469],[-90.8868679854326,40.8170150871719],[-90.8907363241838,40.8133293730096],[-90.8960691243589,40.8102424995523],[-90.8988992747464,40.8053168132318],[-90.9008905891013,40.8003604808465],[-90.9012189673551,40.7961100000129],[-90.8993952983951,40.790802724844],[-90.8966641513351,40.781672436797],[-90.8958938360975,40.775304360038],[-90.8963206750963,40.7671316923577],[-90.8979080089832,40.7630910588261],[-90.8992888839666,40.7581233205723],[-90.9013027532216,40.7522628165336],[-90.903263932692,40.7482147213232],[-90.9061247901909,40.74432294285],[-90.9084671526841,40.7406638301592],[-90.9120142431099,40.736535354463],[-90.9140820193669,40.7334450389073],[-90.9161193166846,40.7301293881124],[-90.9173703249223,40.7257910662333],[-90.9189496772778,40.7210218748641],[-90.920116597815,40.7163134593381],[-90.9208416128095,40.7126964806431],[-90.9204223250489,40.7060271553424],[-90.9188427903354,40.6999530000607],[-90.9177517019812,40.6951721526631],[-90.9181940989024,40.6879075277224],[-90.9188348716862,40.6822528480901],[-90.919682287528,40.6750073313694],[-90.9214139833759,40.669261282241],[-90.9237404429937,40.6651483725481],[-90.9262129803547,40.66106200145],[-90.9299819914867,40.6570479422642],[-90.9343453684347,40.6534995328682],[-90.9385651371082,40.6508937634734],[-90.9439438717371,40.6476467016601],[-90.9491695262551,40.6451553455226],[-90.9601409508573,40.6406300764856],[-90.9661144267982,40.6369253120491],[-90.9739039971045,40.6331938896773],[-90.9836472405588,40.6285464691519],[-90.9900480289106,40.6256316799316],[-90.9922607905594,40.6246205598415],[-90.9973110544081,40.6238077797262],[-91.0045739424633,40.6237124172996],[-91.0098613696318,40.6235788125817],[-91.016697463604,40.6240023250909],[-91.0237471077805,40.6251888307745],[-91.026379117664,40.6254369177262],[-91.0297897746594,40.6257536483171],[-91.0364496209695,40.6258719108915],[-91.0431259837044,40.6255362048841],[-91.0498092652636,40.6247502256907],[-91.0572861410027,40.6239031645169],[-91.0657394082006,40.6224227781999],[-91.0759624068137,40.6195612549961],[-91.0882609224667,40.6158981736788],[-91.0980493637561,40.612891818978],[-91.1192367351966,40.6062451200595],[-91.1348537137473,40.6010294753341],[-91.1450620563467,40.5977063215068],[-91.1512872429251,40.5952033450482],[-91.1576044996335,40.5911701843829],[-91.1642574792216,40.5868015736098],[-91.1701167451538,40.5832762139146],[-91.1760223264255,40.5779268879293],[-91.1843685270179,40.5726272598877],[-91.1926843780284,40.566606460496],[-91.2010158615214,40.5614897943146],[-91.2087521536466,40.5562358383275],[-91.2123071977559,40.5536110720687],[-91.2158017457208,40.5485667616182],[-91.2188151838672,40.5432442214141],[-91.2197612095744,40.5380704979067],[-91.2197001205418,40.5337325168768],[-91.2167932836735,40.5296001177292],[-91.2120477535221,40.5263457517776],[-91.2084926591071,40.5240183167613],[-91.2036331013051,40.5233391357129],[-91.1976892230562,40.5211147745032],[-91.1932107467674,40.5180509719711],[-91.1876111999535,40.5141401430374],[-91.1833232805909,40.5100307789976],[-91.1802031585214,40.5064480368978],[-91.1770901439223,40.5017131763693],[-91.1748241373299,40.4966843282413],[-91.1725584253849,40.4916554734314],[-91.1708953159089,40.4866381871531],[-91.1705212520347,40.4789196778865],[-91.1712765564239,40.4739404144028],[-91.1726959664381,40.4667064530859],[-91.1753734463463,40.4581291186535],[-91.1793335614785,40.4502044479493],[-91.1816141558129,40.4451793645676],[-91.183849615194,40.4383382205735],[-91.1861233311282,40.4328632925798],[-91.1859403038806,40.4279068585258],[-91.1867336770749,40.4215692999931],[-91.1851008659768,40.4156479066642],[-91.1816523593653,40.4096919349948],[-91.17625121177,40.4017099099728],[-91.1735656263629,40.3973031687617],[-91.1719325269056,40.3913777264393],[-91.1720926534017,40.3859369292921],[-91.174053852635,40.3809805199175],[-91.1777845802645,40.3774132319383],[-91.183308376642,40.3743302593046],[-91.1874582671662,40.3722508697738],[-91.1894343640603,40.3712587262332],[-91.1977507127374,40.3700837526997],[-91.2079736781129,40.3685688898628],[-91.2163969703263,40.3675388485539],[-91.2209747751328,40.3663367821847],[-91.2270547481472,40.3646235833879],[-91.233860764727,40.3604533314858],[-91.240825907978,40.355825223265],[-91.2461742795503,40.3525670005671],[-91.2508890927088,40.3484119437039],[-91.2550244098642,40.3451724784852],[-91.258900249548,40.3402507311811],[-91.2614330333219,40.33690824288],[-91.2656524597373,40.3321427899933],[-91.2695810377148,40.3258930787144],[-91.2724650843244,40.3199522953307],[-91.2743498081809,40.3145229577062],[-91.2756160877785,40.3104519321734],[-91.2775313426766,40.3032102686665],[-91.2794001879122,40.2991427904995],[-91.2824825187561,40.2941788519962],[-91.2848932852633,40.2907221682591],[-91.2867931484274,40.2878642763045],[-91.288936844004,40.2843084563279],[-91.290608130844,40.2792912323258],[-91.2928429748791,40.2729038720043],[-91.2953000567258,40.2679705202279],[-91.2955061167772,40.2675127843977],[-91.2973977244238,40.2633082036573],[-91.2992596957509,40.2589357962968],[-91.2989774495802,40.2551163429275],[-91.2975433233651,40.2525714198495],[-91.2963834312466,40.2493854514786],[-91.2964211658784,40.2466652250687],[-91.297062114732,40.243948507008],[-91.2995193124612,40.2403390701048],[-91.3019908598789,40.2358216140897],[-91.3032196617627,40.2344708686679],[-91.306736369369,40.2309493077037],[-91.3096736743968,40.2281830295049],[-91.3115051200722,40.2241274089151],[-91.3112757002301,40.2208954692169],[-91.3112985955918,40.2163933260958],[-91.3113676841219,40.2118606314953],[-91.3120235755519,40.2077819106992],[-91.312679612509,40.2037068490044],[-91.3133511049805,40.1987201575989],[-91.3133893498554,40.1959996718145],[-91.3134351423753,40.1928252468779],[-91.3128781105424,40.1896470610073],[-91.3129163805701,40.1869265708277],[-91.3126567836227,40.1841337450215],[-91.3129925038073,40.1814819015491],[-91.3142361153169,40.1783190106905],[-91.3160898275332,40.1751596177586],[-91.3167537714614,40.1706268831203],[-91.3187757695715,40.1663422708186],[-91.3192716638629,40.162484924646],[-91.3185393940742,40.157727117065],[-91.3170059105954,40.1524882517608],[-91.3158535104264,40.1483980533035],[-91.3157391063817,40.1437088261471],[-91.3165856544509,40.1393325229449],[-91.3178904978253,40.1346015484297],[-91.3185009300103,40.1311829216764],[-91.3179748469356,40.1257382256439],[-91.3180282212365,40.1216557086551],[-91.3181115947763,40.1157606587832],[-91.3164180701414,40.1080382540939],[-91.3144272372835,40.0970077411163],[-91.3106884418845,40.0875836755963],[-91.3091017988021,40.0784952391426],[-91.3067520952764,40.0680485342332],[-91.303097613055,40.0572699917704],[-91.30009090329,40.0509019834297],[-91.2986344530417,40.0466706307625],[-91.2981079836914,40.0416762103761],[-91.298161057955,40.0375935719728],[-91.2988249866118,40.0332973963543],[-91.2992899851456,40.028303103831],[-91.300144488695,40.0249111230579],[-91.3001982986788,40.0208324823179],[-91.2995875332189,40.0174099954777],[-91.298473897151,40.0153762749864],[-91.2964441618514,40.0124726565037],[-91.2902190354601,40.0048799764682],[-91.2819412272036,39.9957420921364],[-91.2784310485528,39.988908504093],[-91.275532301912,39.9820826437492],[-91.2726866196532,39.973532169537],[-91.2691465100355,39.9670651533118],[-91.2638290396106,39.9617271540422],[-91.2594570496156,39.9554469197729],[-91.2562986152975,39.949597811346],[-91.2520949102979,39.9428866624861],[-91.2450071775533,39.9355723984449],[-91.2436104733563,39.9344774104772],[-91.2387051841199,39.9300094304435],[-91.2337536181715,39.9254993108721],[-91.2296417245872,39.9200246467781],[-91.2271845843501,39.9155753550916],[-91.225857298365,39.911061972252],[-91.2257658606488,39.9074333490703],[-91.2262770110287,39.904251538896],[-91.2291682082279,39.9001267711504],[-91.2320827742009,39.8969069024488],[-91.2354242860723,39.8942241443168],[-91.2384687744865,39.8910726017275],[-91.2427866221211,39.8875627432666],[-91.2431837080194,39.887180976203],[-91.2475780525902,39.8829880253851],[-91.2512634530271,39.8771232775983],[-91.2525293283827,39.872147973436],[-91.2532087628597,39.8671654534965],[-91.2538956156242,39.8608202115051],[-91.2527662536491,39.8562760296467],[-91.2516370129464,39.8517317882658],[-91.2481428027481,39.8444481407443],[-91.2442748942899,39.8377557482281],[-91.24055165322,39.8312311278409],[-91.2358444838262,39.8257483952892],[-91.2316937479873,39.8229936172382],[-91.2262084893354,39.8205212458174],[-91.2179681758605,39.8172973072361],[-91.2090953199666,39.8123677977036],[-91.203381286463,39.8093534008553],[-91.1967056405836,39.8058283856997],[-91.1895108978275,39.8004063739646],[-91.1800655267383,39.7921574446232],[-91.1752668783059,39.788006166358],[-91.1718181444205,39.7830155036413],[-91.169651783451,39.7790207817281],[-91.1683317244124,39.7745032970418],[-91.1682019537864,39.7695163294626],[-91.1691021752955,39.76530395138],[-91.1709717418783,39.7608590828256],[-91.1716278111747,39.7571660038764],[-91.171993925857,39.7540409577003],[-91.1718871772551,39.7499622314627],[-91.171810273382,39.7467880056489],[-91.1720396806477,39.745471757156],[-91.172443815626,39.7431133800914],[-91.1740234464593,39.7399503896835],[-91.1757242519395,39.7362989757969],[-91.1768003483099,39.7317471717868],[-91.1762737010931,39.7277335917896],[-91.1757398170485,39.7236470388106],[-91.1741526053325,39.7192707850157],[-91.1728863760406,39.715004946981],[-91.1684997354216,39.7114645438856],[-91.1629685387227,39.7056497140724],[-91.156963915496,39.7012541701063],[-91.1516535803895,39.6966720350214],[-91.1459009714309,39.6932038324653],[-91.1421779738045,39.6906895125025],[-91.1355559277033,39.6860993240535],[-91.1270646123616,39.6812347475289],[-91.1190994591464,39.6764160041391],[-91.1155130395792,39.6737179618912],[-91.114300392099,39.6728023425502],[-91.1118281188427,39.6696623428155],[-91.1085017813131,39.6667930473632],[-91.1041379695804,39.6644466895667],[-91.0984919205775,39.662146225153],[-91.0912209413964,39.658166693153],[-91.0818372243802,39.6529318909291],[-91.0778397105861,39.648834206988],[-91.0739177873281,39.6445605638928],[-91.0698510700195,39.6398750251049],[-91.0661889997289,39.6367542630696],[-91.0619093772063,39.6327328203956],[-91.0589491858,39.6291234265563],[-91.0557522595703,39.6251092385026],[-91.0525096998224,39.6213510735676],[-91.0490000475843,39.6174935841107],[-91.043697699399,39.6131024081144],[-91.0383881260638,39.609420405422],[-91.0328949263048,39.6065320422515],[-91.0265470819609,39.6028388935136],[-91.0212218006847,39.6006296768141],[-91.0163008843555,39.5988973302053],[-91.010883657815,39.5971573351508],[-91.0046048364243,39.5950169488732],[-90.9980896422311,39.5922279218289],[-90.9939469687719,39.5899156014535],[-90.9898952497353,39.587699309291],[-90.988110283791,39.5865659705564],[-90.986736852248,39.5856958682743],[-90.9845321089614,39.5825636646513],[-90.9822125223538,39.5789083889239],[-90.980503685935,39.5744401787615],[-90.9797941938286,39.5699152586011],[-90.9791147961826,39.5662984089053],[-90.9789397989754,39.5616435564671],[-90.9783595717435,39.5595065714422],[-90.9772306759939,39.5570916024795],[-90.9749644070935,39.5507196753892],[-90.9702343701857,39.5437415599136],[-90.9656263900706,39.5392850408624],[-90.9597441865559,39.5346873745038],[-90.9532665697894,39.5321767859553],[-90.9430969526637,39.5309403624907],[-90.9425165619384,39.5308985362984],[-90.9275557443122,39.5297920092988],[-90.9192699042187,39.5297083693626],[-90.9121668147744,39.5269116094764],[-90.9062696210725,39.5232140300243],[-90.9010662842995,39.5187957959166],[-90.8991968452775,39.5151904177643],[-90.8935364304166,39.5035724626278],[-90.8877301740692,39.4953465740482],[-90.881916461705,39.4886575091908],[-90.8772323844039,39.4834382102996],[-90.8733562599541,39.4787872333229],[-90.8714335894633,39.4752084019753],[-90.870334810632,39.4706643241873],[-90.869838911849,39.4656700338443],[-90.868817179723,39.4620680181805],[-90.8669399585957,39.4580085737931],[-90.8644831983459,39.4544142928841],[-90.8614239910357,39.45082373721],[-90.8553284708787,39.4460009759849],[-90.8488963124589,39.4400336165871],[-90.8413966590374,39.4338413290208],[-90.8295177114194,39.4262027239946],[-90.8207056948264,39.4202048311609],[-90.8143200215275,39.4177478939267],[-90.8089188200334,39.4141687960269],[-90.8027999625436,39.4111854451573],[-90.7982909516199,39.4095065084665],[-90.793209268296,39.4081254918266],[-90.7890210969642,39.4072670820175],[-90.7860148633064,39.4059426706529],[-90.7817270059276,39.4043172767535],[-90.7764018683818,39.402436217357],[-90.772274188703,39.4005747836815],[-90.7686048699064,39.3993457540515],[-90.7616160326915,39.3972667519805],[-90.7562831732275,39.3962937476139],[-90.7518276641656,39.3940996583117],[-90.7486312544671,39.3921194342634],[-90.746899070834,39.3893760494755],[-90.7457469024303,39.3869038999542],[-90.7451980326901,39.3857288300603],[-90.7428857493858,39.3825236895577],[-90.7402384798205,39.3801772535155],[-90.7365995240805,39.3770446916438],[-90.7311672076399,39.3730273312658],[-90.7217833486898,39.3672960513184],[-90.7153131996182,39.3635839656285],[-90.7092707088091,39.3611799376017],[-90.7016797721817,39.3565825654187],[-90.6956525904616,39.35256845608],[-90.6900451528462,39.3492034649791],[-90.6829879268887,39.3454837479689],[-90.6782651573517,39.3436097603551],[-90.6734586827964,39.3423167251724],[-90.6729471605141,39.3421831621092],[-90.6686519270685,39.3410805580131],[-90.664089524776,39.3388862311782],[-90.6612439161791,39.336913871976],[-90.6553082152943,39.3328773315125],[-90.6511961357587,39.3299314821619],[-90.6476100836024,39.3276539440303],[-90.6471447859296,39.3272720909654],[-90.6421477661262,39.3232281787764],[-90.637317814101,39.3196527260417],[-90.633091222723,39.3160700148258],[-90.6270568059716,39.3111483170772],[-90.6213876235534,39.3074857813541],[-90.6174432702612,39.3058069250735],[-90.6138427336692,39.3040326105],[-90.610218319857,39.3018921799002],[-90.6037639622698,39.2981755753399],[-90.6024139435182,39.296897780322],[-90.5987893716025,39.2937610903104],[-90.5927246627614,39.2871418076341],[-90.584576363721,39.279777521997],[-90.5788236586427,39.2740201164227],[-90.5760156678967,39.2709027600426],[-90.5739636597679,39.2686290131343],[-90.5677458492563,39.262314622952],[-90.5618708861628,39.2569615570428],[-90.5583994922744,39.2549583764863],[-90.5564695050056,39.2538443642473],[-90.5525479015479,39.2516731198405],[-90.5460934244848,39.2484074828439],[-90.5419962309319,39.2456293116308],[-90.5390742763156,39.2437714837025],[-90.5367853716666,39.240112427441],[-90.5333450612837,39.2350763915401],[-90.5316740394467,39.2305167825188],[-90.5311630238142,39.2268843084846],[-90.5291788268112,39.2210160350873],[-90.528179682823,39.2159874446985],[-90.5278213223983,39.2146178213173],[-90.5272486913204,39.2124201730509],[-90.5265776372268,39.207890823024],[-90.5247308510213,39.203831194956],[-90.5234722978335,39.1997639607503],[-90.5224345900684,39.1954716772582],[-90.5231520825707,39.1904928816671],[-90.5232354282627,39.1857081491939],[-90.5231516001754,39.1807211769634],[-90.5219007087186,39.1766539295099],[-90.5194515356398,39.1721442734139],[-90.5175975153013,39.1680809704381],[-90.5161785050375,39.1634337228176],[-90.515064721646,39.1585841369337],[-90.5157822312162,39.1523001548887],[-90.5153317081349,39.1463976534156],[-90.5148969406054,39.1400448845809],[-90.5132487350783,39.1345777047974],[-90.5116159078106,39.1286596303597],[-90.5097543443186,39.1246343695123],[-90.5055048755452,39.1187817212515],[-90.5018814049641,39.1144623105671],[-90.4984246446316,39.1103341198474],[-90.4949920741331,39.1052939650146],[-90.4921533466314,39.1002653909424],[-90.4891172305156,39.0958163434362],[-90.4882095736508,39.0920469112928],[-90.4878280923873,39.0894789099003],[-90.4877513969233,39.0849461459011],[-90.4896738383437,39.0807340887869],[-90.4917646393197,39.0762965088482],[-90.4946713010166,39.072641318082],[-90.498165369281,39.0689786413606],[-90.5013091960943,39.0659375769134],[-90.5051770596368,39.0630190027279],[-90.5069241499137,39.0607336192548],[-90.5086483538122,39.057544098587],[-90.5115401870186,39.0534344367738],[-90.5150040143974,39.0479632320663],[-90.5172621598327,39.0439530773086],[-90.5191083827946,39.0412595838755],[-90.5197869908214,39.0376423674515],[-90.5180857828959,39.0344415130052],[-90.5147293733639,39.0311906052164],[-90.5123106864109,39.0284663368648],[-90.5098916293519,39.0253417406427],[-90.5080610819918,39.0221859447357],[-90.5037810543291,39.0140672341476],[-90.5015223734978,39.0097173104843],[-90.5010418987883,39.0051768756407],[-90.5011334847265,39.001552476982],[-90.5006149097708,38.998370390757],[-90.4981347726625,38.9946273251709],[-90.4942745465966,38.9914756283443],[-90.4909330482,38.9888010612746],[-90.4891171317009,38.9865499438906],[-90.4856000027847,38.9831888035172],[-90.482456713164,38.9770954707071],[-90.4811904748889,38.9721202163566],[-90.4812740469564,38.9668014098766],[-90.4814340081625,38.9604564352425],[-90.4820674273373,38.953069409806],[-90.4811369047553,38.948662801055],[-90.4812281969443,38.945034229547],[-90.4772307145913,38.9390821397842],[-90.4744230795781,38.9331455342822],[-90.4721873291428,38.9277734121587],[-90.470341072045,38.923255698029],[-90.4688763366348,38.9185554880982],[-90.4677932361002,38.9144574593355],[-90.4648097235308,38.9101613561636],[-90.4626584039524,38.9071281873802],[-90.4594006806425,38.9047739164727],[-90.4574475141444,38.9025150490056],[-90.4534117276277,38.8998405428507],[-90.4498184530164,38.8971545540282],[-90.4459195365113,38.8945409534058],[-90.4438293167453,38.8922210894071],[-90.4412044439767,38.8900309852892],[-90.4395259903773,38.8863758450869],[-90.4378249504367,38.8836327608191],[-90.4335675234882,38.8787144490027],[-90.4291651354023,38.8753377553727],[-90.4222303767675,38.8720181815015],[-90.4151578300428,38.8683253377646],[-90.4049573800416,38.8631018785274],[-90.3970381226526,38.8603396550471],[-90.3912933982073,38.858690998132],[-90.3847621592049,38.856482117494],[-90.3794367413848,38.8555320188801],[-90.3729134443877,38.8563370853513],[-90.3658641739104,38.8575500623616],[-90.3598296394797,38.8593051396062],[-90.3532299461577,38.862830672876],[-90.3488351883618,38.8654021470431],[-90.3441588725047,38.8690689426599],[-90.3387567924582,38.8734833817464],[-90.3339050419143,38.8779398460457],[-90.3278013399017,38.882804611916],[-90.3231245793786,38.8869217445845],[-90.3170286397083,38.8894589612776],[-90.3128249077592,38.8916566496656],[-90.3102156737614,38.8942815696241],[-90.3072930265441,38.897024879613],[-90.3043716019338,38.899768230445],[-90.3012278613588,38.904621441381],[-90.2951322010646,38.9113250923224],[-90.2904245645468,38.9180136059904],[-90.2887159374354,38.9225613761228],[-90.2881739308239,38.9261935547925],[-90.287052319513,38.9307339166916],[-90.2855802295956,38.9356521511401],[-90.2835966191926,38.9384643585636],[-90.2832836120116,38.9389027348008],[-90.2800415050146,38.9432717330962],[-90.2763714316332,38.9477470778104],[-90.2719236813203,38.9503489156347],[-90.2666287020152,38.9526575285305],[-90.2614026558318,38.9538480790151],[-90.2559704597654,38.954794251563],[-90.2542611184934,38.9550919728991],[-90.2514157910692,38.9548018394073],[-90.2489516655324,38.9545498871949],[-90.2435729650395,38.9541952794368],[-90.2388269084754,38.9533211521183],[-90.2330287585252,38.9524708667072],[-90.2247588734094,38.9518792737821],[-90.213940354645,38.9512381114531],[-90.2058759959814,38.9497464310149],[-90.19823855986,38.9478042333111],[-90.1894191303692,38.9458393214825],[-90.1812864099126,38.9424056848618],[-90.1718720621417,38.9387348800071],[-90.1640360552234,38.9343665566789],[-90.1514478023486,38.928860498412],[-90.1432156985771,38.9245342319614],[-90.1363034813678,38.9208866574943],[-90.1301232905036,38.9178225747953],[-90.1216704473106,38.9156402099894],[-90.1145595524048,38.9135303092917],[-90.1075864249276,38.9125306373348],[-90.1016428089868,38.9125649651458],[-90.0969127397398,38.912599470482],[-90.0963486193009,38.9125801918114],[-90.089253223927,38.9121946927893],[-90.0839202378006,38.9117980462542],[-90.0833324476523,38.9117561472908],[-90.0756574314093,38.911195125044],[-90.0673410791389,38.9100658227224],[-90.0620085906791,38.9087344449034],[-90.0554698157098,38.9060558892665],[-90.0504266359755,38.9043885658997],[-90.0445981544097,38.9015612501714],[-90.0323074298452,38.8962194748083],[-90.0251661170855,38.8917291094699],[-90.0180174363439,38.8867841095434],[-90.0120587897918,38.882827567777],[-90.0068557952769,38.8791038704304],[-90.0022399423267,38.8753876540108],[-89.9954114436102,38.8724040112429],[-89.990567040387,38.8706370570547],[-89.9858976505407,38.8687373114206],[-89.9799924690194,38.8665969260642],[-89.9747968820123,38.8644449603953],[-89.9689752078798,38.8616136834562],[-89.9621852828216,38.858530638508],[-89.9503599259985,38.8521933269171],[-89.940220189534,38.8468595144125],[-89.9300119394612,38.841827095639],[-89.9247934741604,38.8396827117468],[-89.9207045882272,38.8371149908766],[-89.918461581201,38.8334441201521],[-89.916249061199,38.8288659557596],[-89.9152184761758,38.8243101679421],[-89.9157606094497,38.8197815525557],[-89.9167145115853,38.8148172647184],[-89.9187055941749,38.8080525256037],[-89.9212763129049,38.8017535229872],[-89.9226196311229,38.7967932849206],[-89.9251296021802,38.792306418522],[-89.9255029051814,38.7917190006767],[-89.9280515163722,38.788098214929],[-89.9284942375853,38.7874719985551],[-89.9331710511091,38.783428152088],[-89.943730078029,38.7756674206391],[-89.9523662862361,38.7719663778985],[-89.9590116957212,38.7683339674774],[-89.9637649837235,38.766289177708],[-89.9673887911729,38.7636372015411],[-89.9707530519805,38.7610159455689],[-89.9733550392689,38.7586542617934],[-89.9742548637227,38.7578186169629],[-89.974643889038,38.7573953661326],[-89.9771848977866,38.7546365737312],[-89.980793424893,38.7507413372803],[-89.9826776537779,38.7471468149802],[-89.9845624953138,38.7435567983183],[-89.9864318678604,38.7404166202619],[-89.9900860024338,38.7368568127317],[-89.9935190777855,38.7341479824704],[-89.9964568149029,38.7323163091492],[-90.0005533320245,38.7295730973012],[-90.0034907852744,38.7277457413398],[-90.0075801706709,38.7249410694079],[-90.0106167844533,38.7222743193407],[-90.0130585760755,38.7195995035456],[-90.0161555979675,38.715123933738],[-90.0186883269442,38.7097290468154],[-90.0194593222065,38.7038493028776],[-90.0191538887217,38.6984351363508],[-90.0185891250891,38.6938567561121],[-90.0152405686293,38.6879008654929],[-90.0124100148982,38.6842188517667],[-90.0089837613529,38.6805297404254],[-90.0053754094179,38.6774123814605],[-90.0006067269867,38.6729061006961],[-89.9969826805854,38.6680608028971],[-89.9928325349397,38.6611622272692],[-89.9897735971241,38.6538672840976],[-89.9879959201101,38.6480449470754],[-89.9877746102583,38.6467173649171],[-89.9866679639817,38.640208293555],[-89.9849058511783,38.6321955497756],[-89.9854166673848,38.6240308872564],[-89.9855925943484,38.6184221744596],[-89.9869582357012,38.6125540075125],[-89.9888119775619,38.6081471557751],[-89.9911084316526,38.6022406739933],[-89.9945952379363,38.596780965395],[-89.9989054795353,38.5887418022432],[-90.0050473581509,38.5813093071003],[-90.0114711873914,38.5758341230751],[-90.0243118713527,38.5674515593906],[-90.0319481684103,38.5625720044374],[-90.0363658862465,38.5586076594134],[-90.04010421003,38.5543610426449],[-90.0434616265735,38.5508625196827],[-90.0494125440209,38.5438802811352],[-90.0540583036836,38.5375043096484],[-90.0571638137568,38.5331395072464],[-90.0602689321645,38.5277559992601],[-90.0661358894722,38.5192325410869],[-90.0663570870345,38.51876310354],[-90.0691041118172,38.5129330027484],[-90.0714689645319,38.5080076644956],[-90.0718347944482,38.5069735104357],[-90.0733992680076,38.5026012701318],[-90.0771222988718,38.4929367219203],[-90.0805785247066,38.4856643324931],[-90.0822797676664,38.4797582013641],[-90.083988620255,38.4747599815606],[-90.0856745119048,38.4674989470876],[-90.0867736868932,38.4602383125401],[-90.0878797223154,38.4538815729907],[-90.0899471805688,38.4416874492316],[-90.0931589334923,38.4326757759664],[-90.0963022536558,38.4259296694022],[-90.1010178034329,38.4184403927876],[-90.1050534300496,38.4116142489071],[-90.1114543953695,38.405677918233],[-90.1164059226903,38.4022553155602],[-90.1213653381177,38.3992676590528],[-90.1260188188002,38.3951544876515],[-90.1332894503332,38.3875925732823],[-90.1405529815822,38.3823653722638],[-90.1457868098709,38.3777944344384],[-90.1501505326704,38.3733801846655],[-90.153324276976,38.3691296806433],[-90.1573759151642,38.3636624391446],[-90.1602443858851,38.3582024479495],[-90.1631205255235,38.3531966995288],[-90.1632272804136,38.3482175792373],[-90.1645474930641,38.3432496480795],[-90.1664624631963,38.3378433490388],[-90.1683544732882,38.3333409757357],[-90.1714365085863,38.3284075623881],[-90.1739237423854,38.3234628621112],[-90.1764261298651,38.3180641744002],[-90.1779138334004,38.3136537653809],[-90.1790278117263,38.3086550303896],[-90.178974575766,38.3041261830911],[-90.1794857171626,38.2977739582365],[-90.1795011915417,38.2931801295991],[-90.1793634699272,38.2873461800161],[-90.1797910221883,38.2741983117068],[-90.1796766406016,38.2642247741168],[-90.1766398776987,38.2551785498662],[-90.174801248196,38.248394711338],[-90.1729548527577,38.2411530776287],[-90.1711242254475,38.2348194439133],[-90.1690566593963,38.2286117315734],[-90.166912303558,38.2217702626317],[-90.1630750294476,38.2126366191199],[-90.1590617690849,38.2058904636604],[-90.1564068153307,38.2002745175553],[-90.1518978942386,38.1941506163533],[-90.1479459313176,38.1892443151442],[-90.143963138216,38.1850928835597],[-90.1400419111525,38.1810866205306],[-90.1358916999297,38.1765806392551],[-90.1287961123164,38.1707353283962],[-90.1251260919355,38.1684386568396],[-90.119968865686,38.1667140573233],[-90.1158488800776,38.164928338729],[-90.1094711065634,38.1631696391498],[-90.1036724957774,38.1612539340303],[-90.0970504353031,38.1587055708876],[-90.090572668518,38.1551190451593],[-90.0858193778208,38.1514065618632],[-90.0811197785299,38.1465646054778],[-90.0775573835066,38.1420546687384],[-90.0739862766216,38.1362286917128],[-90.0700647279612,38.1302616034573],[-90.0626870945014,38.1194790581574],[-90.0570571370202,38.1116348595882],[-90.0559659866822,38.1101158361052],[-90.0555077982766,38.1096010977018],[-90.0464212718041,38.0994480254006],[-90.0372436651449,38.0910731235245],[-90.0304458501836,38.0864563670794],[-90.0212595604089,38.0808440846657],[-90.0122953099179,38.0752622918247],[-90.0114785832212,38.074800597347],[-89.9990123440198,38.0677231620442],[-89.9890483359913,38.0634609367354],[-89.9815336546534,38.060599378916],[-89.9722866845796,38.0572457789631],[-89.9653284655428,38.0552999626827],[-89.952106721628,38.0530185572945],[-89.944996017165,38.0512821767089],[-89.9386411533855,38.0488937056004],[-89.9333462288777,38.0467688333338],[-89.9292185869281,38.0422547164729],[-89.9267165102656,38.0377797724817],[-89.9251292877698,38.0327586106397],[-89.9235042282343,38.0286453176346],[-89.9202926037699,38.0232582582276],[-89.9155624384031,38.0169358883727],[-89.9085127475142,38.0119833129694],[-89.8979303356508,38.0063787133481],[-89.8862345617057,38.0016665872344],[-89.8768656624001,37.9994419521629],[-89.8661238534726,37.9962256868518],[-89.8593027595691,37.9940854628623],[-89.8540234900017,37.9904796905645],[-89.8500638851126,37.9872898790946],[-89.845204191665,37.9828106542524],[-89.8422666054645,37.9805596898366],[-89.8369796023008,37.9765957278058],[-89.8330199381229,37.9728868499817],[-89.829914810732,37.9683732664624],[-89.8252145439928,37.9638594096927],[-89.817577710641,37.9575450501555],[-89.8117749783845,37.9542164725692],[-89.8117715935325,37.9542141719334],[-89.8057589249942,37.9500959977292],[-89.8016663083575,37.9480761988278],[-89.7893134886474,37.9468053515375],[-89.7768347350158,37.9491729120634],[-89.7687821011633,37.950699794415],[-89.766571352639,37.9511188470224],[-89.7610426343919,37.9521666433981],[-89.7466740931005,37.9564525530588],[-89.741513219691,37.944929219928],[-89.731318514416,37.9455837364078],[-89.7313346481585,37.9395429281446],[-89.7399454906369,37.9321185022687],[-89.7531539098412,37.9257084584346],[-89.7658139686499,37.9261257573562],[-89.7667513795135,37.9261565698773],[-89.7669943306787,37.9254310075381],[-89.7690484049327,37.9192946547435],[-89.7784918599153,37.9144456503632],[-89.7813530021801,37.9129761654415],[-89.7802229341291,37.9031522432862],[-89.7682822345218,37.8859098690604],[-89.7665907571474,37.8830950795412],[-89.76160870148,37.8761621319789],[-89.7560161983562,37.8683635990681],[-89.7498742775198,37.8635140657996],[-89.7438451778966,37.8602854888354],[-89.7402978197728,37.8595450788083],[-89.7401747029682,37.8597089631476],[-89.7347837862857,37.8583939844648],[-89.7243541446145,37.8563603748545],[-89.7165951152312,37.8559214724155],[-89.7066924845944,37.8573138815928],[-89.7008713305864,37.8591453872124],[-89.6932111949361,37.8629535224347],[-89.687824872238,37.8669177545963],[-89.6829950630449,37.8713507394412],[-89.6781735821329,37.8757809375057],[-89.6733516071474,37.8802143001802],[-89.6677595226385,37.8832744416029],[-89.6638076495491,37.8859028714079],[-89.6590315218808,37.8889745074928],[-89.6560026407962,37.8901269368678],[-89.6525541018453,37.8906490823887],[-89.6520427475479,37.8906376621322],[-89.6484724581299,37.8905616385834],[-89.64388677959,37.8881920885035],[-89.6397746362741,37.8856208420649],[-89.6274914988805,37.8784017819715],[-89.6198928852507,37.8743426053602],[-89.6163831665373,37.871629370727],[-89.6125226045016,37.8684587542899],[-89.6102946927654,37.8661198512372],[-89.6099744047391,37.8657271523163],[-89.6058089904285,37.8605989714734],[-89.6035048153179,37.8576078510986],[-89.6001936808762,37.8545782888926],[-89.5973628567523,37.8522472115695],[-89.5945021438823,37.8508243421424],[-89.5900614058186,37.8503888200105],[-89.586361404165,37.8501910247927],[-89.5795710766616,37.8499577981201],[-89.5730249489817,37.8480771505825],[-89.5655637695055,37.8450015994859],[-89.560406545951,37.8423498913989],[-89.5563780896869,37.8409003286594],[-89.5521361964063,37.8386832603171],[-89.546878957123,37.8350662944277],[-89.5416077077144,37.8305911987707],[-89.536595111124,37.824127859526],[-89.5299194356003,37.8169621488399],[-89.5202530277472,37.809239933436],[-89.5124022857633,37.8043027819557],[-89.5030709890371,37.7997812909434],[-89.49665528416,37.7970727956414],[-89.4870568976386,37.7930589483257],[-89.4849741392794,37.7918263699807],[-89.483067140797,37.7907010750244],[-89.4779782987985,37.7862175582472],[-89.4733089044607,37.7807843914471],[-89.4692197678975,37.7753515984965],[-89.4674954570995,37.7712879824031],[-89.467670774107,37.7667553543884],[-89.4684263749402,37.7622379679215],[-89.4709595908037,37.7568540121737],[-89.4740795412951,37.7514859113921],[-89.4761468890557,37.7472357155285],[-89.4773069428709,37.743607128409],[-89.4755519734706,37.7399826690323],[-89.4728743534251,37.7373955236166],[-89.4683041250098,37.7350226191182],[-89.4637800520338,37.7329620150414],[-89.4632842439807,37.7328707155039],[-89.4591034136815,37.7320884885026],[-89.4545788430389,37.7318478509041],[-89.446331662842,37.7305733777888],[-89.4388545256931,37.7296007446823],[-89.4318816910667,37.7282727367479],[-89.4261516765342,37.7258692312315],[-89.4219707653866,37.7237251759858],[-89.4181864254027,37.7211457626145],[-89.4154171700117,37.7174525175345],[-89.4120604981716,37.7133012602235],[-89.4103130539584,37.7092226768655],[-89.4091456618057,37.7069564891451],[-89.4056512449949,37.7042393635818],[-89.4019974535779,37.7018092140757],[-89.401539443937,37.7015843143981],[-89.3969232622033,37.6993217547635],[-89.3887680182876,37.6965440478137],[-89.3788800822922,37.6947353370447],[-89.3689845636175,37.692476500753],[-89.3565409844193,37.6901837088522],[-89.3468822724332,37.6879514076904],[-89.338642775527,37.6858110979337],[-89.3381771248163,37.6856202703814],[-89.3311737843011,37.6825145390971],[-89.3267104994221,37.6794815446019],[-89.3218656551261,37.6752614605705],[-89.3200269869958,37.6720605941986],[-89.3195386080102,37.6684626015987],[-89.3195385837556,37.6648341599731],[-89.3206982809397,37.6621136846423],[-89.32127783713,37.6589429171967],[-89.321857964649,37.6553146438991],[-89.3226282143095,37.6508047180318],[-89.3222472217296,37.6458065681272],[-89.3223922529356,37.6421818433649],[-89.3220486608141,37.636275987795],[-89.3221936623757,37.6326512476231],[-89.3228882011258,37.6299459015425],[-89.3229796011127,37.6276796630884],[-89.3225063749093,37.6249476665802],[-89.3202940435534,37.6221701736712],[-89.3183640194537,37.6204072137829],[-89.3166243187183,37.6185912622619],[-89.3154642370553,37.6167789836039],[-89.3119626948076,37.6124410166271],[-89.3061640696486,37.6068055961793],[-89.2979017483476,37.6007541111732],[-89.2917752524829,37.5942526207276],[-89.2873501927159,37.5887016076523],[-89.2846338992991,37.5840959542258],[-89.2829328827148,37.5796017163239],[-89.2829329985975,37.5755229409428],[-89.2840924765926,37.5723487000924],[-89.2875790951284,37.5691742320935],[-89.2911037366553,37.5679262416347],[-89.2951855348809,37.5675754052535],[-89.3004267859488,37.5672511939253],[-89.3067441962692,37.5673618525457],[-89.3154569786678,37.5687236718776],[-89.3201487212933,37.5683157744313],[-89.3206293792591,37.5681248600179],[-89.3235818882731,37.5669075673539],[-89.3254971916802,37.5651452879845],[-89.3267785890257,37.5620009825696],[-89.3276488220757,37.5582924377203],[-89.3281825318472,37.5520466359284],[-89.328212852683,37.5514936625897],[-89.3286556493546,37.5443583942347],[-89.3264811712082,37.539249710828],[-89.3245966773203,37.5297419415405],[-89.3197903815298,37.5191924735019],[-89.3142894517678,37.510691215913],[-89.3110621076842,37.5053689518084],[-89.3067133930381,37.498005084309],[-89.3040738543742,37.4915875266705],[-89.3015254372194,37.485299651653],[-89.299206156039,37.4794048974777],[-89.2944071967895,37.4722968304673],[-89.2890895907191,37.4669709145115],[-89.2850081113953,37.4607248201487],[-89.2812239268199,37.4553758714921],[-89.275425219016,37.450839230877],[-89.2696349589689,37.4453982432801],[-89.260357314123,37.4394995863562],[-89.2551465914018,37.4349631270692],[-89.2508586603611,37.4303847477149],[-89.247616541686,37.4254399312618],[-89.2421920899957,37.415649573373],[-89.2396286592976,37.4074196747029],[-89.2359888420732,37.397346945754],[-89.233486333321,37.387758749246],[-89.2308546108983,37.3800899589001],[-89.2302823678927,37.3755575783968],[-89.2297027587017,37.3692083028697],[-89.2304272427918,37.3636382175703],[-89.231457098383,37.3578730443146],[-89.2326169231278,37.3515280835144],[-89.2343641688133,37.346086888027],[-89.2372631301515,37.3374754676435],[-89.2397811114861,37.3334807314107],[-89.2445413596352,37.3304249510605],[-89.2492642675128,37.3282768462489],[-89.2575341966459,37.3266021015293],[-89.2667507686289,37.3255414057326],[-89.2760589714658,37.3244115476721],[-89.2830394534502,37.3236790855286],[-89.2871439431199,37.3219926168486],[-89.2881738642881,37.3219926475668],[-89.2912716668162,37.3207069308829],[-89.2951630114218,37.3179982004002],[-89.3002210933083,37.3141257158623],[-89.3038451235399,37.3107414353281],[-89.3073163359687,37.3080246290175],[-89.3107875430075,37.3043959980816],[-89.3164566751199,37.2991041346558],[-89.3177988803253,37.2946019588295],[-89.3194625898759,37.2894322231168],[-89.3212015584843,37.2830831688957],[-89.3231170083169,37.277493551509],[-89.3252457289777,37.271747495788],[-89.325245362465,37.2672147611556],[-89.3246654361688,37.2626782597449],[-89.322353743956,37.2581456369698],[-89.3188746856415,37.2533458394519],[-89.3161285169534,37.2496488363957],[-89.3105891949927,37.2436167926222],[-89.3055770053391,37.2395569587519],[-89.3015335085822,37.2381990631995],[-89.2957500146459,37.2372910322215],[-89.2906001473952,37.2372222388954],[-89.2859385225862,37.2380121654447],[-89.2801403537714,37.2381952456073],[-89.2784082096642,37.2382901582725],[-89.2720459743094,37.2386452989175],[-89.2713893525491,37.2383021137999],[-89.2685819690642,37.236829251078],[-89.267002204382,37.2343644933524],[-89.2662702822413,37.2300299568772],[-89.2668499489245,37.2254937205798],[-89.2686737211907,37.2217048178246],[-89.2705735070997,37.2176681786544],[-89.2724502763744,37.2140855167678],[-89.2743722955866,37.2096291516299],[-89.2749525335983,37.206454809925],[-89.2749525255135,37.2028261600687],[-89.2726406338746,37.1960234991139],[-89.269176769665,37.1869543285645],[-89.2662927113773,37.1792431252556],[-89.2645613802454,37.1728946517655],[-89.2604871215799,37.1670608324506],[-89.2572675569067,37.1610781739604],[-89.2518660194426,37.1547523466908],[-89.2472497532674,37.1484031661504],[-89.2430540684266,37.1412151112376],[-89.2404141102494,37.1352479080092],[-89.2360804558592,37.1283342820747],[-89.2322429221356,37.1232444050519],[-89.2278565060955,37.1176892195551],[-89.2224619683041,37.1134733484921],[-89.2183425962451,37.1101879563568],[-89.2132303702014,37.1071170304074],[-89.2093013098286,37.1054187414364],[-89.2064936820019,37.1035341523581],[-89.203167445982,37.100272028037],[-89.1999704856162,37.0971316744747],[-89.1959349470344,37.0930455831106],[-89.1932188817898,37.0895812879197],[-89.1888092460961,37.0844764268573],[-89.18520053753,37.0801382694869],[-89.1838494587663,37.0771660374977],[-89.1826900715011,37.0735375946184],[-89.1825071242036,37.0693404032507],[-89.1827053078266,37.0649186538656],[-89.1832320215187,37.0612366298529],[-89.1841551842036,37.0575893543809],[-89.1872675053032,37.0522247326916],[-89.1902354312041,37.0467914920447],[-89.1919674037332,37.0408965422855],[-89.1931350770586,37.0360433565201],[-89.191410450952,37.0313736440745],[-89.1871383069041,37.0277220440169],[-89.1833464650893,37.0254711644737],[-89.1770137223236,37.0213848259281],[-89.1702463934881,37.0177565744573],[-89.1606413235009,37.0129679543427],[-89.1509669817273,37.0099956462343],[-89.1447645827127,37.0068328026838],[-89.1373866321477,37.0037423744624],[-89.1283308073966,36.9998733560132],[-89.1215710199179,36.996065686884],[-89.1170998846616,36.9927692697985],[-89.113102295409,36.9895530274735],[-89.1090817793537,36.9854665142649],[-89.1048781956267,36.9820134854446],[-89.1016127611784,36.9791063531273],[-89.0975846094432,36.9754699584761],[-89.0947078571538,36.97455845288],[-89.091251813677,36.9741004532668],[-89.0862010593482,36.9737988450609],[-89.0820357357675,36.9749894412348],[-89.0785412282268,36.977679335926],[-89.0739485760654,36.9817773356624],[-89.0689587230213,36.9860427192366],[-89.0664336988948,36.9890150582973],[-89.0652429694093,36.991842293277],[-89.0641062681982,36.9958136486762],[-89.0643123381311,36.9999840213046],[-89.0652510883828,37.0050014938683],[-89.0673947022127,37.0086873531052],[-89.0715451541839,37.012609345199],[-89.0757260958742,37.0161728976271],[-89.0796627209601,37.0185459898131],[-89.0824856776387,37.0199807624911],[-89.08650639312,37.0207971462678],[-89.0928388978321,37.0235288190102],[-89.0966685784834,37.0253487306708],[-89.1029096355979,37.0277831901826],[-89.1074035871641,37.0306257996539],[-89.1107678353953,37.0329835308593],[-89.1143004036563,37.0365054182463],[-89.1162608456098,37.0394813035514],[-89.1166040900833,37.0449335704098],[-89.1158339158812,37.0485083520985],[-89.1129499564082,37.0503167158839],[-89.057011336355,37.0493095680807],[-89.0535623006357,37.045673568375],[-89.0494506531898,37.0367913089353],[-89.044979542188,37.026607870802],[-89.0391735301824,37.0210869339725],[-89.03291014095,37.0175160642546],[-89.0259975284819,37.0143222683779],[-89.0222286071814,37.0129143623821],[-89.0173689577513,37.0102207332553],[-89.0148971138896,37.0090839237862],[-89.0105405883922,37.0056082286121],[-89.0086634094857,37.0034792098163],[-89.0083735096688,37.0029336622667],[-89.0064663728459,36.9993128370273],[-89.0055048377253,36.9966339977272],[-89.0054437989984,36.9961189728873],[-89.004192808727,36.9906899331079],[-89.0030716573535,36.9834327353339],[-89.0031015389131,36.9756416880706],[-89.0019648215324,36.9689231637366],[-88.9996151458544,36.963294964557],[-88.9951673955416,36.9595448889818],[-88.990642921917,36.9576067036915],[-88.986416259572,36.9570724509838],[-88.9785582053016,36.9572708535625],[-88.971477843234,36.9588655093685],[-88.9662902135037,36.9610176129478],[-88.9593628327324,36.9638182333918],[-88.948711883006,36.9673354954248],[-88.9405329954319,36.9698310915689],[-88.9328807227353,36.9696861963362],[-88.9240915763511,36.9667750854862],[-88.9157683699351,36.9615783832486],[-88.9093439639761,36.9509104237017],[-88.9082530579799,36.9490983301043],[-88.9072388357696,36.9400516636587],[-88.9081460488666,36.9339816152336],[-88.9083142763699,36.9304487326161],[-88.9085046132089,36.9299678278502],[-88.9127319870196,36.9218600832129],[-88.9158748912631,36.9160493972605],[-88.9192852131869,36.909139226055],[-88.9230462472792,36.9027641478987],[-88.9273799986875,36.8909631088667],[-88.9300656002642,36.8824126242505],[-88.9309810976248,36.8751824146379],[-88.9332089437839,36.8575856874579],[-88.9354595415743,36.8512404741407],[-88.9377635639712,36.8447393615473],[-88.9455838117445,36.8376428073526],[-88.9460876255833,36.8373147069749],[-88.9533279093311,36.8333806533061],[-88.961147514809,36.8310956820756],[-88.9680984727633,36.8306107351564],[-88.9732939807187,36.8302483603362],[-88.9784738373268,36.8298898730243],[-88.9851272418179,36.8246973273521],[-88.9864237182838,36.8190921776983],[-88.986683194857,36.7978745244095],[-88.9785577300928,36.7845093580692],[-88.9734842807267,36.7810104650081],[-88.9678390276311,36.777119127251],[-88.9475294162245,36.7748374105304],[-88.9424026572362,36.7742614697719],[-88.9367258292566,36.7727887054906],[-88.9333999893937,36.7699802894056],[-88.9325530056416,36.7689693033406],[-88.9308897677065,36.7665692770251],[-88.9274108396478,36.7615519777692],[-88.9262740306389,36.7496097396416],[-88.9276773491313,36.7439441880812],[-88.9337809622108,36.7386674321682],[-88.9417919214206,36.737969384019],[-88.9474150579939,36.739514670041],[-88.9542586744582,36.7413995228907],[-88.9638793832161,36.7440473497756],[-88.9647109491831,36.7441273881189],[-88.9707529108846,36.7442606867953],[-88.981098962522,36.7445276361701],[-88.9869425025469,36.7424179304844],[-88.9979903055078,36.7353516897588],[-89.000217701611,36.7320974106956],[-89.0034907088571,36.7273168779067],[-89.0065655899724,36.7228333822272],[-89.0074584956019,36.7166450701816],[-89.0082819210357,36.7109791337646],[-89.0065122821468,36.702566231223],[-89.0011106323933,36.6947062755619],[-88.9931532603852,36.686884682091],[-88.9824568927364,36.6763696058114],[-88.978611509534,36.6683190272604],[-88.9780622364501,36.6631762129176],[-88.9775511220029,36.6583649134257],[-88.9726988001305,36.6530649946599],[-88.9726836284837,36.6494481196977],[-88.9747279272707,36.6474563231831],[-88.9796721584747,36.642641709577],[-88.9848065648211,36.6376394223852],[-88.9856836223723,36.6367886350372],[-88.9895519719033,36.6332019903607],[-88.9956940688095,36.6274979769747],[-89.0037659005579,36.6199934222045],[-89.0048950873616,36.6189478256067],[-89.0068172512026,36.6140373758099],[-89.0105940354567,36.6043806401469],[-89.0110056129771,36.6033277306521],[-89.0116161817061,36.5974213373678],[-89.012600380423,36.5879595263226],[-89.013920503242,36.5751893282328],[-89.0141188791045,36.573274009512],[-89.0184521948299,36.5679054476189],[-89.0227625559048,36.5625677866856],[-89.0333903542497,36.555047733278],[-89.0355036077179,36.553548232336],[-89.0424081299586,36.5522893038689],[-89.0504271874807,36.5508276919374],[-89.0565227534518,36.5497140169051],[-89.0651591817461,36.5503548320105],[-89.0720483409988,36.5533765983809],[-89.0815697634599,36.5575544475979],[-89.1002775772054,36.5760286547553],[-89.1083266124068,36.5861203142219],[-89.1151626839211,36.5946896470795],[-89.1202207918588,36.6010348288117],[-89.1259583064256,36.6082268610389],[-89.131397953119,36.6127174060623],[-89.1371122606088,36.6157810782264],[-89.1393625394972,36.6167464668283],[-89.1444669600793,36.6182457333998],[-89.1518980630614,36.6188943240555],[-89.1628310792954,36.6182727944404],[-89.1684917753291,36.6157850114759],[-89.1755870305657,36.612663846829],[-89.1836054287244,36.6044721948712],[-89.1843076121376,36.603758909172],[-89.1871075656568,36.5935600302243],[-89.1879619353572,36.5904469265535],[-89.1904414544247,36.5813928814163],[-89.1934777340338,36.5703246941207],[-89.1984217721001,36.559702443877],[-89.2031601301023,36.5495229229541],[-89.206913356038,36.5414422070135],[-89.2099881176774,36.5348334306336],[-89.2141843998978,36.521681964742],[-89.2202575555975,36.5026736557771],[-89.2208445633131,36.5008347278135],[-89.2262464502218,36.4839135933501],[-89.2304422940644,36.4763628379896],[-89.2363245074606,36.4702545038385],[-89.2430694682455,36.4632532334926],[-89.2506682570468,36.4553631016294],[-89.2712823084016,36.442962708523],[-89.2760737703118,36.4426157757774],[-89.2815518963403,36.4422149754857],[-89.2874262710373,36.4444659075718],[-89.2914544694849,36.4460115191547],[-89.2929046090683,36.4474767714444],[-89.3010679090755,36.4557176152321],[-89.300930583618,36.4593538686078],[-89.300777990394,36.4634247430101],[-89.3005564505736,36.4693465689139],[-89.2982141967765,36.475172441566],[-89.2939497225445,36.485763698363],[-89.2846264899947,36.5036580298424],[-89.2803920823753,36.511777140509],[-89.2778208731651,36.5167183441849],[-89.2772108874428,36.5204306339761],[-89.2761275039388,36.5269741053596],[-89.2822155869436,36.5456273041106],[-89.2878535160746,36.5527928881081],[-89.2924923973372,36.5586911691336],[-89.2985575661157,36.5618810610228],[-89.3055461832434,36.5639184932534],[-89.3135418980428,36.5646508690164],[-89.3226972327711,36.5654901325829],[-89.328419116652,36.5660131315163],[-89.3352631589179,36.5666387971505],[-89.3418546470281,36.5672414227308],[-89.3477827032499,36.5662191709433],[-89.3548704270112,36.5647311128216],[-89.3553436720793,36.5645024080888],[-89.3694426271574,36.5576839219942],[-89.3775371889774,36.5483289394978],[-89.3798714603448,36.5397596543928],[-89.3803218774249,36.538096121827],[-89.3795974903529,36.5320864684605],[-89.3769266265366,36.5261382162384],[-89.3740886284668,36.5198202139852],[-89.3690839325593,36.5086679127942],[-89.3594864093189,36.4982477387871],[-89.3522232122432,36.4903654056578],[-89.3483929018729,36.4862102857013],[-89.3423505943201,36.4804989782404],[-89.335918745819,36.4744170687963],[-89.3315166290243,36.470254387533],[-89.3275877177718,36.4623107685693],[-89.3270917066994,36.4613073158283],[-89.3270228696975,36.4567632155424],[-89.3289759580422,36.4528409646481],[-89.3316003717717,36.4475602591786],[-89.3364911190803,36.441966966247],[-89.3462797301514,36.4364424334051],[-89.3472255986534,36.4359080531593],[-89.3555800610514,36.4311924557864],[-89.3559156860146,36.4306695248218],[-89.3581280155738,36.4272589686149],[-89.3574029323074,36.4241033721898],[-89.3531993243259,36.4133324257557],[-89.3528483309848,36.4124360630845],[-89.3438152794245,36.4012718082652],[-89.3370556473543,36.392927840859],[-89.331295744974,36.3832596331939],[-89.3258861145875,36.3741941497979],[-89.3229410184713,36.3602070180048],[-89.3245742742354,36.3460901243084],[-89.3330500621974,36.3317670419842],[-89.342854220411,36.3256928803968],[-89.3585168558361,36.3242242406159],[-89.3630797917279,36.3250403052397],[-89.3676419164411,36.3258572428301],[-89.3738824031254,36.326975094602],[-89.3866617043049,36.3292639496812],[-89.3954507330098,36.3296955175168],[-89.4108474455512,36.3304506244884],[-89.4208492304324,36.3268759041029],[-89.4242445603725,36.3239645822928],[-89.4265330976105,36.3144453847566],[-89.4233062862279,36.304471600908],[-89.4082076005618,36.2895802607514],[-89.3807336238286,36.2774892171644],[-89.3648344628876,36.2704884356527],[-89.3602719483056,36.268481456024],[-89.3522000339122,36.2649251268336],[-89.3478589244034,36.2608315683256],[-89.347592110391,36.2521131175506],[-89.3477903775573,36.2515179577602],[-89.350231629292,36.2441008307006],[-89.3572204422524,36.2379961959903],[-89.3671229444301,36.2366417052825],[-89.3744550566611,36.2356383026502],[-89.3827406389381,36.2345089971011],[-89.3922849253199,36.2310445166659],[-89.4022028380962,36.2291524131748],[-89.4149139032468,36.2267294832966],[-89.4360700330783,36.2274546248214],[-89.4460571484709,36.2298311299397],[-89.4484526966189,36.2304035357718],[-89.4721419991948,36.2360505671417],[-89.4799695538646,36.2379163183524],[-89.4814800260991,36.2378246796671],[-89.4954802859718,36.23716425571],[-89.5012323227035,36.235939588174],[-89.5059477548013,36.2319640671625],[-89.5089919970772,36.2243068711289],[-89.506092768041,36.2185036532114],[-89.5051925815661,36.2167063488059],[-89.4989817599475,36.2122348494914],[-89.4914058296769,36.2067750288274],[-89.4773907134661,36.1966793751218],[-89.4646498799436,36.1889571376721],[-89.459293993964,36.1857103946724],[-89.4538692521179,36.1824173288437],[-89.4495435541061,36.1776599262187],[-89.4452941284517,36.1729818378957],[-89.4432795432394,36.1703034274782],[-89.4407619032645,36.1676061927605],[-89.4351925847599,36.1616504367038],[-89.4288292840032,36.1580220552723],[-89.4158903450112,36.1506429860408],[-89.4064676429082,36.1452672256972],[-89.3962064964382,36.1333174834404],[-89.3952452820162,36.127647554611],[-89.3973810104345,36.1218675499834],[-89.3993955749856,36.1164225477097],[-89.4136316291456,36.1041905651796],[-89.4208645368266,36.1018401191755],[-89.4630095391669,36.088158362534],[-89.4685866218105,36.0857166047052],[-89.4724238959208,36.0824123392571],[-89.4754297783374,36.0798256246123],[-89.4795267733627,36.0763000794857],[-89.4857142639369,36.0629421941191],[-89.4872478049079,36.0404356610373],[-89.4876520270228,36.0345519560705],[-89.4880416101918,36.0288174272509],[-89.4900708720793,36.0237582688288],[-89.492740965141,36.0200421623334],[-89.4962658824507,36.0170814847614],[-89.5001877203686,36.0137887553607],[-89.5060161219843,36.0088898505498],[-89.5140655003422,36.0021292195551],[-89.5235866047997,35.9872986503128],[-89.5255324679945,35.9812930990425],[-89.5280344431474,35.9735404132188],[-89.5282710171725,35.9660390129033],[-89.5284775650091,35.9594499752384],[-89.5270353791093,35.9531357626841],[-89.5228159922198,35.948270782666],[-89.51551459249,35.9443948899737],[-89.5055049123157,35.9390759673385],[-89.499340427596,35.9358022838714],[-89.4976323610333,35.9348940491931],[-89.4953654489391,35.933688624505],[-89.4899713782717,35.9299379168742],[-89.4864240875216,35.9274694572652],[-89.4739347167017,35.9187854983006],[-89.472866859679,35.9180417460471],[-89.4653594627798,35.9128184757594],[-89.4626354519365,35.9086635158576],[-89.453090935586,35.8941268076994],[-89.4510556100704,35.8904207395967],[-89.4516811833595,35.8889766960868],[-89.4570393321953,35.8766049969997],[-89.4709357638892,35.8697750943647],[-89.4722229625547,35.8691422531165],[-89.4829705772938,35.8714670787136],[-89.4862589232734,35.8745432454269],[-89.4952213717439,35.8829258164213],[-89.5198190624133,35.8918717642519],[-89.5263937178917,35.8915027350034],[-89.5390377516541,35.8907919258669],[-89.559777915695,35.8831215769015],[-89.5715690305361,35.8768357895063],[-89.5743791646624,35.8753373738814],[-89.5749639292848,35.872614483793],[-89.5760950366866,35.8673465944393],[-89.5789141961865,35.8542120028321],[-89.5772493942846,35.8476281005163],[-89.5690415522123,35.8426417099946],[-89.5140631449595,35.8243283767692],[-89.5076074794253,35.8192101567063],[-89.5051119245317,35.813324374618],[-89.5131893797338,35.80290687449],[-89.5131897004323,35.8029064759653],[-89.5166364652106,35.8011081744233],[-89.5217255183132,35.7984522145398],[-89.523937718515,35.7974527637152],[-89.5276227569308,35.795995090961],[-89.5346265519935,35.7932253631985],[-89.5400968411195,35.7910620550826],[-89.5435910665892,35.7911382698687],[-89.5486184880768,35.7912491452956],[-89.5548672491432,35.7927865626868],[-89.5610547298358,35.7943090022194],[-89.5656320720099,35.7954342073666],[-89.569882220808,35.7964796910584],[-89.5745814688576,35.7958581729446],[-89.5774504875508,35.7954763288945],[-89.5789072629891,35.7952854990822],[-89.5842100423658,35.7933362043813],[-89.5883833663425,35.7918020205149],[-89.5923202312785,35.7891734725636],[-89.5955243332508,35.7870370630542],[-89.5979349838753,35.7837591993412],[-89.600308230448,35.7805239814295],[-89.6049392505535,35.7654682808352],[-89.605190485084,35.7646445278941],[-89.6066554702257,35.759882702022],[-89.6092574763788,35.7552582857115],[-89.61293486564,35.7532475497694],[-89.613004908181,35.7532091588609],[-89.6252728972839,35.7425557998667],[-89.6459752144036,35.741487305274],[-89.6512071077212,35.7412165718335],[-89.655761863554,35.7403661336697],[-89.6577762906629,35.7396876580807],[-89.6633917861664,35.7377961134646],[-89.669891729661,35.7343920148826],[-89.6800848206634,35.7273074103295],[-89.6812066826043,35.727682836846],[-89.6818043497291,35.7273376788699],[-89.6955359414666,35.7366013813544],[-89.6960486674914,35.7372639626345],[-89.6975237281374,35.7391704455636],[-89.7126204285267,35.7455581958729],[-89.7593530183269,35.7236938863071],[-89.7634785258793,35.7176067271622],[-89.7649887402973,35.7109313898131],[-89.7643551414594,35.7007254015718],[-89.7640119239354,35.6952694513472],[-89.7635007699624,35.687055000845],[-89.7631039418806,35.6807328054802],[-89.7605099675645,35.6744600745042],[-89.752765990352,35.6650322910677],[-89.752422727014,35.6646090677456],[-89.7459912764666,35.6567758842927],[-89.7400784978929,35.6514955147731],[-89.7347073719944,35.6467034222978],[-89.7239648614827,35.6422430454971],[-89.7184951284139,35.639972957438],[-89.7122843544059,35.6402475616286],[-89.7088664327348,35.6403965763246],[-89.702671378346,35.6406670637706],[-89.702145038353,35.6407015001978],[-89.6965602598424,35.642964409631],[-89.6932801244645,35.6452456037236],[-89.6790051238453,35.6551924784037],[-89.6782727911745,35.6553758405847],[-89.6755492276922,35.6556770898439],[-89.6727564148812,35.6559861837646],[-89.6702164329069,35.6542155766429],[-89.6668741314164,35.651896204066],[-89.6640513022985,35.6499349586777],[-89.6589092108649,35.6378362656969],[-89.6621746012958,35.6241050672596],[-89.6688201643928,35.6178781815773],[-89.6692700694332,35.6176262320731],[-89.6934930934588,35.6074737712399],[-89.7024805510268,35.6037077989795],[-89.7143827793837,35.5996406802388],[-89.7327388973056,35.5933643101842],[-89.7413371067762,35.5904265376748],[-89.7480511421591,35.5880266536779],[-89.7526441464602,35.5849630316038],[-89.7579464434415,35.5814257922759],[-89.7609446389742,35.5771908478186],[-89.7625853579418,35.5726392573674],[-89.7598614710659,35.5636460301619],[-89.7547119766161,35.5550120540006],[-89.7533992729829,35.5528183368953],[-89.7505614150503,35.5480565631655],[-89.7463498866229,35.5445045200912],[-89.7422760708269,35.5410631622813],[-89.7319608826077,35.5383425841415],[-89.7193343058062,35.5350083771371],[-89.7169159161956,35.5323831856141],[-89.714139339535,35.5239098503037],[-89.7132282034952,35.5214614561835],[-89.7126815966111,35.5188436792232],[-89.713804253561,35.5138252849606],[-89.7148774097455,35.5091685299391],[-89.7167403404733,35.5053212589249],[-89.721608157386,35.5025025134552],[-89.7255890460592,35.4995959972675],[-89.727361126569,35.4997698137283],[-89.7407593076905,35.5036469609909],[-89.7614996504961,35.5097056575366],[-89.7630380989635,35.5157401450235],[-89.7652555857508,35.5196435081336],[-89.7681320784271,35.5246988032222],[-89.7684217033595,35.5252290327786],[-89.7715651474905,35.5289988523401],[-89.7746623697069,35.5327113483902],[-89.7758603225456,35.5334513287723],[-89.7946054729692,35.5450807859819],[-89.7955290264212,35.5452602365715],[-89.8059045338169,35.5457255937819],[-89.8115203356459,35.5445960357537],[-89.8166852838135,35.5435544160819],[-89.8325237940999,35.5403684696025],[-89.8337217334639,35.5401284109353],[-89.8383756471344,35.5391896583006],[-89.8427929256945,35.5372211889318],[-89.8484236727949,35.526217478926],[-89.8489502247902,35.5251984894978],[-89.8503842387159,35.5188272083619],[-89.8517651136993,35.5126563689798],[-89.8557791735626,35.4970247210288],[-89.8513308294634,35.478095187001],[-89.8346005265602,35.4606870150214],[-89.8257335510381,35.4546460946644],[-89.8256774781981,35.4482275296035],[-89.8325099304001,35.4331050294549],[-89.8375024119147,35.413610358614],[-89.8489311849978,35.407072247814],[-89.8545343699886,35.3959793166187],[-89.8380051280123,35.3803029432428],[-89.8607943186735,35.3749885733207],[-89.8698999460239,35.3856166467544],[-89.8782847427325,35.3965246299556],[-89.8740660565289,35.3992991233592],[-89.871731259647,35.400839493621],[-89.8724332553123,35.4023893123093],[-89.8732115242334,35.4041028420636],[-89.8746914878842,35.407364445421],[-89.8767133638234,35.4118135903911],[-89.8792617055197,35.4174221498171],[-89.8791241366188,35.4229998655671],[-89.8794599807709,35.4291999923931],[-89.8773617426427,35.439382666545],[-89.8763239028253,35.4444043320235],[-89.8773314909772,35.4529005109352],[-89.8792006299619,35.455430228906],[-89.8815958619028,35.4586593282056],[-89.886814522138,35.4618211392278],[-89.8915295293327,35.4646791104466],[-89.8930781593055,35.4648359081051],[-89.9057048969054,35.4661060488893],[-89.9112976255063,35.4645110632817],[-89.915196184482,35.4634012873226],[-89.9191783352881,35.4601463790455],[-89.9233210042557,35.4567589304446],[-89.9293259005703,35.4437442192705],[-89.9314158831811,35.4392120825245],[-89.9347805688918,35.4343740923699],[-89.9382289021285,35.4294285502543],[-89.9423794547111,35.4269451820081],[-89.9476133638482,35.423469106746],[-89.9492077611881,35.4224088486601],[-89.9499098682445,35.4219431846527],[-89.953945853289,35.4200278754067],[-89.9599269289771,35.4164484750879],[-89.9667399317549,35.4123733799095],[-89.9705092096865,35.4101238261392],[-89.9742166601703,35.4071125636947],[-89.9775434513491,35.4044193609968],[-89.9782531285084,35.4018318273196],[-89.9791075916336,35.3987229518649],[-89.9844250369056,35.3793676784529],[-89.9854322226123,35.3756972748382],[-89.9864928643666,35.3718427751136],[-89.9855389721125,35.3699661704022],[-89.9834938944861,35.3659260661382],[-89.976322888813,35.3612972946809],[-89.9669916909015,35.3607442758382],[-89.9570656735246,35.3601576699404],[-89.9523892121405,35.3609658644868],[-89.9494826941741,35.3614696487451],[-89.9472166175131,35.3618858981242],[-89.9467662884679,35.3622369072622],[-89.9449198499104,35.3651280027141],[-89.9459651852706,35.3668643538861],[-89.9477125953477,35.3697567691597],[-89.9529767804049,35.378478470203],[-89.9539381169978,35.3857124344119],[-89.9524347450473,35.3904848887665],[-89.9510467661866,35.3949035648339],[-89.9439362144372,35.3996111549157],[-89.9434402366026,35.399779341964],[-89.9327665451265,35.4014509734362],[-89.9184230803062,35.3960710893409],[-89.9156153464784,35.3929921363827],[-89.9132430754761,35.390394158382],[-89.9101300734534,35.386982578499],[-89.9063456912487,35.382831505936],[-89.9016842020854,35.3797178044374],[-89.8973205331848,35.3768036392813],[-89.8817556748869,35.3703394918569],[-89.8852368334624,35.3636884350905],[-89.8945015515513,35.3495723561197],[-89.9145653488619,35.3284139400425],[-89.9114888220331,35.3168590279732],[-89.9120357181747,35.3133980593389],[-89.9149926612729,35.2946751037949],[-89.9189116919556,35.2924686240602],[-89.9229243297858,35.2913087403546],[-89.9262130593461,35.2903549273366],[-89.9303783838251,35.2899538805794],[-89.9331634477685,35.2896872403918],[-89.9371225963134,35.2893011067472],[-89.9411286369162,35.2889161011979],[-89.9479262497566,35.2882598807639],[-89.9495437966813,35.2881037991739],[-89.9630323806598,35.2868028066701],[-89.9708218584396,35.2810605254563],[-89.9716531108946,35.2777799427668],[-89.9726757763702,35.2737274314382],[-89.9725347687184,35.2731502876883],[-89.9725348621432,35.2731495645638],[-89.9740792547628,35.2612438768543],[-89.9584692651049,35.2414186959215],[-89.9484385409968,35.239691209226],[-89.9192523726372,35.2407004141684],[-89.91050775125,35.2410011734025],[-89.8939814108321,35.2283316177977],[-89.8864507152277,35.2146201585122],[-89.8807801664721,35.2045246191174],[-89.8828338167212,35.1959410067476],[-89.8911486661101,35.1929267167794],[-89.8924677531716,35.1919394832847],[-89.898376949264,35.1875163287257],[-89.9018255358257,35.1825038501995],[-89.9128671206482,35.1835703960322],[-89.9217551248328,35.1832825060269],[-89.9212514798772,35.165668739693],[-89.9055724807409,35.1465888496479],[-89.8938624235828,35.1435472167374],[-89.8822522312365,35.1397501366325],[-89.8734851636454,35.1361452242335],[-89.8741650382968,35.1277619884661],[-89.8765376228111,35.1228063219495],[-89.8796121805329,35.1198686730954],[-89.883213654966,35.1164301693337],[-89.8852961537122,35.1144393562255],[-89.8910034282916,35.1090788432419],[-89.8966187333522,35.1059731425386],[-89.9044540117369,35.1052443900772],[-89.9170268459282,35.1088955359308],[-89.9288528782844,35.1149356306094],[-89.9334909393851,35.1173045078274],[-89.9378551885973,35.1195289760562],[-89.9435008800708,35.1211276843118],[-89.9492840991226,35.1227647644375],[-89.9559982818293,35.1220702563609],[-89.9670151351338,35.1175908053834],[-89.9717601676186,35.1143290043614],[-89.9767728432607,35.110883643524],[-89.9844631380501,35.1036947018949],[-89.9858745871942,35.1023791855707],[-89.9880030284789,35.0973655991762],[-89.989323416301,35.094259589627],[-89.9909329224056,35.0887464335257],[-89.9931148071616,35.0803036191895],[-89.9923213872548,35.0756069728954],[-89.9914444231284,35.070364114213],[-89.9910950746026,35.0691760263414],[-89.9998899279838,35.0475900001031],[-90.0048758041862,35.0264672371688],[-90.0073628547289,35.0159247478504],[-90.0223899437686,35.0125651657196],[-90.0436651461893,35.0173945667425],[-90.0526615563675,35.0194444207018],[-90.0538754740654,35.0194897953416],[-90.0587661189662,35.0205358622533],[-90.0629776276306,35.0214320714591],[-90.0682949525284,35.0227561529706],[-90.0822951558072,35.025278136926],[-90.0862009273563,35.0248469907498],[-90.0867961591484,35.0247743138269],[-90.0934722236426,35.0240609892871],[-90.0940896707717,35.0239008961327],[-90.1003232440216,35.0227179770316],[-90.1042978202332,35.0205048845676],[-90.108295800253,35.0159881354351],[-90.111897097718,35.0119209312076],[-90.1136441439775,35.0061166881813],[-90.1151244552763,35.000863852784],[-90.1153913824764,34.9997651918966],[-90.117024086675,34.9930958050475],[-90.1173903980883,34.9870859214218],[-90.1164136140658,34.9822065000521],[-90.1159255387107,34.9770708084192],[-90.1121414268988,34.9706574735194],[-90.1052212030053,34.9639227769867],[-90.0956618752325,34.9580439627884],[-90.0817303149195,34.9502302505681],[-90.0692486103222,34.943572238336],[-90.0590177541452,34.9376313080425],[-90.0551950866414,34.9349723495002],[-90.0530054386448,34.9307251947086],[-90.0512355284647,34.9236286061455],[-90.048893435466,34.9143119411631],[-90.0489315132543,34.9059214265156],[-90.0494812336991,34.9004692039633],[-90.0511438922208,34.8945634259782],[-90.0544935284556,34.8898666792827],[-90.0591247066646,34.8835753936987],[-90.0651058506247,34.879088486259],[-90.0722015738837,34.8751391113604],[-90.0767180704686,34.8738422189955],[-90.0813334607865,34.8731472968342],[-90.0874903224027,34.871316063064],[-90.0930907244128,34.869942557904],[-90.0987287954777,34.866898759932],[-90.103840407972,34.8637922417726],[-90.1072504837574,34.861575542983],[-90.1101043847027,34.8593433712824],[-90.1126523850392,34.8562685068533],[-90.1135757776928,34.854399229625],[-90.114308006159,34.8512710915426],[-90.1131789244581,34.8480921712926],[-90.1121181497532,34.8443837479963],[-90.1125836693098,34.8394660603947],[-90.1142464473075,34.8353723579022],[-90.1175960925254,34.8321819902162],[-90.1196868773318,34.8313196067179],[-90.1224943156139,34.8309036298817],[-90.1259882590126,34.8312551560843],[-90.1291925577159,34.8319076627758],[-90.1327253900815,34.8335067602309],[-90.1366618929964,34.8371268038974],[-90.1418958964566,34.8402666215753],[-90.1450850881918,34.8430099766601],[-90.1467708855186,34.8443647674023],[-90.1490142105484,34.8452691080367],[-90.1506847347187,34.8452649285914],[-90.1513103475337,34.8453987953315],[-90.154674792496,34.8454447197485],[-90.1591915603721,34.8436934937059],[-90.1691635059145,34.8402098767375],[-90.1741907198913,34.8379249038258],[-90.1778457267288,34.8357766660259],[-90.1812407799877,34.8344604318807],[-90.1851776215676,34.8336052326529],[-90.1898463870847,34.8324222683841],[-90.1920818788052,34.8315108936834],[-90.1959957064457,34.8301330982022],[-90.1993448090813,34.8273978981393],[-90.2033274485709,34.82295241377],[-90.2078975961378,34.8184735800518],[-90.2113106076176,34.8164921021829],[-90.2121626443932,34.8159974203702],[-90.2135813573147,34.8156082904697],[-90.2155195794397,34.8150776118426],[-90.2199980898645,34.8141541607396],[-90.2231106337463,34.814139121882],[-90.2247812809859,34.8146119304208],[-90.2272991877604,34.8186720334857],[-90.234692274938,34.8390803105637],[-90.2381331521578,34.8526937105395],[-90.2404142396672,34.8604041626785],[-90.2426801222921,34.8653916801436],[-90.2449457902197,34.8685618635906],[-90.2482491524375,34.8726140934094],[-90.2521252346665,34.8749376161944],[-90.2576871097307,34.8768293277606],[-90.2651713938759,34.8780244213588],[-90.2713364050084,34.8784546498869],[-90.2774169727075,34.8767569034508],[-90.2841990887109,34.8738609635852],[-90.2886474929973,34.8704199191745],[-90.2918896467066,34.8666850979266],[-90.2930876830887,34.8615602474302],[-90.2933929153508,34.8568563640379],[-90.2923931452368,34.8509343748049],[-90.2901882088124,34.846131594598],[-90.2864269663111,34.8408665570101],[-90.280384239245,34.8348799653657],[-90.2765623901063,34.8298353719122],[-90.2738613015741,34.8248034370921],[-90.2715419889527,34.8198659173964],[-90.2675897897748,34.8144291830591],[-90.2664455355288,34.8098923347217],[-90.2669186045271,34.8079084384764],[-90.2697795913833,34.8047652657082],[-90.2720074411357,34.8030562170669],[-90.2754560088327,34.8007517995055],[-90.2781258800106,34.797127145184],[-90.2795225689362,34.7935366762766],[-90.2801712738439,34.7889994827835],[-90.2796827663992,34.7853600851712],[-90.2792099147932,34.7808123085828],[-90.2765392378265,34.7744177276838],[-90.2695281439522,34.7630936441435],[-90.263325193372,34.7558519746362],[-90.2596780926073,34.7501177538427],[-90.255985795804,34.7449785607344],[-90.2531553858034,34.7404908866892],[-90.2526742166962,34.7363975090382],[-90.2533310199162,34.731861014355],[-90.2556498833799,34.7278018220283],[-90.2590682506154,34.7246691669287],[-90.2636074143898,34.7215482133975],[-90.2703824876014,34.7184581650848],[-90.2781873849631,34.7158173401528],[-90.2878006727385,34.7141422662599],[-90.29452962824,34.7133180640046],[-90.3040277457077,34.7138945309768],[-90.3117414362203,34.7152264344511],[-90.3179059173467,34.7170153635929],[-90.3240778491002,34.719258905273],[-90.3284954636301,34.72147967952],[-90.3306849032176,34.7242299041463],[-90.3308452920217,34.7269504305629],[-90.3291820846294,34.7296828873763],[-90.3260463300772,34.7328032074909],[-90.321949546156,34.7356233633673],[-90.3175091584352,34.7399648292536],[-90.312923532896,34.7453564594963],[-90.3106120940081,34.7494152065584],[-90.3097498981849,34.7529368249586],[-90.3099483917267,34.7566001200556],[-90.3103682903416,34.7615642323125],[-90.3115200455202,34.7674665467188],[-90.3143658454582,34.7738106592604],[-90.3177682999368,34.7810639816789],[-90.3206064884494,34.7855931980867],[-90.3239791682679,34.7878516519682],[-90.329021908726,34.7887365595788],[-90.3368571323134,34.7882487434618],[-90.344051748407,34.7861805468997],[-90.3491252480788,34.7818309541036],[-90.3530086911032,34.7768180509211],[-90.3546488405388,34.7709040924898],[-90.3551679275342,34.7659060372789],[-90.354015472568,34.7613695365507],[-90.3523070835101,34.7563782084008],[-90.3500335292727,34.7518454738502],[-90.3483246030223,34.7477671281315],[-90.3466152087496,34.742776735344],[-90.346645813453,34.7382284083161],[-90.3476832535201,34.7359588984235],[-90.3544047018008,34.7363819488452],[-90.3569457276174,34.7363712904287],[-90.3578686010448,34.7363819540127],[-90.3601194413802,34.7355014296748],[-90.3624007372988,34.7332573904714],[-90.3663829267325,34.729670493877],[-90.3703730285272,34.725634416957],[-90.3727538487961,34.721304488153],[-90.3749125228817,34.7172904505806],[-90.376049660674,34.7131129431298],[-90.3760267239898,34.7099339420529],[-90.3754471345618,34.7072100162853],[-90.3741267691976,34.704325821252],[-90.3726086900293,34.7017734078498],[-90.3697934768284,34.6995146319519],[-90.3664213306092,34.6972597449995],[-90.3586547904118,34.6941425690598],[-90.3522076543812,34.6914222928966],[-90.3470041397418,34.6894535842328],[-90.3412059700286,34.688747190029],[-90.3269086768174,34.6878393977572],[-90.3126720764816,34.6870575475072],[-90.3051114031979,34.6871073634651],[-90.2944991951148,34.6865153640796],[-90.283596364071,34.6853591511775],[-90.2788891919822,34.6840394117094],[-90.2738995751951,34.6821581931829],[-90.2712598865125,34.6795026339155],[-90.2706803446951,34.6758702232085],[-90.2706492387318,34.6713305140057],[-90.2717480121732,34.6676905523449],[-90.2739532872625,34.6626843735878],[-90.2783858560471,34.6563089643097],[-90.2868388106312,34.649612950732],[-90.2953382602177,34.6433669613425],[-90.3011823652829,34.6380446048746],[-90.3083993296642,34.6316544096813],[-90.3163647820184,34.6254624810232],[-90.322598217826,34.6205446062772],[-90.3289839809564,34.6174806475466],[-90.3345531665103,34.6156378304373],[-90.3394666861115,34.6153054064756],[-90.3446089302586,34.6155911312676],[-90.3507654747696,34.6169269550532],[-90.3544888155524,34.6186747570526],[-90.3597377993183,34.6223336029714],[-90.3631250093865,34.6268587711726],[-90.3648419782537,34.6324290557698],[-90.3641478733898,34.6396898800619],[-90.3604701670234,34.6468624795457],[-90.3557785564503,34.6525735561338],[-90.3515970515163,34.656442824368],[-90.349804486723,34.6595024726647],[-90.3491637372955,34.6640386251586],[-90.3488886605791,34.6678121271959],[-90.3506818766509,34.6722351109961],[-90.3535884152786,34.6763022532816],[-90.353954618894,34.6768131081347],[-90.3578156121211,34.6795942375473],[-90.3629572849398,34.6818296821008],[-90.3649828098357,34.6825235382707],[-90.3734018817639,34.677240766552],[-90.3944308227276,34.6640389236602],[-90.3963705037166,34.6481249249223],[-90.391282382167,34.6330283895909],[-90.3916362860496,34.6298988677157],[-90.391850147071,34.6268549458292],[-90.3921398294956,34.6226305909406],[-90.3919643229436,34.6159499542762],[-90.3913769163759,34.6127754296717],[-90.3909270293018,34.6103681601332],[-90.3894011797064,34.6031990170172],[-90.3867837710394,34.5936267976488],[-90.3846557564544,34.5881479291722],[-90.3821911107931,34.5842252878509],[-90.3806656492698,34.5818023240856],[-90.3766981706472,34.5745497904278],[-90.3733103524196,34.5686628811901],[-90.3682141604055,34.5646491979969],[-90.3677408282008,34.5644014055995],[-90.3631064672607,34.5619632342367],[-90.358107523266,34.5560703187611],[-90.3467461399989,34.5362397961896],[-90.3487864224183,34.5251240141106],[-90.3495527239832,34.5247022067279],[-90.3534514716051,34.5228668131423],[-90.3595620601027,34.5201122850627],[-90.3681227280792,34.5161521525543],[-90.374561707407,34.5118521833441],[-90.3754694163741,34.5112449957871],[-90.3812224349644,34.5068312945786],[-90.38565478456,34.5027178342779],[-90.3895227433238,34.4977010631106],[-90.3948099602865,34.4905774202996],[-90.3975794609176,34.4837218258343],[-90.3982889745835,34.4776662819766],[-90.3988006244266,34.4717567350083],[-90.3981979213463,34.4658507548641],[-90.3970456622128,34.4597036115501],[-90.3962221226929,34.4577668990607],[-90.3962426276376,34.4536226412084],[-90.3938515270486,34.4506693670849],[-90.3852568317875,34.4400516583667],[-90.3748985909099,34.4265373193269],[-90.3743429748219,34.4154996750385],[-90.3824047741852,34.401075193731],[-90.412555944264,34.3813663627556],[-90.4455642186804,34.3692368133702],[-90.4556719050522,34.3691201117919],[-90.4670245477116,34.3638849628044],[-90.4672475544808,34.3631908068002],[-90.4719386584041,34.3485829740708],[-90.4730624202818,34.3450824609254],[-90.4661162458564,34.3135798368961],[-90.4700974390584,34.301389640457],[-90.4785268443074,34.3015443092652],[-90.4833411431887,34.3016323699919],[-90.4914804114655,34.3017806987554],[-90.4932708957606,34.3043867859097],[-90.4995360133517,34.3135040743608],[-90.4899150970829,34.3416864810649],[-90.4858145950348,34.3536898610773],[-90.4858144207616,34.3536904484419],[-90.4858133329018,34.3539453012732],[-90.4868667306416,34.3575930508106],[-90.4891170760053,34.3586421272919],[-90.4912918901217,34.3590043118269],[-90.4946331342951,34.3590427825049],[-90.4986459248389,34.35706316262],[-90.4991195606741,34.3568152531763],[-90.5021407512815,34.3556321088583],[-90.506420541789,34.353266462056],[-90.5131955817629,34.3512860412284],[-90.5186579666128,34.3502062935931],[-90.5259596394305,34.3499625594119],[-90.5264933114727,34.3499432808294],[-90.5342830740185,34.3513592977551],[-90.5348249970867,34.3514426694724],[-90.5431562883403,34.3536710305501],[-90.5508920531544,34.3569367032584],[-90.5549205094185,34.3581619621789],[-90.5588191797853,34.3585887744302],[-90.5632751047672,34.3585619062884],[-90.5660440915618,34.3576349312125],[-90.5699197641591,34.3548844447292],[-90.5732235360087,34.3516797312671],[-90.5749706056244,34.3481047560711],[-90.5761457349667,34.3444801998417],[-90.5762065033007,34.3408473983061],[-90.5740320098829,34.3371886622231],[-90.5718577859598,34.3339841380491],[-90.5680051587429,34.331214126887],[-90.5640075901515,34.3286959360088],[-90.5596130344766,34.3258650031337],[-90.5562485284289,34.3231592707627],[-90.5545546013487,34.3199889474085],[-90.5526780117371,34.315597466981],[-90.5522122873645,34.3101376680572],[-90.5517319500973,34.3051354812125],[-90.5526774520866,34.2986426059571],[-90.5542947492798,34.2931751179373],[-90.5553247899239,34.2892643715233],[-90.5569804379931,34.2831589539259],[-90.5596888981006,34.2763300002227],[-90.5635186964312,34.2699427781921],[-90.5673718859934,34.2658261328639],[-90.5713013038957,34.2639871002892],[-90.5752145727842,34.2626631252913],[-90.5795788237931,34.2630184713692],[-90.5829204362757,34.2634496474506],[-90.5868347211588,34.2656924126771],[-90.5873430193876,34.2660501483517],[-90.6080075919939,34.2674659334264],[-90.6259455091167,34.2645523098841],[-90.6376299373398,34.2580478108266],[-90.6411401213804,34.2391026645144],[-90.6411402776873,34.2391017733531],[-90.6412701426363,34.2333460430039],[-90.6413845547659,34.2257838609978],[-90.6424988304342,34.2198584390628],[-90.6446652974049,34.2143870956862],[-90.6473660589504,34.2075508069402],[-90.6504104746011,34.2036858924893],[-90.654545166529,34.2002974698932],[-90.6590162442932,34.1980689136343],[-90.6628000964919,34.1965284478968],[-90.668491710741,34.1963446360095],[-90.6740457920217,34.1963985682129],[-90.6811489317717,34.1977560960767],[-90.6878478772546,34.2004309180256],[-90.6928832470358,34.2035713374695],[-90.699421232386,34.2089128503581],[-90.7059827616815,34.2162456099533],[-90.7125518601816,34.2229644742198],[-90.7180449207017,34.2281804857413],[-90.721531198776,34.2306221767333],[-90.7254450632475,34.2324074115124],[-90.7293360350523,34.232376479069],[-90.7331966159527,34.2319959041429],[-90.7359890730309,34.2309613995428],[-90.7385982719944,34.2288249833719],[-90.7414595148705,34.2229414956772],[-90.7430689679745,34.2186344836778],[-90.7430081250803,34.2140867607052],[-90.7418407490973,34.2090959357751],[-90.7394983794175,34.2038302528409],[-90.7355921245748,34.1977836442422],[-90.7285732611715,34.1900958047449],[-90.7198529643656,34.1820024990897],[-90.7120863981171,34.1776727868095],[-90.7026946483655,34.1739447212187],[-90.6964151469501,34.1726397586078],[-90.6905026944648,34.1720108716138],[-90.6838267440566,34.1728541862681],[-90.6747705312334,34.1737120668589],[-90.6570250386343,34.1761156570729],[-90.6486933018164,34.1761764454963],[-90.6425822605679,34.1762226599488],[-90.6370128989441,34.1744409297109],[-90.6294141721267,34.1718613775794],[-90.6244476429406,34.1699916898074],[-90.6189464391924,34.1662988922837],[-90.6152234721087,34.1623235141568],[-90.6140633652929,34.1589776965729],[-90.6141249843315,34.1548868151181],[-90.6162001707912,34.1491333395706],[-90.6194731609694,34.143658057218],[-90.6232342444689,34.1399765163946],[-90.6266065011809,34.1358789216902],[-90.6294445360816,34.1332230094078],[-90.6333582559243,34.1314416492439],[-90.6361510786167,34.1301063224241],[-90.6404005159492,34.1280534732169],[-90.644535276149,34.1265545875748],[-90.6489198380664,34.1254746181914],[-90.6489209555706,34.1254748048439],[-90.6729785943625,34.1302674242536],[-90.6770178609527,34.1310715271353],[-90.7003210990606,34.1456888459574],[-90.7169408804377,34.1507566758447],[-90.7611576718093,34.1240602671276],[-90.7665360902312,34.1146982669483],[-90.7666284020082,34.1138968494179],[-90.7644237692143,34.1091570921832],[-90.7619134361359,34.1043086827684],[-90.7602126423338,34.1021124234586],[-90.7473733759141,34.0864714466926],[-90.7220416996739,34.077499919239],[-90.7135455478027,34.0795662012612],[-90.7092291248962,34.0806212915873],[-90.6884413079245,34.0830263165918],[-90.6858180440385,34.0815592368306],[-90.6807431456899,34.0787205582295],[-90.6767495539403,34.0764864889769],[-90.6785727431999,34.0607936900333],[-90.6904441692241,34.0405144233062],[-90.6944549628131,34.0122087300607],[-90.7221603078341,34.0067650469182],[-90.7504204002724,34.007688149722],[-90.7651702611305,34.00816682951],[-90.7933851979544,34.0045782865366],[-90.7835633564044,33.9817502312206],[-90.7724310686876,33.9703908003681],[-90.769887156584,33.9543072822171],[-90.7846064459764,33.94707896872],[-90.802215040716,33.9492405317644],[-90.8026315383093,33.9492916855027],[-90.8028225911056,33.9496212659331],[-90.8246296994808,33.9872232384989],[-90.8554602788837,33.9766259610057],[-90.8889754115295,33.9650914445272],[-90.8923607971194,33.9639255075081],[-90.8960191474864,33.9536308541477],[-90.8931653336777,33.9438710201095],[-90.8328219009856,33.9279431875981],[-90.8307128731925,33.927385779995],[-90.8139990561714,33.913707159008],[-90.8664282485654,33.8626747339861],[-90.8702987037474,33.85896528993],[-90.8771509925476,33.8523968176684],[-90.8785500179913,33.8400015022445],[-90.8730034870505,33.8250503726039],[-90.8528749993613,33.7997459612378],[-90.8307977702751,33.7917469851455],[-90.8144232110042,33.7881367686896],[-90.8107182596335,33.786822776013],[-90.804157924199,33.7825656829249],[-90.7994505086668,33.7788038189208],[-90.7968488690264,33.772623507965],[-90.7957119270668,33.7687698601699],[-90.7963225281351,33.7642262417717],[-90.8002513333864,33.7592581515815],[-90.8054624450782,33.7548129928076],[-90.8098493992092,33.752497594161],[-90.8180658857695,33.749177997367],[-90.8186384207276,33.749093892371],[-90.8241544610511,33.7482812864625],[-90.8302347906966,33.7487661613768],[-90.8308148032312,33.7487892266526],[-90.837383915206,33.7500207875985],[-90.8424265020522,33.751302638282],[-90.8513148125623,33.7553134397409],[-90.8563355002785,33.758906795681],[-90.8607981204043,33.7620505237149],[-90.8617109614465,33.7631363781216],[-90.893615754351,33.761247692558],[-90.9059422668982,33.75764014143],[-90.9117623537076,33.7559361636617],[-90.9239259010824,33.7638782660938],[-90.9247480158742,33.7644149103501],[-90.9357072781859,33.7679649629287],[-90.9481679074082,33.7594326112696],[-90.949680805094,33.7583963910791],[-90.9498052262524,33.755288343971],[-90.9500454348611,33.7492882268403],[-90.9508340308147,33.7295724747547],[-90.9524074327298,33.7154639741642],[-90.9440325749816,33.705720430624],[-90.9423034572985,33.7030996226713],[-90.9377868699837,33.6985560910088],[-90.931110718353,33.6949812301998],[-90.9247479682635,33.6929622109535],[-90.9216883001176,33.6927990471369],[-90.9134028391132,33.6924248842634],[-90.9093394635374,33.6926230475459],[-90.9093370928834,33.6926235288853],[-90.8880104924553,33.6967354425957],[-90.8860416539488,33.6971147473743],[-90.8719955072331,33.7015458263077],[-90.8553608353818,33.6951140701185],[-90.8508998483932,33.6858599179642],[-90.841870030768,33.6758459808723],[-90.8395472901755,33.6697624671151],[-90.837948905214,33.6655756772918],[-90.8424203575757,33.6596104155123],[-90.842966304198,33.6588819486708],[-90.8444245385004,33.6569361908304],[-90.8462552062348,33.6563811584078],[-90.8563946525434,33.6533059637622],[-90.8584404587034,33.6528635762813],[-90.8653684629056,33.6510280267634],[-90.8695113438756,33.6497688641563],[-90.8739515770862,33.6479872090776],[-90.8778345664613,33.6457436570799],[-90.8823743958874,33.6440463786804],[-90.8862274444142,33.6431032680811],[-90.8900725985462,33.6421570353058],[-90.8938720410067,33.6422335039474],[-90.8994565967352,33.64252361526],[-90.9038895185576,33.6438443470271],[-90.9087337268464,33.6455342296263],[-90.9133190936708,33.6473926321049],[-90.9191556421078,33.65061991583],[-90.9227798151716,33.6532139940917],[-90.9272273903129,33.6559005794464],[-90.9338880037843,33.6585669127524],[-90.9372449370341,33.6607606261539],[-90.941082386316,33.6635199668857],[-90.9449050735827,33.6671902045219],[-90.9506423995034,33.6720466111373],[-90.9579283868378,33.679708168451],[-90.9629177547916,33.685514955959],[-90.9667399255272,33.6891818683113],[-90.9681774608488,33.6902355662307],[-90.985215841877,33.6884436113287],[-91.0151032567069,33.6860841886072],[-91.0286872336837,33.6742757884414],[-91.032892131646,33.6706193408278],[-91.0346276893513,33.6587223563178],[-91.0254678199274,33.6458801536671],[-91.0063894583138,33.642449926662],[-90.9980695900374,33.6413538449756],[-90.990546707081,33.6403622522861],[-90.9688688932247,33.6260676074421],[-90.9429431062898,33.6082063399976],[-90.9376993013115,33.590735877704],[-90.9425319258247,33.5776928942535],[-90.9588869925522,33.5674313043598],[-90.9593118813086,33.5674442692718],[-90.9837375544825,33.5681852742658],[-91.0005355535271,33.5600877854904],[-91.0073934163736,33.5567805535645],[-91.0310301540307,33.553165164936],[-91.0374783096491,33.5465847004404],[-91.0373193329967,33.5337709863934],[-91.0305983985524,33.5265643006639],[-91.0225340569568,33.5189943459495],[-91.0148360420459,33.5137404379836],[-91.0137373377747,33.5130962532546],[-91.0038646434948,33.507284925299],[-90.9968076097768,33.5038057961334],[-90.9935270926149,33.5019590347923],[-90.9913524761279,33.4987612259158],[-90.9899108777262,33.495144529301],[-90.9903756687492,33.4896812359491],[-90.9906543557947,33.4881890322783],[-90.9905234056808,33.4867868868071],[-90.9910979546618,33.4858166107465],[-91.0023345960719,33.466833631975],[-91.0066092697756,33.4596090150776],[-91.0299043143497,33.4466883539883],[-91.0334377449933,33.4447275691142],[-91.0395004604728,33.4413627695766],[-91.0414632865551,33.4234311835441],[-91.0415029678362,33.4230685401253],[-91.0404496473515,33.4228987888778],[-91.0182536879342,33.4193188352449],[-91.0178467798566,33.41925316113],[-91.0173857994871,33.4193278109784],[-91.0023829469938,33.4217590691413],[-90.9896061557071,33.4238276249741],[-90.9755314362772,33.4375482494367],[-90.9798569411512,33.4483521089518],[-90.9820994082899,33.4539523075093],[-90.9832221577663,33.4817529151058],[-90.9795750147808,33.4828167615017],[-90.9751035965552,33.4841207690068],[-90.9327608786141,33.4597434250975],[-90.9238036655251,33.4413663466649],[-90.9325195399248,33.4252115625988],[-90.9382980625844,33.4144963006619],[-90.9690820122376,33.4086654215207],[-90.9690841610078,33.4086650060862],[-90.9769103735945,33.4062972962689],[-90.9858062030036,33.4050946652221],[-90.9929391865839,33.4041149063563],[-91.0011408347723,33.4032822627428],[-91.0050017444561,33.4023970196602],[-91.0088697238812,33.4006044076222],[-91.0127528641734,33.3974493378909],[-91.0142405955564,33.394336026423],[-91.0152932719491,33.3915928883568],[-91.0141260405948,33.387055911151],[-91.0124323857042,33.3838897889815],[-91.0090909852239,33.3811922405568],[-91.0063216301199,33.3798570284509],[-91.0035365670749,33.3776089688604],[-90.9997828668287,33.3750610080191],[-90.9965100940429,33.3727634025981],[-90.990482864712,33.3704438535668],[-90.9841430638832,33.3677996603836],[-90.975864789401,33.365609966478],[-90.9647031555205,33.364797039252],[-90.9559066375611,33.3651901574956],[-90.9456450428317,33.3668232248458],[-90.9355055965231,33.3704972618636],[-90.9272198363797,33.3745307144818],[-90.9183700842565,33.3790092141901],[-90.9145323133778,33.3821456274253],[-90.9117014910505,33.3853319820972],[-90.9095882941761,33.389250372511],[-90.9080851315331,33.3931262464203],[-90.9070322350532,33.3963229834676],[-90.9060252856035,33.4007571020885],[-90.9060712514983,33.4063428490686],[-90.9056515585975,33.415445658581],[-90.9035383239939,33.4262161672137],[-90.9026070998277,33.4341300436866],[-90.9004637348311,33.4382461813485],[-90.8985716744336,33.4411080688165],[-90.8950925999495,33.4425308834598],[-90.8906825204881,33.4434044069743],[-90.8846402165285,33.4424468199757],[-90.8762937527298,33.440748907706],[-90.8718609683496,33.4385170231696],[-90.8685266376107,33.4358165071793],[-90.8666044540067,33.4327444250482],[-90.86514709646,33.429933374665],[-90.863934295368,33.4259004244914],[-90.8639495784059,33.4226642632268],[-90.8634839366784,33.4177043997953],[-90.863811810079,33.4126527319762],[-90.8663373049227,33.4090823398021],[-90.8696714568969,33.4059269420098],[-90.8730132454494,33.4027675487028],[-90.8773766556351,33.3988799875586],[-90.8811609821444,33.3942903735777],[-90.8863491858981,33.3905887427847],[-90.8931392870261,33.3859876925779],[-90.8985792023157,33.3813861123158],[-90.9018826992809,33.3788833762475],[-90.9040038498387,33.3763272032246],[-90.9066968804829,33.3722072597937],[-90.9093899704159,33.3680894506881],[-90.9137158974981,33.3634999728572],[-90.9174998556981,33.3585282139854],[-90.9223602156956,33.3524924664747],[-90.9256103051222,33.3492769439038],[-90.9302871078662,33.345888638595],[-90.9358180674099,33.3427442444832],[-90.9419523813124,33.3391049231082],[-90.9452324439268,33.3359877834424],[-90.9474606116828,33.3328212460466],[-90.9494974481647,33.3290166305363],[-90.9503061520077,33.3241939087984],[-90.951016225324,33.3203566982143],[-90.9509475814599,33.3153503697235],[-90.9510082042668,33.3100935006781],[-90.9507946405878,33.3048850430794],[-90.9505736774858,33.2991693288778],[-90.9500773448166,33.2946139730764],[-90.9491088459559,33.2899558313763],[-90.947781056016,33.2862547532731],[-90.9458129208903,33.2827489530742],[-90.9438364601786,33.279466865994],[-90.9393585309638,33.2735954802514],[-90.9361005938549,33.2672042054012],[-90.9348188210137,33.2631723697397],[-90.9347650334877,33.2595320356957],[-90.9336054342201,33.2554496874158],[-90.9319121440455,33.2518248277404],[-90.9294425899895,33.249031723793],[-90.9294416925725,33.2490310416516],[-90.9250899892316,33.2457473732511],[-90.9233975039475,33.2444701821002],[-90.9191174798779,33.2311903969164],[-90.9054107400328,33.2235289908698],[-90.9035577114343,33.2287431042669],[-90.8976281685008,33.2454215748157],[-90.8975742471259,33.2455701937285],[-90.8915397405429,33.2621887321402],[-90.8915395824394,33.2621892354066],[-90.891140778064,33.2627559505593],[-90.8881956954225,33.2658965608274],[-90.8833049660801,33.2700394826735],[-90.879505573027,33.2717641967471],[-90.8729064743897,33.2726229254348],[-90.8679622952879,33.2725804675852],[-90.8619431382182,33.2711646838912],[-90.8575708715421,33.2693108229402],[-90.8547026254001,33.2657548837226],[-90.8532681254858,33.2619928373631],[-90.8518416223742,33.2566781866651],[-90.8523145593201,33.2512114198458],[-90.8533442029089,33.2461976368398],[-90.8549392793751,33.2420844078065],[-90.8581505085809,33.2361407446625],[-90.8602948913686,33.2324775089398],[-90.8656964719518,33.2260567914853],[-90.871319414489,33.2211803567715],[-90.8781630552079,33.2145603619125],[-90.8846936555082,33.2108599486293],[-90.8879662764787,33.2094637467365],[-90.8917658069741,33.2086015541012],[-90.8945127455185,33.2081665387208],[-90.8972745206381,33.2068234672068],[-90.8983957977757,33.2045564847802],[-90.8991245838977,33.2023818043896],[-90.8901104400775,33.1679834310225],[-90.8934974965338,33.137314933135],[-90.8942610528472,33.135225236013],[-90.8989777578578,33.1223142646655],[-90.9096701756143,33.1155178459008],[-90.9428760793932,33.1140113348081],[-90.9434925491553,33.1139832915241],[-90.9577455158971,33.1165269166211],[-90.9702816476208,33.1260684289296],[-90.9761699902222,33.1275791461967],[-90.9827616975213,33.1284176376948],[-90.9876826390033,33.1279144227876],[-90.9920540998907,33.1269570368535],[-90.9990503500033,33.124293796679],[-91.0029189941817,33.1215890686157],[-91.0062454233395,33.1175172029804],[-91.0093577677953,33.1117531434799],[-91.0103881345279,33.1071937250274],[-91.0103267409664,33.1030955307894],[-91.009708532066,33.0985519271642],[-91.0079995617981,33.0944696474393],[-91.0057570838797,33.0908519891595],[-91.0008372491221,33.0876659988783],[-91.0002255098883,33.0872697557707],[-90.9901702797393,33.0823513046503],[-90.9809077975571,33.0774524617872],[-90.9720881327077,33.0734464404583],[-90.9660075003299,33.0698638300929],[-90.9585843591162,33.0657319840757],[-90.9466902946485,33.0591358010426],[-90.9400829315106,33.055125302446],[-90.9346585013799,33.0500733785108],[-90.9311717148591,33.0460831910932],[-90.9294708168523,33.0420044177645],[-90.9288527391059,33.0370029005023],[-90.9298522567933,33.0301620190889],[-90.9325221971414,33.0255830936999],[-90.9357343057978,33.020542824631],[-90.939961205298,33.0164263950819],[-90.9427153914501,33.0146258297996],[-90.9476592372769,33.0128399378211],[-90.953678526399,33.0126225293779],[-90.9580579212069,33.0124623421416],[-90.9624063421038,33.0107153059675],[-90.9661833985474,33.0070367568681],[-90.9680063290922,33.0029778747132],[-90.9686092396833,32.9979760316372],[-90.9689527374817,32.9955752037655],[-90.9697919750611,32.9897879502789],[-90.9714396353109,32.9859460673185],[-90.974254789223,32.9818980870664],[-90.9745752299629,32.9814624638145],[-90.9785958699857,32.9759498641577],[-90.9837002465504,32.9708905165289],[-90.9879266501806,32.9677812371831],[-90.9934127514522,32.9636982785689],[-90.9967010686858,32.9609747777949],[-91.0010190870002,32.9588720084864],[-91.0031704712573,32.9565715026677],[-91.0056575981569,32.9528557232159],[-91.0065885393538,32.9487078585666],[-91.0068098015948,32.9437823166857],[-91.0083813341158,32.9392154531362],[-91.0104641760184,32.9359687234656],[-91.0121195177621,32.9323331183098],[-91.0147822760795,32.9286733398071],[-91.0176278918629,32.9214168778581],[-91.0192841157522,32.9155032131905],[-91.0182155840948,32.9091234369716],[-91.0160491862944,32.9036568259534],[-91.0116928988505,32.899089358899],[-91.0060617987122,32.8946141812253],[-90.9972502995488,32.8901503194203],[-90.9890254245204,32.8879606878618],[-90.9808012825173,32.8862239923969],[-90.974598254682,32.8857856738263],[-90.9682356384415,32.8858965532519],[-90.9620249955876,32.8866554743253],[-90.9554640349257,32.8889139707309],[-90.9494364238108,32.8920808940741],[-90.9454157244992,32.8947780866127],[-90.9410979622047,32.8984637589437],[-90.9389614639301,32.9021308416316],[-90.937382107083,32.9062439102759],[-90.9369014859482,32.9108031658947],[-90.9369933027534,32.9171739121578],[-90.9376189443145,32.9226346838873],[-90.9393277448007,32.927625102971],[-90.9410670080566,32.9344392716008],[-90.9432032170736,32.9412373376354],[-90.9349789502046,32.9453086111394],[-90.9457438826658,32.9557929136503],[-90.9398316296065,32.9626831679023],[-90.9343380318938,32.9667082776625],[-90.9277537231193,32.9707830837079],[-90.9213681899577,32.9724280918804],[-90.916454979377,32.9729283202342],[-90.9109771282329,32.9720731823338],[-90.9064298032641,32.969798781453],[-90.9032482175645,32.9671359184611],[-90.8982740787497,32.9630883911249],[-90.894375206262,32.958116400413],[-90.8915757099852,32.9535875837494],[-90.8904235748193,32.9490471296401],[-90.8900271087585,32.9473937753437],[-90.8754947084711,32.9173744187998],[-90.8706300724928,32.890487627513],[-90.88754556938,32.862963331019],[-90.8886015614544,32.8621175799674],[-90.9094325604418,32.8454298901344],[-90.9299108781538,32.8370237685526],[-90.9375453444449,32.8338882772841],[-90.9521375132414,32.8278929394091],[-90.9607096868401,32.8089913990959],[-90.9607099069274,32.8089907716764],[-90.961094334665,32.8085517437959],[-90.9634744713159,32.8042410360614],[-90.9644879973319,32.8015980551001],[-90.966381601035,32.7966595669807],[-90.9690138831081,32.7860417534565],[-90.9694025859282,32.7793192840586],[-90.9687775228821,32.7738627211452],[-90.9665267301574,32.7693301546353],[-90.964832636889,32.7657016778448],[-90.9642374931318,32.762065579071],[-90.9663739788299,32.7588571674292],[-90.9690367245709,32.7547287083281],[-90.9713481176447,32.7505239368394],[-90.9721949163439,32.7464987541909],[-90.9704936967403,32.7424172045709],[-90.968250860394,32.7378840558769],[-90.9616058865918,32.7311201734106],[-90.9529003266481,32.7281547752161],[-90.9458201128025,32.7267667420063],[-90.9391905711585,32.7267926524537],[-90.9321023470355,32.7268659386391],[-90.9266322788951,32.72600679459],[-90.9233901835762,32.7254125581066],[-90.9167902854383,32.7238245120777],[-90.9129606712623,32.7229510445137],[-90.9076735944369,32.7225391445283],[-90.9042325869612,32.7225810494015],[-90.8982282691617,32.7221844275434],[-90.8929564861539,32.7224854408441],[-90.8864181702237,32.721550625018],[-90.8823974017418,32.72051268924],[-90.8771631853809,32.7192385018057],[-90.8722729465187,32.7164884403661],[-90.8664897517213,32.7133750065668],[-90.8625987664418,32.707945941582],[-90.8614314740021,32.7020313889582],[-90.8608439641281,32.6988496500894],[-90.8624230990914,32.6947370894299],[-90.8651242325394,32.6924326689779],[-90.868893145755,32.6892081170181],[-90.8737529919162,32.68597622973],[-90.8775369869471,32.6836612324074],[-90.8811839457779,32.6809936208437],[-90.8856399048958,32.6781211433526],[-90.8883330109985,32.6762702176467],[-90.8937496886684,32.6742063258793],[-90.8997619314053,32.6705856657892],[-90.9072533841065,32.6651563319745],[-90.9153330051467,32.65870110796],[-90.9221922738566,32.6524434539299],[-90.9250150778217,32.6499520074143],[-90.9293409689713,32.6476287109659],[-90.9342009822192,32.6443929474063],[-90.940685845695,32.6406846263825],[-90.9460952586892,32.6383532446574],[-90.9516870512456,32.634317015716],[-90.9560589289512,32.6311426467796],[-90.9593316478381,32.6284189243021],[-90.9609872824326,32.6247823805243],[-90.9611094964304,32.6222570880318],[-90.9615748453071,32.6167858395059],[-90.9598657366987,32.6113371155331],[-90.9561811627119,32.6033593626965],[-90.9496957710266,32.5928597970726],[-90.9453702383048,32.5860146954082],[-90.9399607525471,32.5787093119676],[-90.9348720318212,32.5765112235364],[-90.928326316468,32.5756640247872],[-90.9185301595486,32.5757590296753],[-90.9062237584841,32.5781370009586],[-90.8942306305018,32.5826499619031],[-90.8838620787615,32.5871677729395],[-90.8746384055962,32.5898492148779],[-90.867512069549,32.5912082415079],[-90.8621566776427,32.5926997182432],[-90.8555034555095,32.5979919662281],[-90.8527570541577,32.6016272422984],[-90.8494608218682,32.606625499038],[-90.84725649001,32.6116270552559],[-90.8461500359728,32.615266928553],[-90.8450361618515,32.6193574169812],[-90.8433725789633,32.6239048269273],[-90.8402826016597,32.6266106510846],[-90.8364986138154,32.6284649481137],[-90.8310589886816,32.6294255764872],[-90.8277857784162,32.6289987413471],[-90.8228646761358,32.6272206581859],[-90.8168072265805,32.621807123382],[-90.8118407818361,32.6155766784344],[-90.809574379985,32.6095780373581],[-90.8097423272139,32.6032680301043],[-90.8108713226764,32.5968967486735],[-90.8136258196456,32.5918941111215],[-90.8180049961629,32.5876325900418],[-90.8223763771002,32.5841880598223],[-90.8267560602673,32.5810174795135],[-90.8309522472663,32.5788614146488],[-90.8341947674883,32.5770111449224],[-90.8363234522165,32.5733448827935],[-90.8384595192996,32.5701351661855],[-90.8426250647643,32.5660497770106],[-90.8453409512442,32.5637675718422],[-90.8466383682462,32.5629397745616],[-90.8502696730349,32.560616679987],[-90.8557246207325,32.5585868567069],[-90.8617213208184,32.5561025845595],[-90.866001835368,32.5543939183482],[-90.8687099639972,32.553454569318],[-90.8724944539998,32.5515970190364],[-90.8768203945567,32.54973538377],[-90.8814969556539,32.5479003067619],[-90.8862728533535,32.5434398903865],[-90.8851973956852,32.540246274061],[-90.8793073193353,32.5319400976565],[-90.8727691920513,32.5260758700451],[-90.8650094116764,32.5202313611531],[-90.8548783008353,32.5159848718839],[-90.8434720907372,32.513203480352],[-90.8288235266055,32.5076753394489],[-90.8174252135971,32.5030968340662],[-90.816937135547,32.5028749243706],[-90.8082166042808,32.4989337872949],[-90.8022654353051,32.4948062214476],[-90.7988324075642,32.4907573225523],[-90.7963300685936,32.4874885098959],[-90.7947279708951,32.4833827928698],[-90.7942168339899,32.4783655729979],[-90.7959254054058,32.4752906030396],[-90.7991378185911,32.471616850283],[-90.8018386960193,32.4697700193189],[-90.8067137560482,32.4688162018763],[-90.8137704034906,32.4682974810488],[-90.8187378291953,32.4684495623241],[-90.8262983129345,32.4700103143273],[-90.8366360084431,32.474451251704],[-90.8463866692867,32.4795031956189],[-90.8531235048099,32.4848021086881],[-90.8586240464997,32.4897620560611],[-90.8626065719033,32.494603167302],[-90.866924844441,32.5009985920599],[-90.8717773729259,32.5087585102134],[-90.8782542440907,32.5174421701707],[-90.8851971136142,32.5255076239204],[-90.8917965248652,32.5304565256193],[-90.8961757480949,32.5326915871981],[-90.8999980113569,32.5335656708746],[-90.9032483262606,32.5326237129361],[-90.9059412895311,32.5307769369805],[-90.90861202399,32.5271062734986],[-90.9119379815322,32.5230320831446],[-90.9157757919368,32.5175762024005],[-90.9179731663432,32.5121164042939],[-90.9207269913725,32.5048365465261],[-90.9223373616565,32.4978125717534],[-90.9222228929331,32.4896134273463],[-90.9230161655161,32.4820665313274],[-90.9214293535504,32.4724934398861],[-90.9180643543277,32.4641339405607],[-90.9117244798369,32.4560534500485],[-90.904697651072,32.4487394727094],[-90.8949324653687,32.4420286601461],[-90.8817792539268,32.4334969554277],[-90.8678787286103,32.4267287415572],[-90.8566558898145,32.4232495927973],[-90.847805225003,32.4216389708973],[-90.8403436646412,32.4215778988909],[-90.8331340691401,32.4238555908128],[-90.8246655449556,32.4276443669245],[-90.8165706696235,32.431818892979],[-90.8084605157451,32.4350804350982],[-90.8003127898299,32.4351533998282],[-90.7910733503331,32.4343218893961],[-90.7828868549269,32.4312041638434],[-90.7773861093195,32.4257832915152],[-90.7745784814928,32.4185151505992],[-90.7729232915644,32.4112851165549],[-90.7740442156641,32.4058213384637],[-90.7767912368535,32.4017351673792],[-90.7806131919933,32.3981066157289],[-90.7857097298589,32.3960916061199],[-90.7905698796506,32.3937725617875],[-90.7948727496744,32.3905442467496],[-90.7980773708729,32.3864125290377],[-90.799717248119,32.382246510911],[-90.8019221018984,32.3772407095296],[-90.8044167719515,32.3722314154331],[-90.8084991477939,32.3672445484537],[-90.8106888254349,32.3645198943564],[-90.8134201090388,32.3608875296067],[-90.8150831008355,32.3554242069311],[-90.8146099366158,32.3516773188003],[-90.8122220484023,32.3452724045012],[-90.8081177725316,32.3417197280561],[-90.7995343484322,32.3391297623491],[-90.7891579795523,32.3370808575534],[-90.7773710517587,32.3350930384188],[-90.7653091676229,32.3328645174577],[-90.7561613428104,32.3311704717913],[-90.7485090000451,32.3309600643026],[-90.7420389533816,32.3299190395692],[-90.73550858305,32.327705708693],[-90.7295574113793,32.3253980497612],[-90.7241484780856,32.3255504440242],[-90.7192123416005,32.3260042063164],[-90.7132838739504,32.3296977540808],[-90.7083554108745,32.3353405460892],[-90.7080121403499,32.3357303497531],[-90.7025797754003,32.3430017680406],[-90.6988642903845,32.3498653267698],[-90.6967512857496,32.3553519889575],[-90.6951337064855,32.3580299480687],[-90.6924709975754,32.3608578445445],[-90.6899303355765,32.3614864644971],[-90.688679265355,32.361795688539],[-90.6853988038887,32.3595450684867],[-90.6842923166139,32.3566029632366],[-90.6846887799797,32.3531579641325],[-90.6848721270275,32.3515941350685],[-90.687427760349,32.3467675574472],[-90.6903803888389,32.3411397814],[-90.6938290643338,32.3362332568913],[-90.698101753659,32.3302738307526],[-90.7023812944349,32.3247721661095],[-90.704639633008,32.3207090154992],[-90.7063034198137,32.3161605072747],[-90.7074244121854,32.3111519095438],[-90.7090877273756,32.3066032949497],[-90.7117658109517,32.3021707067371],[-90.7145657096737,32.2984311982475],[-90.7193876262687,32.2941003064798],[-90.7254912195852,32.2884615025065],[-90.7365916853813,32.2811969769936],[-90.7434579492723,32.2771571006985],[-90.746731228708,32.2744365515188],[-90.7507750713162,32.272346265579],[-90.7538112673821,32.2699149458064],[-90.7565277224956,32.2690148136994],[-90.7592284957192,32.2696143753708],[-90.7614253131702,32.2723309448315],[-90.7630889670252,32.2750504064802],[-90.7653014232469,32.2791367683161],[-90.767826748309,32.2813768707449],[-90.7723887553428,32.2822656766454],[-90.7783550878805,32.282670585725],[-90.782147048273,32.2808581787087],[-90.7832071294785,32.2803501809292],[-90.7862974777863,32.2764511369322],[-90.7884947722426,32.2719030497633],[-90.7885248505333,32.2673443958894],[-90.7884033003905,32.2620708262574],[-90.7875105052538,32.2564019442731],[-90.7853743186947,32.2518304209251],[-90.7837718428055,32.2477212092728],[-90.7821776700444,32.2431588282871],[-90.7821701277893,32.2397891281625],[-90.7842984064789,32.2365805865883],[-90.7865794697338,32.2326935649591],[-90.78769368252,32.228141799047],[-90.7888072359429,32.2231315002918],[-90.7889523300309,32.2183061554045],[-90.7882962337851,32.2091941695074],[-90.7878615138663,32.2021558455474],[-90.7889750547127,32.1976039144417],[-90.791706618591,32.1944257527495],[-90.7938808703619,32.192159439329],[-90.797794525526,32.1885997980583],[-90.7993282246004,32.1871687227186],[-90.8020904686406,32.1858256045008],[-90.8042109715132,32.1858215515191],[-90.8069193624504,32.1862912803204],[-90.8096128144044,32.1881258998085],[-90.8113525537674,32.1903046106226],[-90.8135804035198,32.1948375159045],[-90.8149609955339,32.1995414806403],[-90.8160746450764,32.2066235685661],[-90.8181197810933,32.2112090874274],[-90.8208276078885,32.2146127169234],[-90.8241469655083,32.2161535664329],[-90.8246347587925,32.2163823764988],[-90.8343319456221,32.2205949633171],[-90.8442886476524,32.2241921472476],[-90.8502619439302,32.2250509757204],[-90.852970752584,32.2250247236277],[-90.8551224117256,32.2240929567529],[-90.8572660659797,32.2217932090402],[-90.8604624343556,32.2181148438733],[-90.8620498428026,32.2149096160919],[-90.8630720474425,32.210343295241],[-90.8635829795317,32.2080571996718],[-90.8657043061594,32.2043914097705],[-90.8667876591207,32.2043793779637],[-90.8696331545298,32.2047802668128],[-90.8734171118314,32.2070769818599],[-90.8761107245839,32.2089085539775],[-90.8804214638496,32.2115447899997],[-90.8864023320269,32.2128571049451],[-90.8907284100261,32.2123615075789],[-90.896122522016,32.2109386124783],[-90.9009596740382,32.2081563840986],[-90.9047052651924,32.2044745514953],[-90.9095123775515,32.1994120714972],[-90.9140976796972,32.1953712143015],[-90.9178965481343,32.1944746917984],[-90.9224515545971,32.1951804109844],[-90.9262817167453,32.1978785924705],[-90.9282041222331,32.1987744489862],[-90.9300960362052,32.1996641493403],[-90.9338956412608,32.2005381873553],[-90.9376872288524,32.2000453126084],[-90.9414488297816,32.1981835872732],[-90.9530990546502,32.1932232541914],[-90.9596141087061,32.1905075573946],[-90.96673256563,32.1860770707124],[-90.9710205370948,32.1823387959552],[-90.9741865522957,32.1768831720131],[-90.9757199360615,32.1704844255695],[-90.977062546407,32.1641209805388],[-90.9787184460045,32.1563758358797],[-90.9809155140854,32.1481758805776],[-90.9812738951714,32.1435248605798],[-90.9804119122489,32.1381453497659],[-90.9782683307584,32.1326672516043],[-90.9762459221182,32.1273564005748],[-90.9728968787715,32.1235325999029],[-90.9701885821574,32.1217021681662],[-90.9663358911601,32.1213397093428],[-90.9625364522929,32.1212325438481],[-90.9593776613436,32.1203014796401],[-90.9549297897582,32.1182643311526],[-90.9480326525675,32.1161618054941],[-90.9332089735492,32.1130144354786],[-90.9215362683406,32.1124271422483],[-90.9139599203535,32.1133153036314],[-90.9097018529061,32.1150897462668],[-90.8884979749223,32.1189664683582],[-90.8723908782475,32.1155331337421],[-90.8597025144225,32.108791436231],[-90.8582203516959,32.1203214928338],[-90.857624379692,32.1249560742489],[-90.8549677496814,32.1367237197018],[-90.8567984299922,32.1439140726629],[-90.864127951482,32.154413162414],[-90.8642660593721,32.1563486992686],[-90.8648455490871,32.1644716832102],[-90.8649419544868,32.165822996771],[-90.8646928175225,32.1657558245994],[-90.8609460154394,32.1647452285317],[-90.8594129963896,32.1643317156074],[-90.8572337302227,32.1633797043513],[-90.8450633682282,32.1580618544467],[-90.8374150184744,32.1524328894951],[-90.8347184242135,32.1504479729146],[-90.8306039569559,32.1474190773641],[-90.8087877648166,32.1468270929045],[-90.8123716196937,32.125844357165],[-90.8175579289005,32.1162910719367],[-90.8185621429802,32.1144409423277],[-90.8271966866091,32.1087391891389],[-90.8318857396786,32.1071668712622],[-90.8363352488928,32.106016545743],[-90.8367325315221,32.1054847954759],[-90.8370254523733,32.1021022040851],[-90.8372080726841,32.0997979302189],[-90.8377806148287,32.0943308488936],[-90.8399776649433,32.0897790398732],[-90.8448679550095,32.0852385706126],[-90.8497510037562,32.0820680658404],[-90.8568006506276,32.0793593771224],[-90.8634763728637,32.0772112993237],[-90.8710141238363,32.0744035714295],[-90.8774762572406,32.0725181142609],[-90.8822598561971,32.071251644509],[-90.8849682417444,32.0703509903772],[-90.8871425707705,32.0689894664895],[-90.8882336025308,32.0662613183355],[-90.8877297329964,32.0598784581425],[-90.8863794375636,32.0510039403443],[-90.8851057154239,32.0443648844695],[-90.884594222786,32.0393441520266],[-90.8840830400668,32.0334154905234],[-90.8889508444032,32.0320643558577],[-90.8965193069787,32.0325496906635],[-90.9056893938406,32.0357771555349],[-90.9132427386683,32.0389935853546],[-90.9202391334097,32.0449445750817],[-90.9247630348075,32.0506296681781],[-90.9270062978535,32.0565359931265],[-90.9314085152595,32.0619647533732],[-90.9358180224941,32.0659709171518],[-90.9412199192843,32.068268619591],[-90.9466212384577,32.0691952311753],[-90.9531142469583,32.0683028810204],[-90.9596216716225,32.0642239199577],[-90.9645044329083,32.0601379677837],[-90.9680753987578,32.0547543512929],[-90.9685328900707,32.0492754822991],[-90.9679076850908,32.0433545744138],[-90.9629711192111,32.0383862170605],[-90.9553495185915,32.0348191961947],[-90.9477655457043,32.0335256094412],[-90.9359781175491,32.032232382141],[-90.921230858212,32.0296881740462],[-90.9073606070188,32.0266615553445],[-90.8976481093035,32.0229761000765],[-90.8918878889195,32.0185737671837],[-90.8890579460429,32.0124571543239],[-90.8879208226237,32.0049302245257],[-90.8883710860918,31.9980852778028],[-90.8907821319751,31.9919421434433],[-90.8940557240244,31.9856513380314],[-90.8983961517119,31.9802034627011],[-90.9032104550849,31.9769642503377],[-90.9139675102193,31.9736691146288],[-90.9241983744811,31.9712861302735],[-90.9341012341883,31.9697512961422],[-90.9436076215465,31.9688124240168],[-90.9513898085995,31.9684379380138],[-90.9587291828113,31.9686579203289],[-90.9646500219681,31.9676849452479],[-90.9706767446491,31.9662602643558],[-90.9773451653786,31.9621332036799],[-90.9822203457817,31.9575872690265],[-90.9860273116327,31.9530374393396],[-90.9913294900364,31.9450596175921],[-90.9936339427263,31.9398330919121],[-90.9949304425484,31.9327084704746],[-90.9942286265461,31.9270653128245],[-90.9926190863055,31.9220420558688],[-90.991024750051,31.916109883102],[-90.9894225795889,31.9110883215567],[-90.9885910010456,31.905863589198],[-90.9906888609831,31.9017376810968],[-90.9954038026008,31.8992480323826],[-91.0014311361362,31.8979749967336],[-91.0051925520124,31.8970235455015],[-91.0089457024896,31.8956139219967],[-91.0121196875437,31.891018569117],[-91.0159725573057,31.8842517278003],[-91.0224729903821,31.8778838256754],[-91.0299189568889,31.87251805272],[-91.0370676609867,31.8678836476328],[-91.0467570360666,31.8628150051799],[-91.055981002981,31.8569816797687],[-91.0589263389474,31.8551804722135],[-91.0678679015876,31.8497082758669],[-91.0734753266265,31.8470085355],[-91.0761380355366,31.8446985331292],[-91.0781292717381,31.8428880709681],[-91.078678940979,31.8392399139917],[-91.0776106267139,31.8360469889084],[-91.0749252389361,31.8333036228393],[-91.0705377296463,31.831533376587],[-91.0656320640157,31.8283953302682],[-91.0609322895532,31.8255191294664],[-91.0552642857248,31.8202968506331],[-91.0534179019645,31.8154667077164],[-91.0529673833748,31.8111995578487],[-91.0555998846368,31.8058923644558],[-91.0592996886609,31.8024606956609],[-91.0630228614589,31.7992273069374],[-91.0674862981532,31.7972514383961],[-91.0705229577497,31.7964043895023],[-91.0753597809885,31.7954381529405],[-91.078808341499,31.7959060607852],[-91.0829355297994,31.7976328801264],[-91.0863382187382,31.8000269443555],[-91.0889631337277,31.8034945884083],[-91.0917478895489,31.8093934189433],[-91.0940211823765,31.8166671503787],[-91.0957607268051,31.8244025501866],[-91.0975001400796,31.8316827345603],[-91.0997283249036,31.8362183074917],[-91.1024670402699,31.8389213330557],[-91.1061749372164,31.8411153498301],[-91.1099441342996,31.8424906784373],[-91.1147962405763,31.8425009057754],[-91.1201978517022,31.8411402187628],[-91.1315658519597,31.8380994490533],[-91.1320313427702,31.837897146687],[-91.1390652071404,31.8348470256583],[-91.1422543880958,31.8320715875668],[-91.1459394031554,31.8265520665052],[-91.1482741982407,31.8211159292869],[-91.1525995989101,31.8119974855165],[-91.1553159875483,31.8028788155962],[-91.1612669642846,31.7901129490964],[-91.1666758463744,31.7778024070348],[-91.1737025826128,31.7627582621933],[-91.1776168135969,31.755456211365],[-91.1791121995246,31.7509020675657],[-91.1785775851495,31.7477075859627],[-91.17696807096,31.7449691438341],[-91.173741093389,31.7431403459862],[-91.1703916943095,31.7423119964836],[-91.1624343016401,31.7422128581578],[-91.1504791544281,31.7434646292011],[-91.1328017918568,31.7453641812991],[-91.1214717094875,31.7479154392374],[-91.1074721287412,31.7521673164504],[-91.0934642511549,31.7553338762964],[-91.0848434634279,31.7557743323526],[-91.0792430856724,31.754971634212],[-91.075154008398,31.7543861960596],[-91.0713847637041,31.7520967152965],[-91.0686842339239,31.7480655580022],[-91.0675472775913,31.7439717934723],[-91.0674937649498,31.7407789437275],[-91.0701182361715,31.7361866704009],[-91.0738263792564,31.7324941095496],[-91.0796932575124,31.728777272535],[-91.0834548889843,31.728277179764],[-91.0881465067439,31.72886293884],[-91.0931818828133,31.7304489255354],[-91.0991403559906,31.7326612353492],[-91.1023757705387,31.7326229797246],[-91.1109812222271,31.7320684849398],[-91.1161391958749,31.7316528427943],[-91.1222879789418,31.731936191124],[-91.1287731729977,31.7332302575358],[-91.1330913413308,31.7340899785202],[-91.1368832478244,31.7354144061978],[-91.1417352903207,31.7358128727619],[-91.1465801004807,31.7357554290049],[-91.1527522181853,31.7353568185608],[-91.1581384519502,31.7344526621435],[-91.1627164957085,31.7341919126659],[-91.1675536683919,31.733678790506],[-91.1723903074761,31.7331631029703],[-91.1766936841497,31.7326543094404],[-91.1802180202494,31.7321981648159],[-91.1834528113667,31.730833899837],[-91.1845287693966,31.7285528168132],[-91.1861536896932,31.7253614054408],[-91.1877712491944,31.7221693271278],[-91.1904645277736,31.7189784371553],[-91.1936993916544,31.7162439225583],[-91.1969341396526,31.7135082177072],[-91.1994441116081,31.7095577906818],[-91.201793824117,31.7057580452838],[-91.2036178146739,31.7017493792316],[-91.2046173233781,31.6971734384675],[-91.2050593304305,31.6916924715086],[-91.2048840170163,31.6816568644562],[-91.2040750526619,31.6661515935065],[-91.2022138332247,31.651573166206],[-91.2014967988633,31.641540303178],[-91.2018856975161,31.6328662509173],[-91.2033430865038,31.6237193216059],[-91.2053799831729,31.6173055613913],[-91.2085462876312,31.6136146304409],[-91.2132989432195,31.6085340910823],[-91.2164350319449,31.6053863178976],[-91.2207456113105,31.6012831505599],[-91.2257582123925,31.5989200997079],[-91.2292294293128,31.5973795870428],[-91.2357981711817,31.5971853680778],[-91.24117677286,31.5971889321113],[-91.2454724348019,31.5981046163872],[-91.2503094880094,31.5999328377732],[-91.256740765182,31.6025037955794],[-91.265934392396,31.6055794379463],[-91.272885013482,31.6086127281617],[-91.2787974551875,31.6118073003846],[-91.2838480388364,31.6144726075897],[-91.2879454569682,31.6177426598747],[-91.2920425382318,31.6212088525365],[-91.2965514260862,31.6255010505887],[-91.301388351733,31.6300639733673],[-91.3051571984732,31.6314335955136],[-91.3099939543383,31.6296074850263],[-91.3147244826245,31.6263818889471],[-91.31752445411,31.6236756643008],[-91.3223616896755,31.6172866588049],[-91.325749148577,31.6120857994531],[-91.3262142998244,31.6079714974447],[-91.326656694949,31.6029463131095],[-91.3250470621819,31.5985757324689],[-91.3228958018923,31.5949250356512],[-91.3196685386571,31.5903618295715],[-91.313214195443,31.5839726530408],[-91.3067669156819,31.5780398446403],[-91.3013960017859,31.5743913608571],[-91.2927288097863,31.5709949865092],[-91.2830316292449,31.5702109257216],[-91.2755248054709,31.5712221673024],[-91.2669873140287,31.5745300025125],[-91.2584498549258,31.5778361407762],[-91.2493631532818,31.5806924564926],[-91.2401168883855,31.5816727348255],[-91.2379421263714,31.5817510448562],[-91.2277492653377,31.5821209086778],[-91.2223780639808,31.5807471654282],[-91.2180830973349,31.5775501204376],[-91.2149929807924,31.5731663600802],[-91.2132537372994,31.56796170596],[-91.2132613855558,31.5643108775109],[-91.2148787815636,31.5606617516241],[-91.2175642969021,31.556100403766],[-91.224018349062,31.5497156180286],[-91.2326243972318,31.5433321554876],[-91.2410703090241,31.5374358516754],[-91.251164014915,31.5313731036468],[-91.26271488252,31.5264606950597],[-91.272389219802,31.5223564453104],[-91.2826427674231,31.5195494377313],[-91.2895935511042,31.5176321703916],[-91.2971007827134,31.5164283417527],[-91.3051571481675,31.5168849626363],[-91.306774577413,31.5169767431156],[-91.3132136277077,31.5173408936023],[-91.3196527193249,31.5164289352516],[-91.3234141280146,31.5146036194984],[-91.3286863529935,31.5111750002234],[-91.3307691814214,31.5074957527936],[-91.3309293905624,31.5041031805446],[-91.3295633934768,31.5006643973879],[-91.3277093147478,31.4986288873486],[-91.3250241084297,31.495889026968],[-91.3235056259178,31.4925290803527],[-91.3217966808028,31.488586425926],[-91.3217965658185,31.4835659893728],[-91.3217968469911,31.4780881772383],[-91.3236205590703,31.4701587120399],[-91.3244748425324,31.4598308012361],[-91.3239406270093,31.4502447169023],[-91.322552233127,31.4418682417984],[-91.3191039340263,31.4319842300352],[-91.3152892166127,31.4264423460081],[-91.3087274088395,31.419684419301],[-91.3016245008548,31.4129308286488],[-91.2940027861492,31.4070970428838],[-91.2853208635756,31.4017335205034],[-91.2814681986295,31.3963059286173],[-91.2778059891,31.3895277098355],[-91.2775006849726,31.3876931106721],[-91.276737470019,31.3831366612961],[-91.2778055821632,31.3772027760522],[-91.2799575539185,31.3712676140156],[-91.2831768410123,31.3657884798239],[-91.2872659641008,31.3615293241844],[-91.2949645817812,31.3557471869058],[-91.3031966702814,31.3530969429424],[-91.3089034831267,31.3525513678378],[-91.314808450849,31.3534653200713],[-91.3203857095625,31.3546925688242],[-91.3233834721072,31.3562031398458],[-91.3258172471638,31.358729106787],[-91.3280223533698,31.3618939341861],[-91.3329584431424,31.3677630962602],[-91.3389327078041,31.378569911079],[-91.3443038346008,31.3890704638591],[-91.3475235007837,31.3945471790424],[-91.350132411388,31.3987536884177],[-91.3496670975456,31.4009378052258],[-91.3485991596746,31.4036767559825],[-91.3475232699167,31.4073276750849],[-91.3477214454549,31.4109349743945],[-91.3491405212957,31.4137188041469],[-91.3512846732164,31.4160024205205],[-91.3545038758686,31.4169120596512],[-91.3582579381359,31.4164539128935],[-91.3633544670183,31.4148292607855],[-91.3686488201976,31.4115593731193],[-91.3770262812635,31.4064010379388],[-91.3829236537301,31.4008591044325],[-91.3855937297238,31.3954417753789],[-91.3866619882934,31.3899623402519],[-91.3861202116506,31.383569850392],[-91.3834268665961,31.3771810914782],[-91.3812833785303,31.371704955096],[-91.3802072704818,31.3689653187239],[-91.3785978048013,31.3644005283011],[-91.3775218126355,31.3625769366979],[-91.3757289810426,31.3616913909765],[-91.3741115832381,31.3612577573597],[-91.3703882658115,31.3626794377714],[-91.3673366753166,31.3644077891808],[-91.364025700775,31.3664227567308],[-91.3598369284703,31.3685207196725],[-91.3560832605635,31.3698904814572],[-91.3553435033169,31.3698899391857],[-91.3539163489267,31.3702145751915],[-91.3517346052063,31.3684180232438],[-91.3512619206869,31.3671529521337],[-91.3528638962146,31.3648691492041],[-91.3555413321054,31.3616745138901],[-91.3576854867211,31.3580212460491],[-91.3594938582701,31.3537002479968],[-91.3598214855323,31.3493451815485],[-91.3592801823016,31.3424959621064],[-91.3575332240771,31.3350048462071],[-91.3555268144321,31.331084456096],[-91.3528485188535,31.3292591794958],[-91.3501631948562,31.328347070817],[-91.3480188902218,31.3269780482891],[-91.3464169452369,31.3251523030039],[-91.345875324901,31.322412275752],[-91.3437317398172,31.3196752660364],[-91.3410534074077,31.3183059431991],[-91.3373378864594,31.3156481496485],[-91.3319134392606,31.3120689056387],[-91.3278238840825,31.3096216820076],[-91.3260538032225,31.3082636710926],[-91.3204844308189,31.3030921858204],[-91.3185391173931,31.297761552988],[-91.3174708022296,31.2895438857959],[-91.3180049404976,31.2822374866062],[-91.3212172512749,31.2753871896511],[-91.325497479262,31.2694500664954],[-91.3297775168062,31.2644277340307],[-91.3346906456402,31.2608829091893],[-91.3405039519659,31.2571502128325],[-91.3474242710808,31.2543153753461],[-91.3602949102635,31.2502634799889],[-91.3714186711716,31.2494151266923],[-91.3912170612315,31.2491359306516],[-91.3992735856875,31.2503911954547],[-91.4084670844423,31.2515990745848],[-91.4170345607504,31.2534182881043],[-91.4240002573636,31.2543249907887],[-91.4336360129025,31.2547708963596],[-91.4405943783647,31.2538502788818],[-91.4459424669677,31.2529298129292],[-91.4529005755116,31.2510956314498],[-91.4566387331068,31.2483497494006],[-91.4591335729414,31.2454106266315],[-91.4606595671657,31.2417348660423],[-91.4608963316336,31.236926631172],[-91.4593930755657,31.2321615606462],[-91.4560667613924,31.2273451123286],[-91.4506726907249,31.2240697745299],[-91.4453548879235,31.2209639801439],[-91.4324920299478,31.2109328501639],[-91.4245875956593,31.2043536058249],[-91.4158598266669,31.1958023385139],[-91.4089245461109,31.1885793837893],[-91.4054150861123,31.1817925648121],[-91.4031338611607,31.1745158746526],[-91.4040725655983,31.1681103427072],[-91.4055598262642,31.1621486591795],[-91.4081006939773,31.1552600030752],[-91.4112137337292,31.1501897595007],[-91.4147534373084,31.1456404530646],[-91.4190257933587,31.1415275879581],[-91.4227564823606,31.1369543099162],[-91.4270289219542,31.1323824437902],[-91.431629547562,31.1284250688525],[-91.4336664208749,31.1233699316837],[-91.4350936058078,31.1180895549005],[-91.4344829993496,31.1122793077596],[-91.4322631392134,31.1069438633841],[-91.428417471245,31.1015185845055],[-91.4229473384259,31.0952017545865],[-91.4158594475778,31.0879947952376],[-91.4076730554779,31.0794337154734],[-91.4011275431439,31.0726744981151],[-91.394611739893,31.067285541591],[-91.3886530888493,31.063258302875],[-91.3836560654526,31.0607079214972],[-91.3793834542808,31.0579679554988],[-91.3735012750206,31.0520339983903],[-91.3707087927897,31.0466058758566],[-91.3691833150967,31.0428945258145],[-91.3686869393084,31.0410717828666],[-91.3689159342473,31.0365799311786],[-91.3704188705149,31.0315345323895],[-91.3740582188187,31.0264554057191],[-91.3787734505922,31.0218207447921],[-91.384152076525,31.0173070608991],[-91.390552751689,31.012734628209],[-91.3987773967487,31.0073696516486],[-91.4093443728606,31.0017349000197],[-91.4193616671552,30.9973969124365],[-91.4198955413184,30.9972059485038],[-91.428402256479,30.9941482897039],[-91.4363446365034,30.990834436794],[-91.4405716707509,30.9889434114802],[-91.4463620826133,30.984745172132],[-91.4613117799945,30.9718667413104],[-91.46962340533,30.9581746745562],[-91.4624994165806,30.9325763799317],[-91.4516983934046,30.9089389052763],[-91.4390074756692,30.9048362532686],[-91.4184799015336,30.9009180435008],[-91.3935060853564,30.9001566465795],[-91.3769730479981,30.901127905069],[-91.3605714799799,30.9007485062385],[-91.3413799270472,30.8889137084203],[-91.3293103668073,30.8763262091969],[-91.3251931300437,30.866458164945],[-91.3241325116456,30.849375727703],[-91.3263549634215,30.8386916456376],[-91.3307559564238,30.8217372773766],[-91.3330839997714,30.8059642739421],[-91.3354354846563,30.793931330093],[-91.3396252837353,30.7830752994513],[-91.3494376264995,30.7706611952166],[-91.3636932324917,30.7647431665749],[-91.382045744576,30.7608717423167],[-91.3968758438536,30.7570371431787],[-91.400798805564,30.7447965019117],[-91.3970047224525,30.7315591738236],[-91.3845858837554,30.7226845706412],[-91.3672590680625,30.7161079685271],[-91.3591577742678,30.7150756351724],[-91.3516998583711,30.715457257621],[-91.325987845321,30.7227698093289],[-91.3156524162619,30.7246010263237],[-91.3001579544411,30.7232681003438],[-91.2826938878509,30.7221026869144],[-91.2755664711304,30.7191082409569],[-91.2646880176685,30.718508091536],[-91.2540307626672,30.7196253338369],[-91.2430402048477,30.7241114498118],[-91.227807831901,30.731966889579],[-91.2155183245537,30.7376968401429],[-91.1979371275319,30.7416047383335],[-91.1866686561164,30.7409621505201],[-91.1807720858453,30.7373884053501],[-91.1761388100701,30.7329050005999],[-91.1676817870161,30.7236682910494],[-91.1614652107897,30.711567529379],[-91.1571686792785,30.6958952765014],[-91.1550792931491,30.6855147218135],[-91.1534956351684,30.6778977231558],[-91.1519458095379,30.6699436151316],[-91.1476693652548,30.6580111339745],[-91.1422500528263,30.6497172688123],[-91.1333154682992,30.6414541115549],[-91.1267034761426,30.6412129281045],[-91.1130091626928,30.6376282816608],[-91.1049847691779,30.6359014547446],[-91.1010324074049,30.6324934127024],[-91.1035744150802,30.6265985011586],[-91.1052411681229,30.621646231629],[-91.1067568990951,30.6143008784097],[-91.1094839965498,30.6026427669452],[-91.1123100308566,30.5977924635087],[-91.1181458588448,30.5901474084012],[-91.1215090093347,30.5799047374034],[-91.1228707888301,30.5701656700817],[-91.1213577914314,30.5618733126633],[-91.1098441859445,30.5560994315624],[-91.0919605189799,30.5555412388582],[-91.0793537949463,30.5568066626312],[-91.0700421362905,30.5563224222993],[-91.0613397545864,30.5497716792082],[-91.0538319085295,30.5429860220806],[-91.0489827226758,30.5330359062467],[-91.0532252995743,30.521852715431],[-91.0624364924454,30.515529968188],[-91.0853895519841,30.504302697831],[-91.0907825761142,30.5010395579626],[-91.0934709786381,30.4975371903815],[-91.0906834164799,30.4942308864122],[-91.0874087518421,30.4919013875538],[-91.0814639312605,30.4889955170914],[-91.0725120218248,30.4888830337843],[-91.0205457402799,30.5056866524044],[-91.0146826870505,30.5058441279587],[-91.0094438605355,30.5036768622291],[-91.004795702371,30.4995219471864],[-91.0030900280219,30.4932494547381],[-91.0022006348052,30.4788893490814],[-91.0036260626334,30.4222318282572],[-91.0055176298558,30.4111794430924],[-91.0098254361221,30.39932255863],[-91.0174554359896,30.385381572429],[-91.025549910673,30.3745417341842],[-91.0348812532133,30.3668718605404],[-91.0419302497045,30.3586579281447],[-91.0487269354835,30.3490608976802],[-91.0483971899938,30.3367895570275],[-91.0395997485662,30.3275052822144],[-91.0346885178724,30.3260477631392],[-91.0264904081479,30.3263373480409],[-91.0056968698062,30.3319627441288],[-90.9968963076313,30.3304957071645],[-90.9771982629819,30.3290716534293],[-90.9680126873678,30.3275674710734],[-90.9582604841169,30.3239710557358],[-90.9526253253901,30.3142823133875],[-90.952818308666,30.3085181478431],[-90.9565142256799,30.3027288767116],[-90.9622163897437,30.3001804945675],[-90.9688706943468,30.2997577986414],[-90.9977453018131,30.3026854899906],[-91.0098297695951,30.3024056602639],[-91.0346238131209,30.2916949053004],[-91.0367718430687,30.285764909262],[-91.0359038728749,30.2788860071757],[-91.0272619945017,30.2719942391762],[-91.0199265189782,30.2675987233406],[-91.0033447516089,30.2623761108305],[-90.9912995716459,30.2623182861745],[-90.9649773276334,30.2650588096926],[-90.9512091196667,30.2628007725524],[-90.9464046312865,30.2603277599087],[-90.9318563954973,30.2542555566333],[-90.9210154664614,30.2461349588697],[-90.9185475859667,30.2397900327797],[-90.9218127167844,30.2305615566137],[-90.9257897085659,30.2258187768889],[-90.9333000088201,30.2207143240218],[-90.9470268637411,30.2117477432333],[-90.9652784465099,30.1963835349998],[-90.9686590368928,30.1820619796617],[-90.9646706526769,30.1714996323634],[-90.9587034730279,30.165180744294],[-90.9533494142215,30.1643588421285],[-90.9455506604381,30.1646769137359],[-90.934107020237,30.1741895540721],[-90.9067966482767,30.1907699422445],[-90.88872255554,30.1966160778855],[-90.8664711062893,30.197657676654],[-90.8521167188535,30.1936309408689],[-90.8399629379625,30.1870813777685],[-90.8303646385777,30.1758931365958],[-90.8143431666208,30.1602509815416],[-90.8090127622525,30.1515993668033],[-90.8046128391437,30.133847918597],[-90.8097732849552,30.1251354654125],[-90.8148703815728,30.1208392830057],[-90.837259803068,30.1106381233598],[-90.8384744996053,30.1063266031896],[-90.8373474705549,30.1021416477468],[-90.8150779292344,30.0997669528373],[-90.7950132039641,30.0986098633014],[-90.7818649970367,30.0943418721504],[-90.7662383678848,30.0915450157821],[-90.7541503751137,30.0958756574457],[-90.7520242999914,30.1014632281516],[-90.7522131186776,30.1147482491768],[-90.7427093606882,30.1203361335383],[-90.7317638219392,30.1172851726302],[-90.7235055861761,30.1069968925472],[-90.7139365062925,30.0680085703256],[-90.7107523702758,30.0612497379338],[-90.7020121973459,30.0519347058866],[-90.691180274819,30.0478683507474],[-90.6754953126659,30.049473987655],[-90.6558614382704,30.0442449685677],[-90.6511453342328,30.0410836625395],[-90.6428324099335,30.0202342274734],[-90.6357457560656,29.9726172067093],[-90.6278578148458,29.9664359206055],[-90.6223429647901,29.9672812674728],[-90.6151164468258,29.9734105307705],[-90.5889251017233,29.9940938573665],[-90.5739098264279,29.9967666526968],[-90.5532384176422,29.9978835860603],[-90.5397970634882,29.9966161918049],[-90.5311009484314,29.9981771697735],[-90.4929667971723,30.0214504148716],[-90.4780357371382,30.0305822500936],[-90.4698896165124,30.0342319210947],[-90.4596871767428,30.0353033182094],[-90.4487600884914,30.0322212968771],[-90.4381638614372,30.0223637356473],[-90.4333935898863,30.0161236300959],[-90.4252561739356,30.0160273065512],[-90.4139548493335,30.023794891903],[-90.4019548770871,30.0308137300402],[-90.3910084957184,30.0352098059749],[-90.3905884102538,30.0355098428754],[-90.3831511915412,30.035311441927],[-90.3721756912826,30.0350618033424],[-90.3610111675218,30.0337208354928],[-90.3436364976754,30.0304406233406],[-90.3361252011896,30.0301302980906],[-90.3303341173874,30.0311013927274],[-90.3167962814769,30.0356226227386],[-90.3020649591513,30.0390220370255],[-90.2907695337856,30.0360524915524],[-90.2842078490816,30.0260368701562],[-90.2830340519408,30.0170792539988],[-90.2829224039274,30.0039365631302],[-90.281184461195,29.9917079664222],[-90.2745855988146,29.9849035161568],[-90.2588487805134,29.9806943922059],[-90.2332830194798,29.9798128966507],[-90.2180095656769,29.9769823136],[-90.2108550917,29.9725310218546],[-90.2035573238589,29.9637768068727],[-90.2025208557689,29.9508102694885],[-90.2015708639997,29.9426764190792],[-90.1887369461492,29.9315023991355],[-90.1737609999953,29.926013039213],[-90.1505436812528,29.9205147754963],[-90.140905848809,29.9192978627203],[-90.1303455130437,29.920937648129],[-90.1195358130403,29.9276444771579],[-90.1068477726088,29.9403296603812],[-90.097184043532,29.9476835247294],[-90.0874785365062,29.9526199210959],[-90.074378746976,29.9550745407251],[-90.0589380843593,29.9538103734849],[-90.0495314692864,29.9504632294466],[-90.0387221331008,29.9432227435189],[-90.0304153820241,29.929099517358],[-90.0259397938189,29.9151434516159],[-90.0188573512531,29.9101480611386],[-90.011394610505,29.9085991132512],[-90.0046035850107,29.90926125172],[-89.9996917749035,29.9122553390816],[-89.9686294445303,29.9362211643147],[-89.9620862004424,29.9401221794462],[-89.9560143167571,29.9397809349256],[-89.9505989102034,29.936288368255],[-89.9492586211045,29.9318645801581],[-89.944806327113,29.9032688370661],[-89.9416910227083,29.9010790392846],[-89.9337671955895,29.8954563529333],[-89.9194506416002,29.8924059125234],[-89.9055669408306,29.8936865642242],[-89.8926829895137,29.8969429379845],[-89.8795603585208,29.9023182633197],[-89.871629394287,29.9076816728698],[-89.8660240982553,29.9140843216226],[-89.8646552409338,29.9262779833439],[-89.865387252906,29.9306415329247],[-89.8642218280637,29.9382980852022],[-89.8587766621212,29.9406334419176],[-89.8450151483999,29.9406395946188],[-89.8359488753438,29.9370379223786],[-89.8306309126422,29.935425018872],[-89.8225615162266,29.9311190485145],[-89.7960290808107,29.9144741545663],[-89.7811374370546,29.9083956332189],[-89.7715643704478,29.9066125164747],[-89.7604832498713,29.9073551168897],[-89.745808431577,29.9074599283886],[-89.7377056789182,29.9047027699182],[-89.6508754353452,29.9455609222645],[-89.6493724272125,29.9418731334809],[-89.6468471919819,29.9363396004375],[-89.6463357999553,29.9354160664714],[-89.644306592865,29.9317215054604],[-89.6396526306855,29.9275283834078],[-89.6344569475587,29.9237853312212],[-89.6271635401399,29.9200119920569],[-89.6187790497569,29.9175927927639],[-89.607746818193,29.9165056430216],[-89.5940058974513,29.9185788767965],[-89.581295499749,29.9220413658122],[-89.5728041619495,29.9251151116914],[-89.5664412780111,29.9268455483378],[-89.5606273698142,29.9276690296697],[-89.5569116880674,29.9289833926073],[-89.5553173823556,29.9298740909928],[-89.5489315365803,29.9329756828679],[-89.5425229490551,29.9369953361028],[-89.5366407922528,29.9410229591572],[-89.532940194118,29.9414219109115],[-89.5287672240775,29.9395213473651],[-89.5246241769192,29.9362478002133],[-89.5210001673488,29.9334393232167],[-89.5194593428375,29.9315831926395],[-89.5195126910873,29.9288369466636],[-89.5216487321194,29.9274971962152],[-89.5258984119969,29.9261923250966],[-89.530147860109,29.9244297445526],[-89.5349467843243,29.9217593977317],[-89.5386625900386,29.9204447424202],[-89.5418518069266,29.9191226707406],[-89.5450254901467,29.9182586297586],[-89.5471539116685,29.9173750576152],[-89.5487715178821,29.9155708342769],[-89.5499158466882,29.9114660082949],[-89.5505491868113,29.9064405329889],[-89.5501444257072,29.9004791404262],[-89.549168092639,29.8968001168255],[-89.5471537616498,29.8926448164122],[-89.5440794859991,29.8884730533871],[-89.5404550614071,29.8856672462201],[-89.5368310428536,29.8828591620861],[-89.5337260789561,29.8805183758588],[-89.530613480277,29.8781778454709],[-89.5285460929906,29.8763120598586],[-89.5259441362448,29.874896658535],[-89.5243804541011,29.8744117234491],[-89.5228696297271,29.8711804023614],[-89.5213587649288,29.8679501622345],[-89.5187956010303,29.8647015774914],[-89.5151715690021,29.8618936665177],[-89.509456876135,29.8585940136764],[-89.5011182878664,29.8547917563059],[-89.4938092497617,29.8519221989891],[-89.4901397090812,29.8514041032766],[-89.485371075159,29.8526994068578],[-89.4816714849339,29.8535516174581],[-89.4780012453641,29.8530329949508],[-89.4749034661923,29.8502321972134],[-89.4717832866305,29.8483474589996],[-89.4670673820188,29.8473540121251],[-89.4639173649149,29.8473005213743],[-89.4581035582276,29.8481188740552],[-89.4470249098147,29.8493015539746],[-89.4369852959786,29.8509627842283],[-89.4285168930665,29.8531068961679],[-89.421078511934,29.8561857413347],[-89.4125709712217,29.8597038877772],[-89.4056285688221,29.8641637117602],[-89.4013798510403,29.8659233099511],[-89.4008223475918,29.8672869414888],[-89.3992196965311,29.8681754260906],[-89.3981445802226,29.8690720167215],[-89.3980909112743,29.8713609779745],[-89.3975265806296,29.8731848112787],[-89.3974573088431,29.8759319716378],[-89.3979225220743,29.8786891603928],[-89.3988992548928,29.8819104141033],[-89.3988304870612,29.8851173759887],[-89.3992278828783,29.8906206334379],[-89.3996472299276,29.8952088564509],[-89.3990292267414,29.8993192250066],[-89.3968160006635,29.9038613477981],[-89.3951608394811,29.9070376175801],[-89.3929946330219,29.9097487418505],[-89.3913617311939,29.9120110269713],[-89.38917982937,29.9151779136949],[-89.3880275136427,29.9192793329187],[-89.3879361244356,29.9234000231523],[-89.3884084505271,29.925696917468],[-89.3883860824765,29.9266142308016],[-89.3888355608172,29.929827161439],[-89.3876757100212,29.9343864026866],[-89.3859904103611,29.9389375416345],[-89.3832742903192,29.9425540135843],[-89.3821610414252,29.9452822682771],[-89.3804825384185,29.9493742663687],[-89.3798567630084,29.9534857986862],[-89.3803215001325,29.9562416946921],[-89.3802228866739,29.9603626979133],[-89.3811848179514,29.9644996048761],[-89.3857608943992,29.9714491166678],[-89.3883336828477,29.9742420984609],[-89.3882719344517,29.9769898024599],[-89.3866083344956,29.9806258114469],[-89.3844649784821,29.9819608560282],[-89.3802303723351,29.9828016060659],[-89.3760260609727,29.9822694785392],[-89.3723265524943,29.9826626274355],[-89.3691218477525,29.9844387082295],[-89.3653766581453,29.9866613703021],[-89.3643147039524,29.9870992576738],[-89.3600580890809,29.988856470735],[-89.3568383779823,29.9910892292691],[-89.3515065884118,29.993742218717],[-89.3466840834203,29.9968612608066],[-89.3413503525905,29.9995123922358],[-89.3365371110263,30.0021744141155],[-89.3322874904376,30.003471439014],[-89.324855565497,30.0056268905532],[-89.3152349465706,30.0109474979857],[-89.3109325508573,30.0145312573095],[-89.3092839806142,30.0172504363292],[-89.3051034521489,30.0158004980116],[-89.3057135816017,30.0121475215956],[-89.3058285605681,30.0075685428938],[-89.301655409068,30.0056617460191],[-89.2984585924327,30.0069777973324],[-89.2962613213326,30.0105996979999],[-89.2904857235876,30.0091194483433],[-89.2831686284931,30.0066951117458],[-89.2758748321039,30.0028966246322],[-89.2695206222978,30.0041518115109],[-89.2668273464136,30.0063916247202],[-89.265621891744,30.0123229199222],[-89.2617989313893,30.0177442318022],[-89.2653389969896,30.0237629431416],[-89.2690703049308,30.0224597745892],[-89.2687581664207,30.013755793138],[-89.2735411940487,30.0120121879223],[-89.277737444828,30.0130053194984],[-89.277042572803,30.0198621729982],[-89.2748223201029,30.0243985393261],[-89.2715805400927,30.0275436078401],[-89.2662856901451,30.0283603369309],[-89.2608833118579,30.0332966820122],[-89.260197153491,30.0396956434528],[-89.2589767041427,30.046540146323],[-89.2546955490942,30.0487513652347],[-89.2510340537254,30.0477670052755],[-89.2474406829945,30.0435780712892],[-89.2411923800689,30.0402538828269],[-89.2348600388501,30.0405919429889],[-89.2328304221281,30.0373492437109],[-89.2328614310734,30.035975385999],[-89.2350270428479,30.0337262879429],[-89.2398335326746,30.0315269741581],[-89.2446324613814,30.0293289578269],[-89.2468830133576,30.023875678038],[-89.2464415372096,30.0202054090092],[-89.2385607753255,30.019138647037],[-89.2306264370195,30.0199059635848],[-89.2248649410279,30.0184211088955],[-89.2250407125829,30.0115562237861],[-89.224605998054,30.0078853136647],[-89.2262302140714,30.0060844766709],[-89.2319909635631,30.0075692375625],[-89.2361572276799,30.0099381914502],[-89.2398123090776,30.0113800757884],[-89.2419253900693,30.010962201435],[-89.2462039885125,30.008753614228],[-89.2493778576838,30.0083551949408],[-89.2536134241299,30.0075189304649],[-89.2567099896779,30.01032511505],[-89.2598385011139,30.011756285583],[-89.2610745739617,30.0044522372359],[-89.2585113552659,30.0016568393072],[-89.2559167305695,29.9997764769029],[-89.2586790877975,29.9947910834981],[-89.2619667016501,29.9898142245781],[-89.2662620554699,29.9866892391521],[-89.2752958193942,29.9836503921232],[-89.2785688715561,29.9791313442023],[-89.2728083421517,29.9776514819287],[-89.2675597114237,29.9766382853217],[-89.2633328999584,29.9770185354295],[-89.2526745265545,29.9818563113104],[-89.2442288537141,29.9821529132226],[-89.2411238035784,29.9798073782088],[-89.2416956692916,29.9779852033947],[-89.2438546443129,29.9761938729431],[-89.2465555109613,29.9734967187532],[-89.2445038486839,29.971166805377],[-89.2398343959555,29.9683329051344],[-89.2424895060166,29.9674669086202],[-89.2472350927619,29.967556578059],[-89.2540710250374,29.9681418048809],[-89.2572525891774,29.9672853795883],[-89.2651866391242,29.9660609157299],[-89.2698866273856,29.9679794196103],[-89.2772262746853,29.9694900941703],[-89.28670845065,29.9696660760451],[-89.2888839115533,29.9674145951845],[-89.2856868918988,29.9682737882433],[-89.2835809120894,29.9682357414295],[-89.2804757927834,29.9658869010645],[-89.2789953988395,29.9617375007908],[-89.2764561651619,29.9580253427506],[-89.2723198113507,29.9547424935271],[-89.2702911333682,29.9514992376687],[-89.2703366761564,29.9496681935104],[-89.2724648524382,29.9487926122697],[-89.2751125244487,29.9483825944416],[-89.2793167378948,29.9489203535555],[-89.2829857611457,29.9499024152038],[-89.2856403007765,29.949036447253],[-89.2862670616385,29.9449263313464],[-89.282109639639,29.9425579453524],[-89.2784158902599,29.9429469880096],[-89.2763408960396,29.9415359606638],[-89.2726255790088,29.9423834256105],[-89.2694739566155,29.9418662335735],[-89.2674377076317,29.9390807484109],[-89.2620888904951,29.9421858698802],[-89.2609221451293,29.9467432301189],[-89.2634781602348,29.9499978642112],[-89.2644541276887,29.9532215699082],[-89.2633551745841,29.9550338962874],[-89.2612423810533,29.954994574971],[-89.2597013122003,29.9535916940782],[-89.2587012097097,29.9512839179665],[-89.2582442807421,29.9485257876199],[-89.2562299012439,29.9448250083655],[-89.2556882674332,29.9452732490433],[-89.2515459829446,29.9424464359605],[-89.2494018489901,29.943780774493],[-89.2460741487162,29.9505879439147],[-89.2431991202939,29.9601527348243],[-89.2316097023868,29.9599308776515],[-89.2306034922506,29.9580808855936],[-89.2317003316192,29.956270909985],[-89.2322741484733,29.9544490001217],[-89.2323351413861,29.9521596687421],[-89.2367283280286,29.944914556561],[-89.2373697718538,29.940347505915],[-89.2353709718376,29.9361868247333],[-89.2317235791204,29.9342865799968],[-89.2285425090538,29.9351411183944],[-89.2274670891148,29.9360359046546],[-89.2268947131584,29.9378580599975],[-89.2262923155053,29.9410531356065],[-89.225666453857,29.9447043460104],[-89.2271008558549,29.950686992912],[-89.2228286453317,29.9528954162849],[-89.2191053431764,29.9541987650325],[-89.2117131282629,29.9549738452891],[-89.2096133001167,29.9544738410019],[-89.2097056056054,29.9508128738449],[-89.2114069770242,29.9462648500072],[-89.2131463606543,29.9398858617483],[-89.2121244075427,29.938491507323],[-89.2100571909362,29.9370775473872],[-89.2068834744784,29.9374767990994],[-89.2057691098769,29.9397445508436],[-89.2062506526833,29.9415859649087],[-89.205059447989,29.9470587751629],[-89.2028617627655,29.9506811910898],[-89.1944235845695,29.9509764492351],[-89.1917076980896,29.9541305115603],[-89.1875117096183,29.9531323171752],[-89.1866039027349,29.9476191057264],[-89.1883133158722,29.9426135357562],[-89.1930964755525,29.940873882724],[-89.1994068278097,29.9414539982668],[-89.1984903387091,29.9359411459812],[-89.1932940662875,29.9330910369281],[-89.1844152536648,29.9301719807653],[-89.184490761556,29.9274254241393],[-89.1882063373016,29.9261225124495],[-89.1929440467202,29.9262141406143],[-89.1950269533015,29.9271691753971],[-89.2060512356734,29.9287562879499],[-89.210239725907,29.9297540870325],[-89.2202496585078,29.9299448227673],[-89.2265666915358,29.9300652321021],[-89.2318923357314,29.9278768853539],[-89.2388279693253,29.9243444615361],[-89.2416957483434,29.9147798541548],[-89.2458760881624,29.9162329287311],[-89.2468454413209,29.9194573914076],[-89.2489133586134,29.9213281759851],[-89.2536122509302,29.9227888737252],[-89.2562453989792,29.9228388040846],[-89.2594258725645,29.9219822556571],[-89.2615781775948,29.9206485902405],[-89.2642796272498,29.9179521303209],[-89.2648503826453,29.9161296899346],[-89.2633175270889,29.9142700184681],[-89.26016618497,29.9137524350483],[-89.2570081854364,29.913693966243],[-89.2517208669641,29.9140528405654],[-89.2485773276116,29.9135357193081],[-89.2481494896862,29.909405483103],[-89.2461965783097,29.9034137771948],[-89.2446402434867,29.9024675649257],[-89.2414892975248,29.9019505540614],[-89.2377969629922,29.9023381426984],[-89.2383925208728,29.8995997917958],[-89.2401393039259,29.8927646112047],[-89.2281842609185,29.8865819678259],[-89.2256815850796,29.8814966578451],[-89.2184032145605,29.8776932737372],[-89.2070052411152,29.8706036765013],[-89.1992075913612,29.8667891570983],[-89.1971705563516,29.8639993884433],[-89.2008853218167,29.8626982999062],[-89.2029995005497,29.8622815308617],[-89.2056014671769,29.8637058511114],[-89.208736460856,29.8646811663253],[-89.2150230284195,29.8657191336059],[-89.2228661715544,29.8677010885499],[-89.2248732585291,29.8718609471448],[-89.2315948146076,29.876571582416],[-89.2398731384971,29.8826833779421],[-89.2483411263875,29.8810103847746],[-89.2511647253616,29.8732743826203],[-89.2477226219413,29.8635909970793],[-89.2431148780831,29.858463784249],[-89.2374087901782,29.855150868415],[-89.2301289455236,29.8513467393202],[-89.2275814545319,29.8480915920525],[-89.2276729479436,29.844429025976],[-89.2287871948658,29.8421597872195],[-89.2335322390286,29.8417906429217],[-89.2398187131673,29.842827117649],[-89.2429853032899,29.842428466105],[-89.2446027253488,29.8410852748355],[-89.2452503064641,29.8360563059862],[-89.2380111330341,29.8308818235549],[-89.2323497201448,29.825734676105],[-89.2319675974842,29.8202290933405],[-89.2272540266957,29.8192240455937],[-89.2225076629077,29.8195915531919],[-89.2193800452953,29.8186150906637],[-89.2183655562854,29.8172202367645],[-89.2220879780917,29.8154593072449],[-89.224216574785,29.8145838342983],[-89.2259180162725,29.8095763065316],[-89.2254066601785,29.8091090237609],[-89.2280699296373,29.8077856273544],[-89.2296562385464,29.8073580751455],[-89.2338907359973,29.8065206297347],[-89.2355311935551,29.8038037216743],[-89.2330446730183,29.7982588218712],[-89.220532048409,29.7938955526045],[-89.1994975495686,29.7934912410492],[-89.1828348960945,29.7867541370754],[-89.1770674873917,29.7861832442471],[-89.1740155142145,29.7819994114339],[-89.1735266097143,29.7806165935141],[-89.1709789597208,29.7773583107572],[-89.170513545267,29.7750604339661],[-89.1689956448635,29.7727380619631],[-89.1632116900914,29.7726256858719],[-89.1631201023566,29.7762885559739],[-89.1610072684016,29.7767045312799],[-89.1578641826984,29.7761854047466],[-89.1532176522812,29.7728851175686],[-89.1491282453251,29.7682231760793],[-89.1487161746295,29.7640910535751],[-89.1565291541338,29.766994646377],[-89.1622435649299,29.7693986542125],[-89.1686751538179,29.7649443361724],[-89.1719090843491,29.7618002105529],[-89.1776626688781,29.7632865277611],[-89.1806458903933,29.7697592115796],[-89.1884496289283,29.7731180422395],[-89.1957814716648,29.7741765287327],[-89.2016711446711,29.7701669282833],[-89.2065318541133,29.7652202602144],[-89.2067158569313,29.7578934899955],[-89.2121547445482,29.7506671740281],[-89.2177014416773,29.7393183061865],[-89.2219123987762,29.7389400783264],[-89.2234464086678,29.7408022065399],[-89.2238278234559,29.7463093979407],[-89.2231565995807,29.7522526801475],[-89.2214774228376,29.756346261634],[-89.2202956423689,29.7613633737828],[-89.2222717042286,29.7664393785777],[-89.2221110567097,29.772850966591],[-89.2294124196086,29.7752811314754],[-89.2331817092183,29.7716874637879],[-89.2333640896788,29.7643617326628],[-89.2386296213105,29.7640032044226],[-89.2437632802586,29.7691402887843],[-89.2441608683151,29.7741877786492],[-89.2414899218539,29.7759683723274],[-89.2391704915532,29.7846288957176],[-89.2438100537388,29.7883827829212],[-89.2442055891449,29.7934299506332],[-89.2483025868652,29.7980893745604],[-89.2644153375364,29.8057233565184],[-89.267413951684,29.8121943077006],[-89.2720677872011,29.8154859902224],[-89.2794542439136,29.8147087320855],[-89.2857706840535,29.8143670683101],[-89.2915237709158,29.8158473308929],[-89.2978708355221,29.8145894515298],[-89.3015184123939,29.8160323634413],[-89.3051641486177,29.8174749341993],[-89.3136563550881,29.8144218798755],[-89.3183552240487,29.8158810369693],[-89.3191645621023,29.825977054885],[-89.3247420480894,29.8347821038446],[-89.3269848152654,29.8288670381807],[-89.3266329272023,29.821530425067],[-89.3241153635843,29.8169036944683],[-89.3294188229856,29.8151701743001],[-89.3321046221918,29.8129267146051],[-89.3322260672317,29.8078889042472],[-89.3318595680705,29.8010116620234],[-89.3382379129133,29.7983772238746],[-89.3428465452053,29.8034990952128],[-89.3490799855045,29.8068178716129],[-89.3481180272774,29.8031363052592],[-89.3494683784058,29.7903328756825],[-89.3426940705588,29.7879192431275],[-89.3358267179097,29.7891709684055],[-89.3316003843481,29.790010214149],[-89.3278545281909,29.7926900611829],[-89.3225602621482,29.7939680194879],[-89.31365634341,29.7924332105591],[-89.3073614960746,29.791858031972],[-89.3025406116439,29.7954349572334],[-89.3007856898543,29.8027316654564],[-89.3065834607154,29.8023831494169],[-89.3113905757695,29.7992644451569],[-89.3177448188132,29.7975474051917],[-89.320317038628,29.7998842270813],[-89.3192021718682,29.8026142359742],[-89.3159757710157,29.8053038312114],[-89.3111699495357,29.808420596513],[-89.3063931148933,29.8101662769457],[-89.3006333625316,29.8091437430628],[-89.2932933999232,29.8080925136777],[-89.2875637438185,29.8056960933393],[-89.2865870622039,29.802470946189],[-89.2829861492179,29.7991973577706],[-89.2793780092854,29.796379351474],[-89.2762343154227,29.795865086955],[-89.2704122343533,29.7971290593545],[-89.2656976269089,29.796583279783],[-89.2646754411336,29.7951892014009],[-89.2679338830958,29.7911283599806],[-89.274288364193,29.7894152562004],[-89.2749144360471,29.7853045352772],[-89.2801554427732,29.7858586295992],[-89.2853592691281,29.7882469516359],[-89.2911342317642,29.7888122350646],[-89.2969708996772,29.7866277277616],[-89.3022358042848,29.7862679117498],[-89.3085906851324,29.7845503883816],[-89.3097034417495,29.7818225149281],[-89.307713071524,29.7772036611606],[-89.3072704095997,29.7739880441013],[-89.3120620385966,29.771326382352],[-89.3116490677891,29.7667388082732],[-89.3111998292987,29.7635224770245],[-89.3154031704806,29.7635992798045],[-89.31852363391,29.765032047255],[-89.3216524372985,29.7660044070215],[-89.3263441368048,29.7679213561262],[-89.3247417974595,29.768810930906],[-89.322064145973,29.7710516681497],[-89.3204312710945,29.7733131250651],[-89.3224993563719,29.7747240374951],[-89.3261457762137,29.7761660000407],[-89.3298221755314,29.7762336127971],[-89.3366363335427,29.7772727998768],[-89.3403447434272,29.775963697941],[-89.3399318355018,29.7713740243037],[-89.3394511676545,29.7695331667554],[-89.3374297561443,29.7658326140794],[-89.3369940786214,29.7621580120843],[-89.3407020025174,29.7608522842288],[-89.3439226918813,29.7581602101361],[-89.3392068447619,29.7576165857728],[-89.3298003042491,29.7551561917376],[-89.3220630383502,29.7490587372581],[-89.3206064955755,29.7439916812031],[-89.3232774788677,29.7422067870575],[-89.3269470590741,29.7427326008584],[-89.3316160851026,29.7451081405514],[-89.3373693776791,29.7465861087772],[-89.3446542762555,29.7494670014673],[-89.3467828370161,29.7485900621405],[-89.3510404436277,29.7463750388683],[-89.3505683367251,29.7440740460425],[-89.346943586943,29.7417187426312],[-89.3417096885856,29.7407089620735],[-89.3370107064373,29.7392482458401],[-89.3365531118181,29.7364910447975],[-89.334034089336,29.7318638655125],[-89.3336299983752,29.7268160928943],[-89.3351938215544,29.7273021246447],[-89.338345045994,29.7273588927612],[-89.3414955023742,29.7274166468818],[-89.3493693984345,29.7280174156993],[-89.3567624927986,29.7263178689407],[-89.3599591863647,29.7245414435899],[-89.3673213625134,29.7246729660863],[-89.3709385996848,29.7274877873376],[-89.3745156471287,29.7316745212395],[-89.3796659940798,29.7363484271539],[-89.3833054367067,29.7377864904166],[-89.3843353641631,29.7387213997644],[-89.3859144685836,29.7387482389183],[-89.3896521455801,29.7360653215058],[-89.3929021029543,29.7319985454394],[-89.3960615820132,29.7315967321861],[-89.4044460526332,29.732659431902],[-89.4077193706965,29.727675950655],[-89.4114958243705,29.7231590224622],[-89.4156845068436,29.7241487715316],[-89.4176985952876,29.7278492404527],[-89.4202393722709,29.7315577050266],[-89.4238167835325,29.7362035121382],[-89.4300346039256,29.7399768535792],[-89.4346511503752,29.7450942378646],[-89.4314692322989,29.7464147559725],[-89.4278309961094,29.7445210266579],[-89.4215441931874,29.743493878719],[-89.4198954872987,29.7466738530864],[-89.4182792025069,29.7484786151565],[-89.4155776657153,29.7516401481466],[-89.4170723249058,29.7553286409222],[-89.4207268071272,29.7563091820761],[-89.4238933137065,29.7559072252503],[-89.4301956161605,29.7560159796648],[-89.4332925230682,29.7588186415666],[-89.4368631987618,29.7634618576153],[-89.4362455971225,29.7675740873852],[-89.4360471395133,29.7762736338511],[-89.4407394822134,29.7781861877531],[-89.4449805247894,29.7764276010778],[-89.4460864398374,29.7741575478097],[-89.4456675751834,29.769568056521],[-89.4447068018341,29.7654277478248],[-89.4401130061174,29.7593925571011],[-89.4397015220217,29.7543472447827],[-89.4444396832928,29.753968606463],[-89.445567819966,29.7503212446543],[-89.4498483372106,29.7471869866268],[-89.4551203825264,29.7463611480564],[-89.4562033653818,29.7450048761061],[-89.4530908125168,29.7431187373484],[-89.4494517229278,29.7412246509497],[-89.4521672707429,29.7376049847504],[-89.4511459482486,29.7362129964444],[-89.4506802571137,29.7334568032466],[-89.4533500169005,29.7316683525344],[-89.4559970780566,29.7307972578212],[-89.4628035231329,29.7318293269085],[-89.4706847629207,29.7319623157191],[-89.476467678342,29.7320600551981],[-89.474414700931,29.7297342427315],[-89.4650161608142,29.7268254376706],[-89.4556469650645,29.7230002551971],[-89.4541518701911,29.719311038297],[-89.4522138295257,29.7119470981866],[-89.4513134678794,29.7050592841334],[-89.4477656561064,29.699499959034],[-89.4388845366101,29.6970563156786],[-89.4314932487581,29.6987620517975],[-89.4262658380337,29.6977549969401],[-89.425334968702,29.6922398365979],[-89.4212080831339,29.688960782783],[-89.4175152302735,29.6898133021649],[-89.4116557999496,29.6933785734397],[-89.4047969049388,29.6946322206549],[-89.4038125112875,29.6918637357451],[-89.4080853389533,29.6887338456903],[-89.4023177236379,29.6881746968341],[-89.3923615794614,29.6870821579946],[-89.3955957336731,29.6834746081347],[-89.3950918847999,29.6825489654898],[-89.403514731449,29.6817798649792],[-89.4113885179149,29.6819171095176],[-89.4299513884892,29.6739897529992],[-89.4274029982839,29.6707370173537],[-89.4195595317555,29.6692278704748],[-89.3959994248837,29.6660674298185],[-89.3918493528998,29.6637009550462],[-89.3851447552173,29.6585428560108],[-89.3804439737434,29.6575437026045],[-89.375187303992,29.6579081575799],[-89.3721202328298,29.6541863333143],[-89.3642771669499,29.6526714648506],[-89.3589215019558,29.6571606288864],[-89.354617703074,29.6616661874881],[-89.3499717529685,29.6583739133967],[-89.3426787390119,29.6554929695633],[-89.3448525443201,29.6527822484416],[-89.3506358558985,29.6524290572063],[-89.3523364107488,29.6469602528581],[-89.3481946176386,29.6445925573468],[-89.3413200245682,29.6463022517865],[-89.3334386940506,29.6466183132191],[-89.3266722734118,29.6442033789296],[-89.3278166830663,29.6400997276386],[-89.3195457594981,29.6349078662524],[-89.3123442712926,29.6288167198902],[-89.3020435746955,29.6203792953991],[-89.2937743363668,29.615185134485],[-89.289715588013,29.6096083041354],[-89.2892430615971,29.6073076430365],[-89.2981457307788,29.6079315714894],[-89.3012206711829,29.6111959162793],[-89.30327259487,29.6130671149164],[-89.3042343931969,29.6167522869195],[-89.307858832162,29.618653220423],[-89.312527338066,29.6210291662516],[-89.3145709981508,29.6233592000861],[-89.3203547175643,29.6230056010901],[-89.3250389107481,29.6244649221103],[-89.3307616273673,29.6268617434103],[-89.3380398119352,29.6297434058618],[-89.3426931291244,29.6330360760457],[-89.3489274057552,29.6358974226365],[-89.3556478182783,29.6401435303792],[-89.3629650247639,29.6416497484207],[-89.3681913098992,29.6426603164661],[-89.3745076476311,29.6418547830257],[-89.3803143881704,29.6405823882526],[-89.3866090037405,29.6406959756032],[-89.3896987340074,29.6434999416585],[-89.3912162652034,29.645817680051],[-89.3937649087336,29.6490705054969],[-89.3984723260624,29.6500697516169],[-89.4063388837853,29.6502067646243],[-89.4100083202612,29.6507297898569],[-89.4162259600929,29.6540447900799],[-89.4209325572599,29.6550428775057],[-89.4215286685027,29.6518455889625],[-89.4184466853068,29.6490435939738],[-89.4200785468856,29.6463204902257],[-89.4227100186783,29.6459086181365],[-89.4268848688926,29.6473555429739],[-89.4299654354453,29.6501593657113],[-89.4346271797302,29.652988315839],[-89.4377033966403,29.6562502187421],[-89.4423411460256,29.6604525906216],[-89.4469717969235,29.6646573683584],[-89.4516951503655,29.664736925756],[-89.4548228326565,29.6657086463686],[-89.4590037330243,29.6666947004504],[-89.4626120032126,29.6695064899149],[-89.4693408275601,29.6742026625775],[-89.4761015169473,29.6770665844596],[-89.4777495383198,29.6738867408606],[-89.4814488563554,29.672573933892],[-89.489833664742,29.6736285345214],[-89.4934198228995,29.6778141580056],[-89.4959604345928,29.6815229299689],[-89.5000948327716,29.6847984242369],[-89.5068557494326,29.6876612365636],[-89.5126307713575,29.6877550625467],[-89.5168421300033,29.6873678358716],[-89.5205656172116,29.6851374550358],[-89.5211147501582,29.6842298165579],[-89.5201308757332,29.6810074112237],[-89.518596846977,29.6791500842315],[-89.5160337890798,29.6763570814966],[-89.5129209873814,29.6744726186991],[-89.507182704755,29.6725453146372],[-89.4998746125763,29.670592370587],[-89.4946638377528,29.6686708634435],[-89.4889263151011,29.6672001054944],[-89.4800227817401,29.6661339186145],[-89.4716688682127,29.6637020002519],[-89.4701354089885,29.6618438641855],[-89.469136643191,29.659535594516],[-89.4712948699156,29.6568229994669],[-89.4729120817687,29.6550163360484],[-89.4777112718854,29.6518889806398],[-89.4777883194889,29.6482245889855],[-89.4731861676434,29.642646785287],[-89.4706161585824,29.6403115159221],[-89.4669083721287,29.6416241590795],[-89.4642222962414,29.6443298787099],[-89.4600345731691,29.6438008139827],[-89.4578899828705,29.6460559025438],[-89.4599116899264,29.6492989881048],[-89.4629711981722,29.6534747227507],[-89.4587599823585,29.6538584116108],[-89.4541288284041,29.649657556046],[-89.4510619036672,29.645939495017],[-89.4480248703715,29.6408458628959],[-89.4470943468912,29.6357894243287],[-89.4508174163829,29.6335603906008],[-89.4545027215983,29.6331658435471],[-89.4592258459699,29.6332440351928],[-89.4686780703064,29.6329460820646],[-89.467152981584,29.6306287798314],[-89.4646041646788,29.62737795892],[-89.467305025039,29.6237573253525],[-89.4626269898065,29.6218445089466],[-89.455844978906,29.6198968480021],[-89.4522137145414,29.618002033201],[-89.4458728797516,29.6197263247581],[-89.4379848406154,29.620508727789],[-89.4332619794502,29.6204272463849],[-89.4333464507313,29.6167623268227],[-89.434466944538,29.6135726650235],[-89.436656693146,29.6094841334509],[-89.4351476968435,29.6067091035286],[-89.4325906962862,29.6039140757649],[-89.4305531052194,29.6011284511806],[-89.4285168041333,29.5983440322098],[-89.4285775751623,29.5955953067449],[-89.4312022062841,29.5956402395765],[-89.4421817660296,29.5972056430681],[-89.4452712133272,29.6000078911676],[-89.4468198459949,29.6009494543491],[-89.4467501807463,29.6041582989542],[-89.4534497334903,29.6097729689975],[-89.4628493767382,29.6117664736379],[-89.4685482439849,29.6150702094724],[-89.4701437399644,29.6141810571221],[-89.475956037482,29.6124450324716],[-89.484295054247,29.6148777579292],[-89.4879807214836,29.6144808268275],[-89.4911470367217,29.6136169447599],[-89.492253696473,29.610885237222],[-89.492832658877,29.6086033128906],[-89.4928705120864,29.6067699003402],[-89.4882402798034,29.6025670416963],[-89.4846157887361,29.6002175649864],[-89.4789168163865,29.5969135572795],[-89.4779621749375,29.5927712384323],[-89.4837535965062,29.5919512385583],[-89.4863700089414,29.5919972947337],[-89.4895221999684,29.5920485134567],[-89.4901240936666,29.5883913794157],[-89.4917873145337,29.5842941125896],[-89.4970433078537,29.5839235509958],[-89.5027886251871,29.5849351697549],[-89.5043069558837,29.5877112221511],[-89.5037189034274,29.5904521969949],[-89.4989131699822,29.5944964918799],[-89.4935880701657,29.5980748725297],[-89.4930079399519,29.600356609432],[-89.4940387567404,29.6012917833252],[-89.4961050983879,29.6027015043311],[-89.4997754762982,29.6027625464684],[-89.5039633718471,29.6032900545011],[-89.5086104394569,29.6070327706424],[-89.5122193654153,29.6098430212067],[-89.5179640323684,29.6113122796121],[-89.5242046744613,29.6137065194412],[-89.5262341348764,29.6169467184948],[-89.528263374306,29.6201902955262],[-89.5323529312808,29.6252973001159],[-89.5386929989093,29.6235662921097],[-89.5439725667173,29.6218193214285],[-89.5497399870983,29.6223726066774],[-89.5581248341125,29.6229639782048],[-89.5680968748763,29.6226666154911],[-89.5760081606155,29.6209586720074],[-89.5787013448715,29.6177942643794],[-89.5755962938375,29.6154536901077],[-89.5698435447417,29.6144446789169],[-89.5640681877452,29.6148103270162],[-89.5604139310009,29.6138359291616],[-89.5604596444691,29.6115445974163],[-89.5605357739945,29.6078778068976],[-89.5547679098458,29.6077872398277],[-89.5516095159519,29.6081928993782],[-89.5427443316704,29.6057586137707],[-89.5359615122861,29.6038152447393],[-89.5255396338556,29.6004360973475],[-89.5177188605678,29.5980158240364],[-89.5183147229772,29.5948168448376],[-89.5246318871592,29.5940042619877],[-89.5288437237088,29.593156849664],[-89.5366557114731,29.5960341110297],[-89.5424698119094,29.5938379192909],[-89.5388606775419,29.5910276086117],[-89.527882316149,29.5890155530006],[-89.5205886661852,29.5866041275777],[-89.5201380263229,29.583389556868],[-89.5217326087157,29.5824972534454],[-89.5269811639852,29.5821255290502],[-89.5332687026275,29.5826856872788],[-89.5390744999357,29.5809487103362],[-89.5443461122636,29.5796585773522],[-89.5489699090159,29.5843169002548],[-89.5505030888642,29.5861750252514],[-89.5567215111285,29.5899424330185],[-89.5629998591071,29.5905019229356],[-89.5734827070943,29.5915849982596],[-89.5760463210487,29.5943757489076],[-89.5712858357444,29.5956755139131],[-89.5634199894873,29.5955514940122],[-89.5575834374571,29.5986641378403],[-89.5612072754492,29.6010141154758],[-89.5664637053504,29.6006410088393],[-89.5711558450313,29.6020904248315],[-89.574779998332,29.6044411075843],[-89.5820658688856,29.6077638631072],[-89.5883297746493,29.6092388110041],[-89.5930673358459,29.6083968664811],[-89.5941357803667,29.607496306233],[-89.5936554224381,29.6056555653924],[-89.5921216820412,29.6033405770379],[-89.5895503946776,29.6010071522122],[-89.5875061264333,29.5982255019964],[-89.5886425545565,29.5941185400239],[-89.5887264931367,29.5899937824569],[-89.5861858697653,29.5862882302117],[-89.5820280075913,29.5843876154171],[-89.5752225497635,29.5833632293337],[-89.5684092532366,29.5832539662042],[-89.5658382721985,29.5809210001724],[-89.560085808767,29.5794547005734],[-89.5574763879196,29.5789526309806],[-89.5548898282978,29.5770798713085],[-89.5502515911273,29.5733367658279],[-89.5455591828503,29.5718873368056],[-89.5413400106581,29.5731922674773],[-89.5339779009847,29.5739895219648],[-89.5303161675623,29.5734718494765],[-89.5277525050989,29.5706797160162],[-89.5236089396126,29.5683191801882],[-89.5183911040309,29.5668587177663],[-89.5126683523774,29.5649315837487],[-89.5027273798477,29.5638498476556],[-89.5006979751281,29.5606065764657],[-89.5017660261868,29.5597080862244],[-89.5043989532503,29.5592931878743],[-89.5065045126481,29.5588693665892],[-89.5091367246526,29.5584553931003],[-89.5117772209206,29.5575811230332],[-89.5117914951505,29.5566661398891],[-89.511280778657,29.556198007355],[-89.5061386944099,29.5515285408776],[-89.504642128096,29.5478370080985],[-89.5015304349187,29.5464105869155],[-89.4989897432754,29.5427023559538],[-89.498577863921,29.5376540026992],[-89.4970743832744,29.5344192784126],[-89.4913373466113,29.53294799952],[-89.4897496992124,29.5333817260295],[-89.4887661930966,29.5306137934316],[-89.4863169032368,29.5227806728007],[-89.4864471203255,29.5168215659228],[-89.4886057225458,29.5141084355248],[-89.4917644425282,29.5132439025188],[-89.4969991592508,29.5137901522883],[-89.500691113796,29.5124760468131],[-89.5012258916644,29.5120257300476],[-89.4976011769165,29.5101305392372],[-89.4903223311886,29.5072600843445],[-89.4872547929024,29.5040000250784],[-89.4820138104308,29.5039102623832],[-89.4741858676888,29.5024049232791],[-89.4663892743535,29.4995210844363],[-89.4627120593656,29.4999178208396],[-89.4558749619752,29.5007189729885],[-89.4522746239109,29.4979068751157],[-89.4481549194752,29.4946251752381],[-89.4466443071036,29.4918497348903],[-89.4425168358339,29.4890292476634],[-89.4400067695552,29.4839410569719],[-89.4378627092627,29.4861982192866],[-89.4331241150036,29.4870334738381],[-89.4295009381715,29.4851357727796],[-89.4284855167103,29.4837424578813],[-89.4359938460608,29.4760779395975],[-89.4318660648723,29.4732568178643],[-89.4276779303715,29.4731834840519],[-89.4255491055062,29.4745231132445],[-89.423428167849,29.4758601150668],[-89.4207348623204,29.4790230160641],[-89.4155395187567,29.4771000446169],[-89.408222901566,29.4760545550812],[-89.398189949636,29.4795473108944],[-89.3950926295033,29.4776586897367],[-89.3988229537892,29.4749734927469],[-89.4029956049277,29.4755052864175],[-89.4030499943249,29.4732120988695],[-89.4020660570178,29.4704440476864],[-89.3973735050103,29.4694446374981],[-89.4010821331855,29.4676771034721],[-89.3990442762173,29.4653490916836],[-89.3943601144745,29.4638903531931],[-89.3928948086342,29.4592785967418],[-89.3887975890301,29.4550808980784],[-89.3857313515045,29.4518162102392],[-89.3805201257266,29.4508072828863],[-89.3809551196316,29.454482788358],[-89.3819019646023,29.4590850498637],[-89.3813135680912,29.4618258263069],[-89.3766286221192,29.4603660351947],[-89.3746008325705,29.4575796298915],[-89.3736072473572,29.4552690515125],[-89.3720974228081,29.4524922980456],[-89.3705715480597,29.4506304221234],[-89.3701987292505,29.4442046425574],[-89.3660089786805,29.4441307049373],[-89.362293120864,29.4463562346131],[-89.3590514513465,29.4504258346915],[-89.3569139721117,29.4522207952607],[-89.3542980842926,29.4521734168192],[-89.3527801048373,29.4498532236115],[-89.3549545766955,29.4466831640713],[-89.3581972469361,29.4421560510657],[-89.3572276090117,29.4389288534224],[-89.3526348292895,29.4338030166963],[-89.3458373718577,29.4332203233377],[-89.3414807861732,29.4404792436417],[-89.3388102170044,29.442722430781],[-89.3383069834771,29.4417973885644],[-89.3351934200074,29.4403649437465],[-89.3298766664382,29.4439357100961],[-89.3251538106629,29.4443084696129],[-89.3236127409115,29.4429053610651],[-89.325771272165,29.4401931263654],[-89.3274351101747,29.436555566494],[-89.3295787563439,29.4343006125202],[-89.3337677424475,29.434378311063],[-89.338490062827,29.4340051082547],[-89.3411753922142,29.431301212273],[-89.3417630880394,29.4285627066105],[-89.3459890236473,29.4268036843309],[-89.3501326367443,29.4287127193092],[-89.3553664066425,29.4288079283929],[-89.3579452398545,29.4306870063898],[-89.3604925898108,29.4334862196545],[-89.3620341500423,29.4348876628793],[-89.3652539599556,29.4317368879333],[-89.3678859994835,29.4308690460964],[-89.371089874182,29.4281730424794],[-89.3701519054646,29.4235714261435],[-89.3645055258817,29.4188846429191],[-89.3582422713965,29.4178565178326],[-89.3560982596129,29.42010973519],[-89.3518334781572,29.4232441085019],[-89.3497660881758,29.422288422462],[-89.3503383033337,29.4200060829202],[-89.3514599892047,29.4168168374092],[-89.3509945352251,29.4145145249541],[-89.3489657790892,29.4117271576259],[-89.3448070159049,29.4102753808198],[-89.3427472589085,29.4088636540881],[-89.3449285974887,29.4052332817072],[-89.3439907150096,29.4006312651164],[-89.3398713034247,29.3978053875834],[-89.3378342845847,29.3954757906925],[-89.3332488440984,29.3898893385613],[-89.3328521687302,29.3848371518894],[-89.3401379278926,29.3863467622867],[-89.3458608717855,29.3878252059258],[-89.3510321710423,29.3906711676801],[-89.3540076257236,29.3976036576047],[-89.3518259484785,29.4012319397092],[-89.3512386380305,29.403972758156],[-89.3533135720637,29.4049270105802],[-89.3570056775258,29.4036182541481],[-89.3607144350584,29.4018500105329],[-89.3616604823251,29.4059949291216],[-89.3658950327766,29.4042359731683],[-89.3700683684314,29.4047683668167],[-89.3742033145825,29.4071355731992],[-89.3768346740858,29.4062663183876],[-89.3753238542033,29.4039459503915],[-89.3743186259257,29.4020940219153],[-89.3754159809273,29.3998197516438],[-89.3775603601218,29.3975649926791],[-89.3796804497693,29.3966854855028],[-89.3786962941716,29.3939179928577],[-89.3740498257381,29.391082971638],[-89.3709757261572,29.3882766580946],[-89.3694875519047,29.3845817187986],[-89.3663215277207,29.3859004073227],[-89.3637283061928,29.3849365521659],[-89.3659554094452,29.379014812636],[-89.3602099780258,29.3784541530394],[-89.3539467828294,29.3778821852314],[-89.3503917620762,29.3732311643798],[-89.3467829861365,29.3708735213048],[-89.343571862932,29.3740269712284],[-89.3400079605356,29.3698335076807],[-89.3353236191298,29.3688304549963],[-89.3285174678026,29.3687064836351],[-89.320171975981,29.3676378651616],[-89.3174935681131,29.3703397736226],[-89.3132751298445,29.3716382645956],[-89.307972123194,29.3742937167642],[-89.301609035338,29.3778439707449],[-89.2968861193756,29.3782163488483],[-89.2900126240465,29.3812986524785],[-89.2889292450341,29.3826534240913],[-89.2837410493652,29.3807223547016],[-89.2805607689177,29.3824969326119],[-89.277866084475,29.3856573128063],[-89.2757758593191,29.3856176336107],[-89.2731367832875,29.3864857162897],[-89.2700314367077,29.3850529487566],[-89.2685512996821,29.3813559464257],[-89.2602806465068,29.3770718539047],[-89.2513773197584,29.3773629920868],[-89.2424433083565,29.3790269630418],[-89.2393003079932,29.3789672215756],[-89.2330371505261,29.3783897215364],[-89.2293972138258,29.3774011402161],[-89.2268186447185,29.375976151145],[-89.2269109502072,29.3723097286365],[-89.2300914731999,29.3705357786535],[-89.2327316936851,29.3696701832763],[-89.2349055906215,29.3665012069309],[-89.2349963941271,29.3628323489014],[-89.2329593124051,29.3605014330056],[-89.2303820710077,29.3590743353803],[-89.2282750329829,29.3594942296522],[-89.222881604611,29.3658107579177],[-89.2207607091746,29.3671457957933],[-89.2191441620748,29.3689512195975],[-89.2169232760625,29.3739529614069],[-89.2147479265502,29.3771213629304],[-89.212604477112,29.3793717491851],[-89.2104836499477,29.3802476448154],[-89.2084161746263,29.3792921893976],[-89.2058221230551,29.3783228093264],[-89.2042895235185,29.3769184192958],[-89.2033038749208,29.3746064616832],[-89.2049679985947,29.3709694194497],[-89.206622880401,29.3673323803639],[-89.2056163702275,29.3659361349548],[-89.2099273978524,29.3609746174524],[-89.2073948440472,29.3577146039329],[-89.2042429548542,29.3581128428045],[-89.1993300775485,29.3662719137334],[-89.1934780062233,29.3698286970258],[-89.1912954360529,29.3734548830364],[-89.1911670003234,29.3784966468105],[-89.1874738078998,29.3797991417619],[-89.1859629952038,29.3774754175957],[-89.182865660698,29.3755816879682],[-89.1797537321622,29.3746030775521],[-89.1724746834149,29.3726252626305],[-89.1673324159115,29.3693146860499],[-89.1600461887269,29.3677941125281],[-89.1522192125721,29.3667231115674],[-89.1427727715895,29.3679086999364],[-89.1400493626173,29.3719816478676],[-89.1379052987315,29.3737748638492],[-89.1368989448648,29.3723790457611],[-89.1364562317365,29.3691585968065],[-89.1349222128619,29.3677529177722],[-89.1344267452702,29.3668251553145],[-89.1345477690003,29.3622413710465],[-89.1387897799602,29.3600338278835],[-89.1434976724978,29.3601276379814],[-89.1502574662648,29.3616388088137],[-89.1483349853185,29.3551792951814],[-89.1520421815791,29.3534185798479],[-89.1568419753636,29.3498462420946],[-89.1607853710517,29.3590953894036],[-89.1614729595365,29.3603742383615],[-89.1617851636236,29.3609515955441],[-89.1665079978393,29.36058574889],[-89.1691785301772,29.3583457935017],[-89.1739315567697,29.3566047937707],[-89.1760374404593,29.3561871018031],[-89.1775479342534,29.3585098626415],[-89.1784327083329,29.3649479008619],[-89.1794402434842,29.3663434395691],[-89.1814991569626,29.3677599174372],[-89.1836128721649,29.3668850354308],[-89.1852307442798,29.3650802976001],[-89.1852835355741,29.3627887611282],[-89.1895639558006,29.3592039822453],[-89.1880994314946,29.3550481766903],[-89.1865888532589,29.3527244051614],[-89.1866577001423,29.3499732901507],[-89.1898016832625,29.3500348957474],[-89.1928518238765,29.3533061293413],[-89.1970031193658,29.3547617437846],[-89.2001535380166,29.3543647516196],[-89.200710383,29.3530003760539],[-89.1991848136789,29.3511353517232],[-89.1961105164686,29.3487832020564],[-89.1919911462061,29.3459505209772],[-89.1884270560619,29.3422109806087],[-89.1910899338552,29.3404298376496],[-89.1972922448349,29.3433008816311],[-89.2035189136335,29.3452573149364],[-89.2082030726814,29.3462646864547],[-89.2098278016368,29.3440047246911],[-89.2067524614825,29.3416504864201],[-89.2005354010641,29.339237364008],[-89.1902273023491,29.3330738457521],[-89.1844681258075,29.3334191571091],[-89.1807747689922,29.3347224157403],[-89.1792490253979,29.3328581086709],[-89.1782643236245,29.3305458722211],[-89.1783184587984,29.3282532261861],[-89.1773503551965,29.3254836689324],[-89.1711461218221,29.3226087310812],[-89.1659051115027,29.3229637028274],[-89.1622664108842,29.3219736875854],[-89.1624487033099,29.3151001339483],[-89.1556895617199,29.3135896454008],[-89.1529821616244,29.317202292975],[-89.1513406683091,29.319922048758],[-89.1502356057623,29.3221946036482],[-89.1496398242013,29.3249338948836],[-89.1479381204057,29.3299455158958],[-89.1426892866585,29.3307575308137],[-89.1410639809846,29.3330198545512],[-89.1394312606164,29.3352789587976],[-89.1352737433955,29.3342791909679],[-89.1370208848764,29.3274342335333],[-89.1318173926948,29.3264122010052],[-89.123844407967,29.3312981528709],[-89.1201365640211,29.3330566190364],[-89.1139332298603,29.3301802985798],[-89.1133082000519,29.3342944839293],[-89.1110958022208,29.3388361625225],[-89.1084177554755,29.3410761020488],[-89.1053049340142,29.3400959924816],[-89.1033215445967,29.3359272363559],[-89.0985913379074,29.336749329263],[-89.0944482143923,29.3352880046431],[-89.0908240718713,29.3338390075251],[-89.0867048121017,29.3314595292286],[-89.0804103663132,29.332247952362],[-89.0783648826483,29.3303727015948],[-89.0757718300037,29.3294020547339],[-89.0726356155141,29.3293363720245],[-89.0706064722042,29.3270014341798],[-89.0701347102547,29.3251566309578],[-89.0692031348471,29.3210103920933],[-89.066662563578,29.3182032628932],[-89.0687985022021,29.3164140308098],[-89.0684174287738,29.3113611352695],[-89.0648920030176,29.3062414608262],[-89.0645557186911,29.2993548575794],[-89.0651900379778,29.2952417811362],[-89.067348767759,29.2925323108964],[-89.0711712376334,29.2866499281727],[-89.0754207827637,29.2839845550888],[-89.0849352037555,29.2800509202961],[-89.0876438570007,29.2764365945078],[-89.0866744211973,29.2736645569382],[-89.0835159707094,29.2745171370224],[-89.0813870236732,29.275848428151],[-89.0766263488244,29.2780443164133],[-89.0745891925422,29.276167421635],[-89.0741161190524,29.2743223876431],[-89.0747801060997,29.268831753659],[-89.0754513263816,29.2633396327964],[-89.068111944085,29.2641066903084],[-89.068996064191,29.2700889411539],[-89.0694016553384,29.2746844220822],[-89.0660899414834,29.281038785464],[-89.0586672646986,29.2850130306344],[-89.0575071776457,29.2891184304092],[-89.0479395772875,29.2948832987621],[-89.0444381805669,29.2893050481052],[-89.0381669211942,29.2891738997564],[-89.0338942498353,29.2922942482321],[-89.0317348984199,29.294999507576],[-89.0289810293731,29.2999880911896],[-89.0314220583256,29.30646024579],[-89.024579116496,29.3081527387868],[-89.0189551022687,29.3034464082811],[-89.0209012080086,29.308533627094],[-89.0180855959557,29.3158138599654],[-89.0161404514131,29.310267610779],[-89.0140874775954,29.3088491071258],[-89.0125085348717,29.3092737930761],[-89.0098839360892,29.3096761652061],[-89.0102805422871,29.3142721031231],[-89.0122576120566,29.3184424384518],[-89.0126766132546,29.3221203987433],[-89.0104717594751,29.3262019180774],[-89.0108461269799,29.3317134454747],[-89.0080758286449,29.3371597287329],[-89.0054518119707,29.3375609610926],[-89.0045204907864,29.3334151772088],[-89.0041018031005,29.3297372404564],[-89.002186219419,29.3232736721917],[-89.0003632125174,29.3136020761943],[-88.9983640711414,29.3103505794026],[-88.9984866327872,29.3057641502084],[-88.9849286288002,29.3045583019685],[-88.9823265552735,29.3040431729473],[-88.9802214549148,29.3044567802648],[-88.9786651380581,29.3039629174654],[-88.9765901438378,29.303461562509],[-88.9740185043346,29.3020291031877],[-88.9725072802103,29.2997037237451],[-88.9720269546211,29.2983164064045],[-88.9731256633839,29.296503982718],[-88.9747964130313,29.2928719024126],[-88.9790160559407,29.2915868063981],[-88.9765437233955,29.2864891038284],[-88.9745371107313,29.2832349829446],[-88.9697226088307,29.2872597280043],[-88.9666635470476,29.2844399500322],[-88.9640770817489,29.2834679942144],[-88.9625210460649,29.2829749928572],[-88.9609802790458,29.2820233862933],[-88.9621319569693,29.2783782635363],[-88.9674190266083,29.2761994988787],[-88.9705928463723,29.2748909057523],[-88.9744920997457,29.2662588420934],[-88.9713941543855,29.2648166820145],[-88.9666866714796,29.2651734502255],[-88.9639404048751,29.2697021670559],[-88.9606823752397,29.2742172964032],[-88.9585536096631,29.2755494236002],[-88.9548538703177,29.2768447361743],[-88.9522058874901,29.2781623199327],[-88.9479874555097,29.2794486473214],[-88.945346646628,29.2803088657218],[-88.9438291073472,29.27843907945],[-88.9413259931305,29.2747153604557],[-88.9418609147293,29.2742667566491],[-88.9387785793939,29.2723650956175],[-88.9377485135969,29.2718846685509],[-88.9367263628559,29.2709436966033],[-88.935719407118,29.2695453282066],[-88.9347277083668,29.2676895250002],[-88.9342620477747,29.2658432722083],[-88.9338268589353,29.2626230377366],[-88.9348950671992,29.2617281036472],[-88.9364899873586,29.2608473810595],[-88.9380687315547,29.2604216591185],[-88.9417540475499,29.2595845477684],[-88.9428373609853,29.2582320899133],[-88.9413111709283,29.2568214830123],[-88.9397707731168,29.2558718556236],[-88.9382293763786,29.2549197506411],[-88.9372376839156,29.2530639390652],[-88.9367796033079,29.2507593853068],[-88.9373358311487,29.2493949639104],[-88.9399909555827,29.2480774530446],[-88.9452629640677,29.2463561358425],[-88.9505510299384,29.2441785033608],[-88.9521683091652,29.2423794770533],[-88.9516871247866,29.2409918439894],[-88.9501619444359,29.239584876327],[-88.9486056006298,29.2390904609231],[-88.947559169325,29.2390697050904],[-88.9459964277174,29.2390347057256],[-88.9438827852786,29.2399045692577],[-88.9417914246522,29.2398608607751],[-88.938634055736,29.2407077474162],[-88.9333459269833,29.2428848274725],[-88.93065260259,29.2455775533086],[-88.9263959517859,29.2482372655995],[-88.9254045908013,29.2463813382865],[-88.9239313312774,29.2431363091503],[-88.9224976003211,29.2385182806724],[-88.9230692468454,29.2366964521859],[-88.9231076525187,29.2353209801494],[-88.9215974614569,29.2334515494711],[-88.9206049964428,29.2315954057665],[-88.9211549863822,29.2306894879356],[-88.9222073717208,29.2302543086323],[-88.9234133348368,29.2247753656871],[-88.9275627178129,29.2257850705203],[-88.9326744884107,29.2295655035197],[-88.934780619137,29.2291531006265],[-88.9384580416359,29.2283175819865],[-88.9421052663681,29.2288559319502],[-88.9446759707251,29.2302883130595],[-88.9467516593431,29.230791659886],[-88.9483309146805,29.2303670216981],[-88.9520082428562,29.2295309453956],[-88.9556618914411,29.2296092367803],[-88.958812769131,29.2292179376133],[-88.9625441417509,29.2265475365176],[-88.9641609278026,29.2247471333676],[-88.9647493988739,29.2224655784226],[-88.964787071522,29.2210900720123],[-88.9637575959181,29.2206088051627],[-88.9627189152776,29.2201287998683],[-88.9611324689263,29.2210119936343],[-88.9553271737763,29.2231782400403],[-88.9527398721461,29.2222057560628],[-88.9480940927205,29.2202680485109],[-88.9412955644968,29.2205786438343],[-88.9370620947186,29.2223219244005],[-88.9334612122753,29.2204064220167],[-88.9345973259882,29.2172210376447],[-88.9372756745673,29.2149856615166],[-88.9414870296199,29.2137013578468],[-88.9478190429535,29.2115455203021],[-88.9546394756971,29.2103175410618],[-88.9592486245204,29.2136294474863],[-88.9628485933771,29.2155427236853],[-88.968617161805,29.2147492937525],[-88.9744231001487,29.212580068428],[-88.9776354001462,29.209898181121],[-88.9787338466009,29.2080856211692],[-88.9787563718567,29.2071675127187],[-88.9766960947357,29.2062062604961],[-88.97302722869,29.2065861415568],[-88.9688004881915,29.2083291944611],[-88.9625522562328,29.2077361977651],[-88.9583703722098,29.2076449402386],[-88.9557611175507,29.2075871253368],[-88.9547541752875,29.206191134979],[-88.9558683647175,29.2039190679862],[-88.9585001877515,29.2030587718511],[-88.9611634868547,29.2012813251368],[-88.9648935290696,29.1986107306301],[-88.9644135178908,29.197223227541],[-88.9592405010553,29.195276328879],[-88.9545718774719,29.1942568517906],[-88.9509474915075,29.1932610869455],[-88.9498489704926,29.1950711674804],[-88.9476591500195,29.1986943034999],[-88.9443941925767,29.203211712729],[-88.941143011697,29.2072691051568],[-88.9374053320056,29.2103994695809],[-88.9332397748628,29.2098498141335],[-88.9312410179657,29.2065940524308],[-88.9217419384024,29.2100566309488],[-88.9145622738683,29.2053073586646],[-88.9146082882721,29.2039327314378],[-88.9146467101151,29.2025572538037],[-88.9162869682469,29.199840745448],[-88.9179194667312,29.1975824560697],[-88.9200708195473,29.1953365174245],[-88.9227872881356,29.1917236913479],[-88.9243821076836,29.1908442463041],[-88.9292718389977,29.184068163204],[-88.9308743651926,29.1827269365471],[-88.9329489542727,29.1832305515176],[-88.9339716026803,29.184171767466],[-88.9344370620499,29.1860180925129],[-88.9359408256658,29.1883448489475],[-88.9396559028464,29.1861325725657],[-88.94337854474,29.1839199214252],[-88.9449808912718,29.1825784998942],[-88.9487194369392,29.1794479417059],[-88.9530297809462,29.17495323895],[-88.9572943863322,29.1718330779636],[-88.9589352211823,29.169115904079],[-88.9574700644624,29.1654140332479],[-88.9527401227761,29.1666856702346],[-88.9442867226276,29.1701732314191],[-88.9395030015002,29.1732805871483],[-88.9358871692939,29.1718247973206],[-88.9327283100726,29.1726724102557],[-88.9280061765428,29.1734868416071],[-88.9227256116048,29.1756652332264],[-88.9164096358939,29.1773608545534],[-88.9184302712597,29.1797000308816],[-88.9187819697783,29.1856732195131],[-88.9133647908485,29.1924355370882],[-88.9059798918147,29.1950240607594],[-88.9008300551067,29.1926151046092],[-88.9003340359495,29.1916880139215],[-88.8982968652943,29.1898069676728],[-88.8962519278051,29.1883853420359],[-88.8936959162929,29.1864927606697],[-88.8933225890373,29.181437607617],[-88.8849686557469,29.1812510880767],[-88.8796426719882,29.1848008422422],[-88.8800851398763,29.187563313445],[-88.8784453578516,29.1902793996989],[-88.8893471351716,29.1923593480162],[-88.8871044650136,29.1978144273439],[-88.8823518696125,29.199545089866],[-88.879757053575,29.1990265452705],[-88.8788344505405,29.1948771655998],[-88.8744696883902,29.2012028466464],[-88.8734253860927,29.2011780392726],[-88.8698926507451,29.1969695738559],[-88.867778978662,29.1978400612687],[-88.8671230324348,29.2024141231192],[-88.8629190399743,29.2032357511588],[-88.8593029598329,29.2017794360407],[-88.8562664304921,29.1984977810923],[-88.8526953927775,29.1956629929305],[-88.8474389341301,29.1969206353718],[-88.8432046405968,29.1986598408248],[-88.8363001399157,29.2026314976903],[-88.8326159548994,29.2034647636546],[-88.8311198359465,29.2011360331202],[-88.8349267299323,29.196175993073],[-88.8386881691647,29.1925916345983],[-88.8439827082953,29.189958893127],[-88.8503539582439,29.1864315873893],[-88.8608596279309,29.1843775184862],[-88.868221434872,29.1827104225075],[-88.8698015552871,29.1822871175758],[-88.8755911981915,29.1805810318546],[-88.8788032143215,29.177898784347],[-88.8789869494415,29.1714804719551],[-88.8795667975843,29.1696562851707],[-88.880649567539,29.1683054690842],[-88.8807260384242,29.1655531648071],[-88.8797802902964,29.1623194596414],[-88.8819847030031,29.1582388728093],[-88.8868755006174,29.1514646755184],[-88.8889890253768,29.1505949236057],[-88.8922158277763,29.1474546672383],[-88.88971368913,29.1437277066094],[-88.8861512078684,29.140435676494],[-88.8935592942163,29.1369284113607],[-88.9007846156247,29.1398437208679],[-88.9078647081977,29.147802502478],[-88.9094896509523,29.1455456898284],[-88.9164165690912,29.1406509415126],[-88.9133797001873,29.1373708217177],[-88.9155854334173,29.1332907809965],[-88.9157151618225,29.128705351852],[-88.9127844378524,29.1217554302722],[-88.9029583805088,29.1187835722194],[-88.8935974780058,29.1176574943322],[-88.888264243046,29.1216682931723],[-88.8875540484571,29.1280769856768],[-88.8858604789065,29.132628559843],[-88.8816341758876,29.1343691200077],[-88.8807115962094,29.1302194081715],[-88.8772326223366,29.1241742340025],[-88.8698238523708,29.127679076358],[-88.8699312657259,29.1240106205945],[-88.8716021815617,29.1203762043186],[-88.874851771525,29.1163182946647],[-88.8718077071156,29.1134973135351],[-88.8661392002305,29.1110745448741],[-88.8533821377442,29.119046280804],[-88.8454098887366,29.1239127062098],[-88.8411138611803,29.1279443423459],[-88.8364076718485,29.1282945208398],[-88.8332791370562,29.1282238485247],[-88.8318296182087,29.1245202050259],[-88.8372537438106,29.1173010797692],[-88.8416486839645,29.1100593089049],[-88.8479575836459,29.1083678218813],[-88.8569224315165,29.1048993021918],[-88.8595703667335,29.1035831277765],[-88.8580747355658,29.1012546112549],[-88.8576473997986,29.0980307370821],[-88.8550994291065,29.0961377491703],[-88.8476532371226,29.1010155632539],[-88.8461657932004,29.0982285286985],[-88.8488814173723,29.0946195152451],[-88.8515671788492,29.091925614764],[-88.8543510920507,29.086023424258],[-88.8596007504513,29.0847648737741],[-88.8620343844724,29.0907871737065],[-88.8646664410683,29.0899284025009],[-88.8642619530521,29.0857885973335],[-88.864933008044,29.0807542249261],[-88.8629810021693,29.0761227688728],[-88.8646665192217,29.072029567316],[-88.8648796418279,29.0646908129948],[-88.8650023310345,29.0605622974364],[-88.8693965588244,29.0528598485466],[-88.8771179604754,29.0562458407394],[-88.8804590582234,29.0668788302194],[-88.8762784004008,29.0672429554355],[-88.8731430294292,29.0676319794526],[-88.8741267466491,29.0694904058095],[-88.8750654681547,29.0731829886397],[-88.8755156795206,29.0754874780548],[-88.8774990958875,29.0792014624357],[-88.8799246064435,29.085224670139],[-88.882404650127,29.0898693665795],[-88.8859292754842,29.0940794539106],[-88.8900113441028,29.0973832491436],[-88.897213179058,29.1007568540943],[-88.902828205641,29.1050121003918],[-88.9059034784217,29.1069160498605],[-88.9085124168738,29.1069752667304],[-88.9106334784985,29.1056456409071],[-88.9103136378331,29.098753605888],[-88.9094816685226,29.0913918027241],[-88.9039421291697,29.0843853616308],[-88.8984722550654,29.0750855984175],[-88.8950243350536,29.0681222594],[-88.8935281577103,29.0657952448364],[-88.8936202520948,29.0625829827081],[-88.8922009723364,29.0575023445281],[-88.8876087001624,29.0541868105263],[-88.8887140052543,29.0519175967883],[-88.8913317427046,29.0515169594728],[-88.8944205459101,29.0529625304153],[-88.8980148122614,29.0548783611525],[-88.9043463962004,29.0522662622908],[-88.9072614876878,29.0596735517695],[-88.9061626630424,29.061485516658],[-88.9040184042221,29.0637332417437],[-88.9028671943209,29.0673808873969],[-88.9032863473342,29.0710605830866],[-88.9051864368737,29.0775290494502],[-88.9082073903258,29.0812683759617],[-88.9117398067714,29.0854738785971],[-88.9157381928297,29.0915315949641],[-88.91765209756,29.0975396850039],[-88.9189879912021,29.1053712771419],[-88.9235810916229,29.1091442588977],[-88.9261205876086,29.1114946978808],[-88.934933499822,29.1135239974117],[-88.9417075471575,29.1136730730399],[-88.9488644555688,29.1188788946537],[-88.9570661262151,29.1241036365447],[-88.960705189753,29.1246441210283],[-88.9618263608894,29.1219134660851],[-88.9532289688857,29.112089679001],[-88.9485368911887,29.1119864462377],[-88.9424938973229,29.1045129156373],[-88.9341625288142,29.1038700035862],[-88.9284399199929,29.1032862115389],[-88.9268996596236,29.1023337782892],[-88.9264193304412,29.1009447214932],[-88.9269679612296,29.1000408046347],[-88.926472325653,29.0991115336764],[-88.9301497095243,29.0982742010007],[-88.9343997056088,29.0956136712329],[-88.9428908017615,29.0902945123778],[-88.9408684281557,29.087956476083],[-88.9356578841991,29.0878414925522],[-88.9314615822158,29.0886655688375],[-88.9245959749932,29.0917256044434],[-88.9208946465281,29.0934807122697],[-88.919903455325,29.091622088284],[-88.9189655396082,29.0879290531588],[-88.9211845014292,29.0833910375809],[-88.9166003042112,29.0796176230821],[-88.9145089642461,29.0795719652728],[-88.9135790129926,29.0758785310729],[-88.9136397894114,29.0735858131355],[-88.9152949299326,29.0704092565958],[-88.9180193010004,29.0663390725666],[-88.9212237605021,29.0636569022819],[-88.9244269911085,29.0609721110332],[-88.9296536454514,29.0606292479235],[-88.9287154719181,29.0569361651308],[-88.9329719475507,29.0538172058828],[-88.939747982858,29.0539658449519],[-88.9564629155867,29.0529545692328],[-88.9451254841,29.0481168498612],[-88.9421051738416,29.0443786375085],[-88.9457899382712,29.0430824602087],[-88.9504436938383,29.0445616568944],[-88.9571577301196,29.0465435980713],[-88.9577456936427,29.0442617189541],[-88.9557538627565,29.041005377767],[-88.9547995087683,29.0377721988488],[-88.9501609221531,29.0358356045963],[-88.9475826979989,29.034861173465],[-88.9487352984922,29.0312131717721],[-88.950932403404,29.0271289777135],[-88.9576613975331,29.0286533985047],[-88.9611788175034,29.0333217208714],[-88.9654506435476,29.0297403847467],[-88.9625215715794,29.0227937270624],[-88.9662137821444,29.0210361282561],[-88.9687546561457,29.0233871215234],[-88.973873855811,29.0267118158141],[-88.9800224897575,29.0305153234247],[-88.9826551599027,29.0296546032627],[-88.9837236475427,29.0287580280683],[-88.981228599299,29.0245746024506],[-88.9802748894028,29.0213394823702],[-88.9798318367114,29.0185770269429],[-88.977764517697,29.0180737424543],[-88.9731562995283,29.0152196699884],[-88.9679831820814,29.013730325002],[-88.9686937898953,29.0068604379522],[-88.9656342268523,29.0044972327223],[-88.9632003673541,28.9984761612931],[-88.9575772828831,28.9946819892721],[-88.9540225397094,28.9913914563509],[-88.9531068258549,28.9867823723284],[-88.9496045945994,28.981657051865],[-88.9450499259031,28.9769656931066],[-88.9446078811215,28.974201856711],[-88.9483528883707,28.9706115185073],[-88.9500467085513,28.9660561763831],[-88.9517101575904,28.9624205195379],[-88.9548996799056,28.9601947975415],[-88.9568986847377,28.9629930395256],[-88.9577909157324,28.9685215201421],[-88.9545478385549,28.9725829699939],[-88.9518932935342,28.974360090438],[-88.9528470007353,28.9775956524856],[-88.9579583383452,28.980920747427],[-88.9599420295966,28.9846367885271],[-88.9619566767927,28.986975057558],[-88.9686853574098,28.988500046483],[-88.968563439856,28.9930880221329],[-88.972683447024,28.9945526926967],[-88.9831354495593,28.9934025041592],[-88.9857071600294,28.9948346389626],[-88.985638347282,28.9971277908089],[-88.9824485393025,28.9993520960814],[-88.9854852240519,29.0026318555823],[-88.9891931533378,29.0004170302035],[-88.9912150598197,29.00275539414],[-88.991619248697,29.0068946530101],[-88.9925584606827,29.0105884354098],[-88.9960676871193,29.0157126154256],[-88.9996149985307,29.0194608972952],[-89.003246524305,29.0199970534801],[-89.0068254941436,29.0223697741601],[-89.0119218810922,29.0266083254821],[-89.0144008521873,29.0312517136433],[-89.0158656989885,29.0349543217745],[-89.0219773088706,29.0401341833032],[-89.0223959830818,29.043815419882],[-89.0227702966877,29.0493308072742],[-89.0252344078514,29.0544313298083],[-89.0277376298659,29.0581550380098],[-89.0333528882141,29.0628631657715],[-89.0441407501729,29.069054918409],[-89.0408745270038,29.074035770012],[-89.0422793807171,29.0800315477236],[-89.0467803427358,29.0870116617425],[-89.0498856381116,29.0879947667407],[-89.0517468584471,29.0962943415585],[-89.0554693260675,29.0936184301337],[-89.0576141499281,29.0913688253211],[-89.0596047483257,29.0950816476135],[-89.0626574491383,29.0978985322517],[-89.06696017633,29.0929390616638],[-89.0746275658762,29.0793294903038],[-89.0663495501089,29.0768634985888],[-89.0603076261366,29.0689349743425],[-89.0588885098716,29.0633970549655],[-89.0601162185058,29.0565410032557],[-89.0565454080649,29.0537122098724],[-89.0560725780185,29.0518654292219],[-89.0582625170692,29.0477817634513],[-89.0620616433227,29.0423520563945],[-89.0688824668334,29.0406587130384],[-89.0756415176936,29.0412574835583],[-89.0850417125071,29.0405319322302],[-89.0908319438081,29.0383556175573],[-89.1018715388623,29.0349122704642],[-89.1040307717001,29.0322041150748],[-89.1124234142943,29.0300788129461],[-89.113499431613,29.0287236725845],[-89.1224866053134,29.0238552587216],[-89.1278956167606,29.0161625961682],[-89.134342495873,29.008950052077],[-89.1494031280054,28.9904322762716],[-89.1505932466365,28.98448818245],[-89.1474424363202,28.9853420912394],[-89.1399890245763,28.9920783564364],[-89.1342741727075,28.9915048140373],[-89.1412699655776,28.9824638931379],[-89.14446659716,28.9797738476677],[-89.147632752498,28.9780043800988],[-89.1502727232516,28.9766798505465],[-89.1578110796887,28.9671901078195],[-89.1621288716277,28.9613062631218],[-89.165379040106,28.9563219701557],[-89.1691396996007,28.9518058174007],[-89.1734279809843,28.9468412743305],[-89.1756479614949,28.9413771812714],[-89.1783574187323,28.9372985577076],[-89.1836744049652,28.9328127088942],[-89.1879089787729,28.9301410584995],[-89.1948820676226,28.9220145517336],[-89.1991086158815,28.9193426867602],[-89.2166943826331,28.9031577670008],[-89.2177474902171,28.9027196542783],[-89.2192961633091,28.9032071690591],[-89.2208444644985,28.9036979970761],[-89.2213250290395,28.9050845737601],[-89.2275430228074,28.9061228279364],[-89.2301600640634,28.9057143930981],[-89.2316864230037,28.9071198845975],[-89.2294809269288,28.9121298673842],[-89.2284278139549,28.9125681055077],[-89.2165341393561,28.9302401788946],[-89.217518851011,28.9325566568519],[-89.2204021627987,28.9422534375306],[-89.2151370740364,28.9444462959857],[-89.217075964508,28.9504522794569],[-89.2144740975937,28.9504028936174],[-89.2114531387517,28.9462116190908],[-89.2078367397085,28.9452232772479],[-89.2077146065591,28.9498110304785],[-89.212323010679,28.9531154608918],[-89.2122762982843,28.9549505714068],[-89.2085992584677,28.9562550683802],[-89.2085540803955,28.9580925960225],[-89.2063798259296,28.961722040818],[-89.2000767617042,28.9638934375504],[-89.1979485854225,28.9656864072441],[-89.1953090377754,28.9670122705609],[-89.1837505865929,28.9709172667363],[-89.1809890441369,28.9772907577835],[-89.1713604328995,28.9871988153782],[-89.1676447996617,28.989878584072],[-89.1590167274961,29.0016414872731],[-89.1516305950755,29.0051647534297],[-89.1515690038846,29.0074596126761],[-89.1509444358103,29.0115786299893],[-89.1443904685329,29.0233812671439],[-89.1411941333946,29.0260701872792],[-89.1405614697029,29.0301870400186],[-89.1389049987769,29.0338271624416],[-89.1414142709448,29.0375484861337],[-89.1492658348873,29.0363293626949],[-89.1544311316013,29.0382693947733],[-89.1580015863093,29.0410955879533],[-89.1589466804635,29.0447844606847],[-89.1604579746565,29.0471097449915],[-89.1587874864188,29.0512077313007],[-89.1536448110803,29.0483522141788],[-89.1485110326563,29.0454939046683],[-89.1433607530789,29.0430960735783],[-89.1290088701461,29.0336284829954],[-89.125621409448,29.043656468649],[-89.1213576368003,29.0472429597377],[-89.1187023461778,29.0490231211823],[-89.1180234075709,29.0549771413806],[-89.1101346542741,29.0575695577038],[-89.1047480351319,29.0643454150804],[-89.0993993042335,29.0692838594645],[-89.099331326021,29.072037118755],[-89.0956082718007,29.074713436986],[-89.0949065043075,29.0815830494524],[-89.0989193200042,29.087631864904],[-89.1014142020596,29.0918138862892],[-89.1001636034537,29.0995892470734],[-89.0954402518083,29.1008693522865],[-89.090770599654,29.0998559693176],[-89.0921676568889,29.10630897373],[-89.096241404413,29.110064079985],[-89.0934873548048,29.1155161835389],[-89.0898632104872,29.1145219992519],[-89.0867810260687,29.1126234017622],[-89.0843165609688,29.1070669912778],[-89.0795786997349,29.1088051232679],[-89.0783509066591,29.1156621202057],[-89.0762141829074,29.1174515782417],[-89.0766875645195,29.119298106233],[-89.076588529751,29.1229672488165],[-89.0790909414851,29.1271481813599],[-89.0769390227304,29.1293997105048],[-89.0794647610176,29.1326637579596],[-89.0804562630376,29.134519358889],[-89.0830421543128,29.1354908436893],[-89.0886646333194,29.1397353884733],[-89.0901754505069,29.1420603686615],[-89.0948748970843,29.1416984060052],[-89.0965924597378,29.136227055078],[-89.1008115519799,29.1344778652969],[-89.104884883584,29.1382312291974],[-89.1064718554498,29.1373469867718],[-89.1086850177472,29.1328024717073],[-89.1067010695777,29.1286325697488],[-89.1068463271591,29.1231309486371],[-89.1086690591762,29.1135294738841],[-89.1103864574381,29.1075986484264],[-89.1063498741157,29.102469632722],[-89.1116222077907,29.1002807818908],[-89.1204946648327,29.1000027782658],[-89.1208007028837,29.1082690174878],[-89.1155899011107,29.1081637457476],[-89.1137591165953,29.1182223880841],[-89.1141020134207,29.1251128829564],[-89.1155591338122,29.1292738667334],[-89.1180078388687,29.1352866032336],[-89.1167488715576,29.1435211515026],[-89.1118963861918,29.1493873197327],[-89.1123390912352,29.1526098031591],[-89.1180529765168,29.1536418022212],[-89.1200683522466,29.1564362345214],[-89.1237522336323,29.1551355616968],[-89.1272480616965,29.1611713338149],[-89.1318705846377,29.1640174225526],[-89.1365553832861,29.1645699224734],[-89.1367150471497,29.158607528388],[-89.1353031614244,29.1526132425011],[-89.1333966264727,29.1456921817211],[-89.1370200000358,29.1466822312459],[-89.1401859496596,29.1453698678984],[-89.1428645839031,29.1426710955664],[-89.140843016086,29.1403355572908],[-89.1372796472889,29.1365951956732],[-89.1337245241278,29.1328521085206],[-89.1322443646443,29.1296106553378],[-89.1308482928612,29.1231575593876],[-89.1299482168792,29.1176337285864],[-89.1311156162184,29.1130665068823],[-89.131763648288,29.1080322964111],[-89.1313747792796,29.1029767540944],[-89.1236237179528,29.1000654763199],[-89.1231738021327,29.0973034824308],[-89.1273930740379,29.095552110225],[-89.1353719939347,29.0897494820677],[-89.1401337934742,29.087091947477],[-89.1438417344382,29.0848692054154],[-89.1450854088299,29.0770937789462],[-89.1483886830129,29.0702738922001],[-89.1553609364294,29.0626130004235],[-89.1596410467371,29.0585689239991],[-89.1611517579235,29.0604349827947],[-89.1567651253893,29.0690646897096],[-89.1576731577499,29.0741313333061],[-89.1539191350085,29.0781872742708],[-89.1580316879562,29.0805643619373],[-89.1564068727624,29.0828261025972],[-89.1500210090208,29.0877484171315],[-89.150426391759,29.0923454047806],[-89.1545529997476,29.0942627218157],[-89.1577268976651,29.0924904134895],[-89.162502847467,29.0893730702167],[-89.1673162803724,29.0844208101951],[-89.1685378562082,29.0775611087679],[-89.1688572126815,29.0651773772866],[-89.178776253742,29.0644537161375],[-89.179706990123,29.0690623193155],[-89.1859640444361,29.0691849154969],[-89.1799590079844,29.0796215484736],[-89.1724818366996,29.086359670681],[-89.1675607901147,29.0954394248969],[-89.1631900182352,29.1031537803431],[-89.161457304596,29.1095427955967],[-89.1672409431611,29.1078238549873],[-89.17100944405,29.1033110700368],[-89.1753582512225,29.0965123034364],[-89.177532852438,29.0928837804445],[-89.1808740615772,29.0846886001335],[-89.1830946277892,29.0792250926005],[-89.1890384404611,29.0710807494956],[-89.1932348008349,29.0702458270274],[-89.195743500776,29.0739676050129],[-89.1989407396195,29.0712759547918],[-89.202068021262,29.0713371738551],[-89.2045330217578,29.0768916161311],[-89.206226974889,29.0718761814382],[-89.2125136718098,29.0706217387514],[-89.2139552342789,29.0756978621376],[-89.2159086181693,29.0807850483261],[-89.2173125151768,29.0872366024741],[-89.2172821000179,29.088614069071],[-89.2181976728369,29.0936772244896],[-89.2175481845983,29.0987127941023],[-89.2172126665346,29.1120145628234],[-89.2140392707754,29.1137888384364],[-89.2123610444498,29.1183445655322],[-89.2040296687546,29.1177248942809],[-89.2017861407056,29.1241032261261],[-89.2017252672687,29.1263967127452],[-89.2074016029714,29.1288024840323],[-89.2137568700945,29.1252540787921],[-89.219035869269,29.1226046028995],[-89.2294654723126,29.1228069098152],[-89.2298774046676,29.1274016034616],[-89.2319296697146,29.1288180548972],[-89.2344861824867,29.1307026928131],[-89.2386055186132,29.133075633172],[-89.240589339222,29.1372412300687],[-89.2441298063692,29.1418978743164],[-89.246624239267,29.1465356466166],[-89.2475854294345,29.1497655071165],[-89.2495623635584,29.1543915143944],[-89.2550622440881,29.1641340113902],[-89.2601435447299,29.1697322542177],[-89.2677738796689,29.1781378237851],[-89.2733119763275,29.1864989775187],[-89.2794158301554,29.1930378524766],[-89.2824287859066,29.1981413568383],[-89.2848782410564,29.2046101054481],[-89.2884790543295,29.2069700797418],[-89.2925532132819,29.2111760348412],[-89.2935222843694,29.2144037701932],[-89.2934006830227,29.2194469012085],[-89.2896466144672,29.2235062755696],[-89.2858926653876,29.2275666916223],[-89.283237978433,29.2293523135037],[-89.2816885777057,29.2284050205492],[-89.2797510365037,29.2224039444549],[-89.2766691485292,29.2200518912783],[-89.2719156081004,29.2222577172947],[-89.2707944980494,29.2254490646673],[-89.2681241211201,29.2276916779909],[-89.268033162206,29.2313610518077],[-89.2700466218293,29.2346094299392],[-89.2741662741627,29.2369825579934],[-89.2773478975916,29.235204953548],[-89.283626219519,29.2348649995679],[-89.2878462154663,29.2331079868371],[-89.2910810407196,29.2290394321731],[-89.2942547230414,29.2272627403052],[-89.2969858629148,29.2222672419759],[-89.2996188950812,29.2213992387554],[-89.3009990918366,29.2292238022357],[-89.302532209701,29.2306280878233],[-89.3040735714049,29.2315742102042],[-89.3066450060922,29.2334569278311],[-89.312367741576,29.2349392898093],[-89.3155099343538,29.2345390597169],[-89.319759713046,29.2314045209047],[-89.321362216783,29.2300573003511],[-89.3251383228091,29.225081093017],[-89.3241999947656,29.220475476987],[-89.3195615896101,29.2176386654984],[-89.3133284709077,29.2161473189208],[-89.3075523117157,29.2174156252417],[-89.3044168913368,29.2173584430737],[-89.3039753972224,29.2141410350211],[-89.3056680379151,29.2086677577249],[-89.3052644158747,29.2040715418085],[-89.3104441898379,29.2055424261871],[-89.3156092251421,29.207932919657],[-89.3223311917508,29.2108093762121],[-89.3321722213152,29.2146569800876],[-89.3466914747585,29.2190505039737],[-89.3596386306404,29.2238715536467],[-89.3663218313513,29.2285812356371],[-89.3693658149123,29.2323043994223],[-89.3724793271781,29.2332774146248],[-89.3741420081577,29.2291783441514],[-89.3788868825389,29.2274291854307],[-89.3856624058064,29.2280071183161],[-89.3945047854561,29.2295409452478],[-89.4064909362235,29.2311276889727],[-89.4137001652119,29.2353819149531],[-89.4178818057915,29.2354558410955],[-89.4225280146118,29.2378318349524],[-89.428722038633,29.2411489100462],[-89.4338734231382,29.2444492504843],[-89.4385269496349,29.2468240166271],[-89.45259627019,29.2555688010903],[-89.4668149617122,29.2643555909277],[-89.473568757428,29.2689827257741],[-89.4744989566165,29.2740442762511],[-89.4729352277604,29.2740176928813],[-89.4677842951077,29.2724883887536],[-89.4661901582792,29.2716100752079],[-89.4636733321781,29.2674394006105],[-89.4605527995784,29.2664687109123],[-89.4585462695592,29.2627642590857],[-89.4559673465157,29.2613451309455],[-89.4549459108336,29.260410012602],[-89.4502375951895,29.2603273858544],[-89.4461861851733,29.2547542687608],[-89.4430176475031,29.2529669919051],[-89.4327661399561,29.2471822976288],[-89.4286624803297,29.2439010350209],[-89.4321408065171,29.2517602657593],[-89.4336288855482,29.2554558469567],[-89.4330567018314,29.2577388696518],[-89.4324690778714,29.2604803391718],[-89.4308593310183,29.262288770337],[-89.4282271639295,29.2631602746731],[-89.425091043763,29.263105867976],[-89.4225353080336,29.2607669294161],[-89.4178806218119,29.2583936256621],[-89.4168215988218,29.2592921414685],[-89.4167598010185,29.2620429531864],[-89.4171945236322,29.265721193561],[-89.4202542753215,29.2689850946906],[-89.4238558602474,29.271800897603],[-89.4295621394934,29.2737332868284],[-89.4342923093518,29.2724399667068],[-89.4384200501161,29.2748054016243],[-89.4489637463874,29.2708566814949],[-89.451534885529,29.2727374805396],[-89.4562116217976,29.2737345664384],[-89.4561192543251,29.2778610741096],[-89.4534259496948,29.2814852103068],[-89.4514764231703,29.2825790493316],[-89.4502531117894,29.2832658192222],[-89.4471171614045,29.2832098859561],[-89.4449657672659,29.2859243287837],[-89.4406931578908,29.2899783840622],[-89.4390607402548,29.2927023257697],[-89.4295161906667,29.2989599481805],[-89.4231688008703,29.3020592781045],[-89.4184005190877,29.3047283900381],[-89.4177592908581,29.3102223148327],[-89.4187208529281,29.3139074197149],[-89.4190715228757,29.3212526422978],[-89.4180109790378,29.3221510815143],[-89.4153106423954,29.3257734265511],[-89.4157374230037,29.3299094707993],[-89.4151568651918,29.3326503623198],[-89.4198117607209,29.3350234107854],[-89.4203076235713,29.3359485050375],[-89.4160119301882,29.3409203203505],[-89.4143108408404,29.3468501645752],[-89.4094585953248,29.3531882455797],[-89.4083303580403,29.3568375928913],[-89.4082233713849,29.3614212132582],[-89.4076049289225,29.3655381662381],[-89.4111515585126,29.3706450568155],[-89.4157678381626,29.3748508343251],[-89.4214675264695,29.3772447463377],[-89.43340018346,29.382036899199],[-89.4411894474408,29.3844657850535],[-89.4457889878839,29.3895871601628],[-89.4472699432747,29.3937399435475],[-89.450359854103,29.3956275662578],[-89.4550511125366,29.3966245702549],[-89.4597589224292,29.3967053037691],[-89.4618346101489,29.3976583635618],[-89.4638633007078,29.4004431873117],[-89.4663890506731,29.4046140106117],[-89.468440788409,29.4064833203444],[-89.4710274558285,29.407902467538],[-89.4741102924239,29.4107050623882],[-89.4724927904149,29.4129696949392],[-89.4662050972624,29.4128625883605],[-89.4630701125665,29.4128109244381],[-89.4614451716086,29.4150757268199],[-89.4645578502377,29.4165039851682],[-89.4702646576932,29.4188920921217],[-89.4780238119424,29.4231500310977],[-89.4831739819253,29.4269063422542],[-89.4868133455005,29.4283427833516],[-89.4893073885294,29.4338860466465],[-89.4913067041786,29.4385047612604],[-89.4927950086868,29.4421983860042],[-89.4947776057902,29.4472741088889],[-89.4978298772081,29.4514525357202],[-89.5024916071199,29.4538227522517],[-89.5066344638354,29.4561836061133],[-89.5097237826739,29.458527819825],[-89.5128521000738,29.459038288631],[-89.5160639167778,29.4563397792061],[-89.5145609930866,29.4526461763139],[-89.5187576130736,29.4527167394968],[-89.5234338256244,29.4546262978422],[-89.5260203376354,29.4560460215972],[-89.5286059189919,29.457463320275],[-89.5306968412404,29.4579552810631],[-89.5364802157008,29.456672955906],[-89.5391431707493,29.4548838921168],[-89.5360762774535,29.4511664525055],[-89.5356800081238,29.4451984069767],[-89.5352513536298,29.4406068951272],[-89.5331995404355,29.4387391731019],[-89.5315968750017,29.4400884681924],[-89.5304917289116,29.4428222657375],[-89.5293779275537,29.4460139457906],[-89.5272642446908,29.4468950137604],[-89.5246930947694,29.444560287116],[-89.5247466172924,29.4422682257844],[-89.5237553955466,29.4395007508565],[-89.5243117922707,29.4381348687976],[-89.5232890010309,29.436741796073],[-89.5222662044012,29.4358097755723],[-89.5212219649857,29.4357921203029],[-89.5180475568252,29.4371147431682],[-89.5137675417389,29.4411697349388],[-89.5084730169814,29.4438354827444],[-89.5069769950465,29.4401412862396],[-89.505543568619,29.4336992899921],[-89.5009122987818,29.4299534277867],[-89.4941373881654,29.4284645867486],[-89.4921679801269,29.4229289928676],[-89.4885603854718,29.4201171232701],[-89.4824339542858,29.4131390762121],[-89.4752773638781,29.4052227535988],[-89.4721877701551,29.4028782576292],[-89.470356943419,29.3909252243764],[-89.4705016063157,29.3845079186003],[-89.4716456332879,29.3799408326915],[-89.4717680350336,29.3744389537109],[-89.4702564443966,29.3716610625433],[-89.4639703475504,29.3720138351217],[-89.4587133130829,29.3732995798395],[-89.4570500913175,29.3773993984893],[-89.4601256120332,29.3802041740869],[-89.4632075062959,29.3830060873402],[-89.4662668142174,29.3867278812955],[-89.4672056758602,29.3913296942702],[-89.4629786856301,29.3930914093567],[-89.4578207074907,29.3897929369637],[-89.4568750887204,29.3851925322829],[-89.4517248136345,29.3814345003091],[-89.4465452175378,29.3790531934163],[-89.4440734356599,29.372590522743],[-89.4446683575333,29.3693910932299],[-89.4441959119657,29.367090796291],[-89.4396329814638,29.3605917375051],[-89.4376794161138,29.3545937106746],[-89.4387851074812,29.3518618389139],[-89.4460415537176,29.3547384816653],[-89.4506802993346,29.3580272236142],[-89.454251233743,29.3622171664395],[-89.4551818856824,29.3672773042405],[-89.4572408791108,29.3686888871676],[-89.4588663204303,29.3664230627135],[-89.4625448002462,29.3655690512353],[-89.4677924940313,29.3647409973408],[-89.4709434408916,29.3643365188455],[-89.4725309724078,29.3634454036235],[-89.4736599517006,29.3597956134677],[-89.4732406271092,29.3552019511818],[-89.4717063046039,29.3533417269109],[-89.4685715202322,29.35328905168],[-89.4632990536065,29.3550346172076],[-89.4596209897106,29.3558885972304],[-89.4549369878679,29.3548912896544],[-89.4523208278592,29.3548451616536],[-89.4518168882562,29.3539205873434],[-89.4528926774028,29.3525645055183],[-89.455524774423,29.3516921363709],[-89.4561041850863,29.3494065017226],[-89.4514050044102,29.3488686035068],[-89.4488193817313,29.3474500110438],[-89.4478184536889,29.3455969455481],[-89.4458052294242,29.3418941918746],[-89.4422497568185,29.3372476192408],[-89.4407239314775,29.3353877634052],[-89.4392131556124,29.3326081885207],[-89.4366641096369,29.3298139545605],[-89.4350860535504,29.3302442382124],[-89.435528628338,29.3339206569786],[-89.4359550424337,29.3380564811905],[-89.4374584664865,29.3408319326212],[-89.4369168856764,29.3417400997314],[-89.4312405868046,29.3384326806425],[-89.4286692697966,29.336553794867],[-89.4276393091025,29.3356209696681],[-89.4261063214938,29.3342167425965],[-89.4256097786188,29.3328338399143],[-89.4256411001778,29.3314558123908],[-89.4257241691888,29.3277896325488],[-89.4257772227911,29.3254960293554],[-89.4258384923851,29.322745435709],[-89.4237859084362,29.3208759400679],[-89.4234049383141,29.3149077914176],[-89.4224511763157,29.3107623352648],[-89.4240452772115,29.3094137804529],[-89.4282568900806,29.308109975194],[-89.4377403156018,29.3050643211135],[-89.444462204057,29.3083903516625],[-89.4470025040349,29.311644729235],[-89.4480021322151,29.3139555228894],[-89.4506037188549,29.3144592317593],[-89.4569285438697,29.3122724755796],[-89.4611707129331,29.3095925388292],[-89.4654662302463,29.3046210951574],[-89.4708524119089,29.2973744816012],[-89.4788626623479,29.2897128594533],[-89.4804196170085,29.2901998065575],[-89.481380935635,29.2938853302586],[-89.4835254738313,29.2916271630797],[-89.4840661913604,29.2907186023052],[-89.4840966101126,29.2893450021989],[-89.4847004630365,29.2856848835055],[-89.4863319850521,29.2829601552668],[-89.4879959892501,29.2788586263865],[-89.4932374945412,29.2780287956248],[-89.4994774359482,29.2795111072702],[-89.5057265240013,29.2805316568686],[-89.5135156586248,29.2829543023434],[-89.5244563734207,29.2845114220189],[-89.5358928226079,29.2874506159796],[-89.5395320828768,29.2884277793186],[-89.5399518763889,29.2934791322275],[-89.5372893740913,29.2957294900062],[-89.5351606381592,29.2975292009104],[-89.5366713538371,29.3003061185839],[-89.5418735650211,29.3013074767057],[-89.5439802077871,29.3008843486689],[-89.549755315052,29.2996019018733],[-89.5513270874231,29.2991692022436],[-89.5545087809206,29.2973851877268],[-89.5534865807723,29.2959933075609],[-89.5446741150216,29.2926397391322],[-89.5463291216937,29.2885375858193],[-89.5525776393167,29.2895572100715],[-89.5598651771434,29.2910511095227],[-89.5713618547771,29.2912354062118],[-89.5828440470768,29.2923358589408],[-89.5932658868798,29.293877386176],[-89.6121259192519,29.2918820496554],[-89.625683200095,29.2934673186871],[-89.6356015126217,29.2940795511344],[-89.6307796544172,29.2999687170893],[-89.62658371176,29.3008215962678],[-89.6234100707607,29.3026063748495],[-89.6186793448452,29.3039098078074],[-89.6129115148324,29.304735851512],[-89.6082117358784,29.3042030680002],[-89.6070293679116,29.311065513602],[-89.605412359976,29.3133334469577],[-89.6006362053582,29.3169280893331],[-89.5937921145834,29.3191117764517],[-89.5848583160822,29.3212630216617],[-89.5791058140232,29.321172080791],[-89.5795331524853,29.3257659760137],[-89.582607946464,29.3290234881123],[-89.5857131556015,29.3304484229578],[-89.5850646267636,29.3364008231175],[-89.5823556555147,29.3409430507815],[-89.5801894993611,29.3445787088633],[-89.5765272377294,29.3445198061933],[-89.5766185406982,29.3403936803634],[-89.5767179123349,29.3353516881246],[-89.5752453337341,29.3307383113548],[-89.5721024034394,29.3311491579238],[-89.5704845007818,29.3334175728237],[-89.5688136693876,29.3384337996897],[-89.5676313975405,29.3448357277618],[-89.5638926533455,29.3484439829708],[-89.5664026603353,29.3535294979345],[-89.5690121925738,29.3540307610541],[-89.5747649560426,29.354122196429],[-89.5757182077979,29.3582643131582],[-89.5719725501685,29.3623332907214],[-89.5723156563013,29.3710504183536],[-89.5732693868587,29.3756525309138],[-89.5736815186397,29.380703473432],[-89.5746349096339,29.3853032302499],[-89.5772519302286,29.3853449493819],[-89.5788539012647,29.3839959394053],[-89.5809975869598,29.3812781173255],[-89.5826384864887,29.3780942777974],[-89.5842708933449,29.3749106009094],[-89.5854228174068,29.3698833208438],[-89.5897487175395,29.3630746116816],[-89.5933502090406,29.3658833488039],[-89.597004657126,29.3663984504355],[-89.5984768054339,29.3710089767524],[-89.5974089789539,29.3723650971672],[-89.5957381224069,29.3769260915406],[-89.5935708523424,29.3805606892459],[-89.590328650124,29.3855528277992],[-89.5850107529994,29.3895933012646],[-89.5865137458608,29.3928282241971],[-89.5822872712637,29.3950549952892],[-89.5821881430704,29.399638964861],[-89.5863689185724,29.4001628050285],[-89.591106693568,29.398862599369],[-89.597439237806,29.3962110864612],[-89.6037638660897,29.3940171181535],[-89.6085248266027,29.3918007669596],[-89.6148803731019,29.3877750908044],[-89.6206935509685,29.3851122921495],[-89.6228683830511,29.3810202729771],[-89.6281168116582,29.3801849099432],[-89.6338083621269,29.3834828860469],[-89.639057617184,29.3826458524713],[-89.6405454366019,29.3867948036332],[-89.6378523736184,29.3908811109211],[-89.632580306743,29.3926334181205],[-89.6247146814714,29.3934275431094],[-89.6225930512132,29.3947709031887],[-89.6225093794327,29.3988952633529],[-89.6271940415371,29.4003443359362],[-89.6297954610903,29.4008441766165],[-89.6302532892714,29.4040604462223],[-89.6280867782833,29.4076946168012],[-89.6254159782474,29.4104051549663],[-89.6201900371669,29.4098651930736],[-89.6191070354469,29.411683352123],[-89.6200527449471,29.4167403570806],[-89.6231731589692,29.4177065509184],[-89.6252714231485,29.4177407589565],[-89.628979043414,29.4155047378316],[-89.6348462953691,29.4100925412274],[-89.6427654934692,29.4065443368989],[-89.6453365679321,29.4088770522362],[-89.6489682059958,29.4107665748877],[-89.6483885285329,29.4135094494038],[-89.6436504723646,29.4148123763319],[-89.6373178993806,29.417467993411],[-89.6346172582093,29.4215522323861],[-89.6382413755775,29.4234424113505],[-89.6466336157264,29.4226540206569],[-89.6449553750278,29.4281289905664],[-89.6443599285384,29.4317901085565],[-89.6437194468088,29.4377395100171],[-89.637371477599,29.4408513016026],[-89.6337246876514,29.4398786586628],[-89.6301619485733,29.4347794825432],[-89.6228527981793,29.433749545989],[-89.6201368757667,29.4382929151827],[-89.6201061920116,29.4401261515621],[-89.6211058651075,29.4424345275827],[-89.6230968982897,29.4475069281397],[-89.6282392160988,29.452170716586],[-89.6334043493194,29.4559201377338],[-89.6406828402129,29.4583235236432],[-89.6438032272854,29.4597465589646],[-89.6600079322041,29.461368165232],[-89.6657149543569,29.4642064867273],[-89.6661877188264,29.4665074456762],[-89.6661648037018,29.4678803875447],[-89.6677139241547,29.4688208393378],[-89.6703384178343,29.468860737095],[-89.6756408253084,29.4652730960663],[-89.681477230015,29.4616937698538],[-89.6872986095002,29.4585691013857],[-89.6983381964695,29.4564425464937],[-89.7024960325924,29.4583386712505],[-89.7029306518999,29.462928303813],[-89.6976283324607,29.4660585341389],[-89.6902511059377,29.4682430059943],[-89.6886105010562,29.4718870942832],[-89.6938216298161,29.4733380950031],[-89.6995968772181,29.4725087228977],[-89.703831124039,29.4702789461511],[-89.7081186409563,29.4652971799396],[-89.7181818822811,29.4594848565844],[-89.7190978485622,29.4663758333023],[-89.7169001579488,29.4718469513644],[-89.7147030754949,29.4773157737738],[-89.7151837523254,29.4796148665149],[-89.7178232640399,29.4782775576154],[-89.7178539612697,29.4769032605118],[-89.7205319406413,29.473731222298],[-89.7247354444183,29.4728771175367],[-89.7267879834514,29.4751982050912],[-89.7267195057756,29.4788671218915],[-89.7240260340586,29.4829530115049],[-89.7207226188402,29.4911560910475],[-89.7238125081089,29.4939519345482],[-89.7290389971617,29.4949459855968],[-89.7327543564133,29.4922482903615],[-89.7343643125739,29.4904389611713],[-89.7349970903517,29.484488824668],[-89.7340815346006,29.4775959540074],[-89.7373776662787,29.4693938689201],[-89.7427260279696,29.4635101711912],[-89.7349130520585,29.4611050145756],[-89.7312667912186,29.46013398381],[-89.7318461875088,29.4573919766464],[-89.7366145887674,29.4542538914528],[-89.7356307520716,29.4510309208016],[-89.7293362523842,29.4513966955516],[-89.7219739935905,29.4531251029393],[-89.7204706180467,29.4494339323526],[-89.7231410066542,29.4467209662438],[-89.7294656789554,29.4445212567387],[-89.7378580421736,29.4441860437483],[-89.7446636293587,29.4442833489246],[-89.750416482659,29.4443652312998],[-89.7551158412015,29.4453494542988],[-89.7577406016807,29.4449282474066],[-89.7619139490136,29.4459047345431],[-89.7707791395832,29.4478659232632],[-89.7760051785801,29.4483976486533],[-89.7822735211231,29.4487901294882],[-89.785419737455,29.4489873882136],[-89.7932169173902,29.4523067411317],[-89.7957196623993,29.4587604513449],[-89.7915083872968,29.4600765919174],[-89.7836648893273,29.4590497270826],[-89.7758526491365,29.4566479868942],[-89.7654079112769,29.4551239409919],[-89.761707780266,29.4569057183936],[-89.7689862127689,29.4597592456706],[-89.7741896492549,29.4616651009459],[-89.7746015375925,29.4676327433483],[-89.7719386445278,29.4703454763812],[-89.7667049195453,29.4698128289788],[-89.7708018220441,29.4749144301967],[-89.7775312841955,29.4795937483013],[-89.7838178724202,29.4792239704456],[-89.7864365764578,29.4801571389716],[-89.7931943553035,29.4825637204389],[-89.7972991845364,29.4872049593138],[-89.8003430791642,29.492748301804],[-89.8028835031096,29.496909304183],[-89.8033031501963,29.5028738646345],[-89.8022276404258,29.5042368319337],[-89.8111964669348,29.5067849995812],[-89.8157846796221,29.5080892963133],[-89.8174175284494,29.5049025895126],[-89.8174483586299,29.503068492833],[-89.8185394119498,29.5012504274848],[-89.8175472856006,29.498028958567],[-89.8160370532163,29.4943390855927],[-89.811916517839,29.4901581330378],[-89.810390692498,29.4873863174154],[-89.8114969722619,29.4841924468756],[-89.8110243703876,29.4814348896483],[-89.8068816035036,29.4786287777102],[-89.8037761536175,29.4767493431873],[-89.8017164747746,29.474886891957],[-89.7980773753041,29.4730049886895],[-89.7949641307363,29.471585498407],[-89.7908138215972,29.4692354861849],[-89.7902950418257,29.4687690803154],[-89.7908599429005,29.4669441042732],[-89.7924539243204,29.4655899127731],[-89.7956051092343,29.4651760057672],[-89.7992673466115,29.4652276133276],[-89.8039748762298,29.4657502815255],[-89.8091778590666,29.4676552374271],[-89.8138775131547,29.4690952477455],[-89.8196375305194,29.4691737392815],[-89.8216824545339,29.4719529751219],[-89.8226283158494,29.4774681058501],[-89.8256650571926,29.4834697852393],[-89.8304031681581,29.4821592548972],[-89.8356518294288,29.4817724639466],[-89.8388259627048,29.4799809698513],[-89.8449981343085,29.4864825467115],[-89.8486068949768,29.489740253254],[-89.8538101688678,29.4921014593796],[-89.856953021009,29.4921434779082],[-89.8632012996801,29.4945193902197],[-89.8684125892383,29.4959630463685],[-89.8736158568411,29.4983243021299],[-89.8782697184094,29.5015947205801],[-89.8808026072862,29.5066700231061],[-89.8828244428012,29.5112814463146],[-89.8828088103186,29.5121972896907],[-89.8806882499538,29.5135461280001],[-89.8754392895442,29.5139353437714],[-89.8701902159468,29.5143243125787],[-89.8675428098376,29.5161213171011],[-89.8696176154116,29.5170674005991],[-89.8722192936796,29.5184767488177],[-89.8743020960563,29.51896140387],[-89.8831831868065,29.5209134061087],[-89.8851974719816,29.5255204159077],[-89.8883328402582,29.5264780112024],[-89.8951765636221,29.5247335213758],[-89.9009210724717,29.5257262259118],[-89.9030422571656,29.5243770301411],[-89.8999520229438,29.5211309563166],[-89.8957941248372,29.5192437452415],[-89.8916513795128,29.5159794128035],[-89.8922162392651,29.5136964527911],[-89.8948409170993,29.5132715131981],[-89.9037139041473,29.5156783452988],[-89.9105341581261,29.515308860985],[-89.9152186899748,29.5172008717289],[-89.919331252804,29.5222958539099],[-89.9218642575635,29.5273699168224],[-89.9233974706494,29.5296806130352],[-89.9181409958323,29.5305312170871],[-89.9165313864214,29.5328009243057],[-89.919117438495,29.5346694683137],[-89.9227796156851,29.5351749273244],[-89.9301114808795,29.5357252432611],[-89.9374433559553,29.5362750489618],[-89.9427226731334,29.5340506878982],[-89.9469495286162,29.5318111436319],[-89.9485896564922,29.5277081368429],[-89.9481775265079,29.5208272088609],[-89.9462168159581,29.5125516958931],[-89.9410137109503,29.5101934244651],[-89.9321025392146,29.5105406328691],[-89.9305919654705,29.5068539489717],[-89.9353301069787,29.5055394743449],[-89.9437298462637,29.5047283913826],[-89.9510845071066,29.5034447963587],[-89.9568373190844,29.5039752561428],[-89.9593622911086,29.5099649738836],[-89.9613919491532,29.5141165766156],[-89.9644440202467,29.5201112427871],[-89.9691055040202,29.5233800756972],[-89.9695708780497,29.5270519707598],[-89.967411594008,29.5311496368273],[-89.9647028904571,29.5361572540271],[-89.9652068570096,29.5375384524591],[-89.9688537125342,29.5389591457819],[-89.9730035329898,29.5417596125345],[-89.9760707622555,29.5468401247104],[-89.9754913524905,29.5500427201336],[-89.9738961799045,29.551397330476],[-89.9712567059192,29.5527402666087],[-89.9675866612839,29.552694523857],[-89.9627651651004,29.5590522278341],[-89.9590270110985,29.5631308107023],[-89.9548080464172,29.5644543726574],[-89.9526942368918,29.5653432983846],[-89.9490091490687,29.5662138820977],[-89.942735883758,29.5658185097205],[-89.9380000787678,29.5660763204768],[-89.9363418201943,29.5724773785165],[-89.9346277933097,29.5797844206639],[-89.9304089076802,29.581106983115],[-89.9298448573099,29.5852270175851],[-89.9292186722681,29.589797220243],[-89.9270670149231,29.5929774137487],[-89.9238933379912,29.5943130293066],[-89.92277953843,29.5984241801726],[-89.9232449879181,29.6016385725992],[-89.9274103842624,29.6035226696261],[-89.9262892122276,29.6080917747917],[-89.9246642542018,29.6112795177329],[-89.9225202253502,29.6140039460795],[-89.9192696544266,29.6199193785086],[-89.9186441988168,29.6258688864987],[-89.9190943158596,29.6304576071275],[-89.9216276673688,29.6359896213069],[-89.9252058628596,29.6415347926951],[-89.9262130997703,29.6442972688796],[-89.9251142823113,29.6470326947491],[-89.9224560649777,29.6488175052],[-89.9224207513055,29.6511208073173],[-89.9255258652217,29.653909514588],[-89.9292035545201,29.6539550256545],[-89.9318507791697,29.6526139347466],[-89.9345441448854,29.6480680641683],[-89.9367645116715,29.6412222318517],[-89.9378931549945,29.636195280365],[-89.9358411693236,29.6334197748724],[-89.9327589345994,29.6292576870137],[-89.9317821433904,29.6251201609743],[-89.9318125298032,29.6228287327977],[-89.9340021436638,29.6178154794677],[-89.9388012394573,29.6128341805217],[-89.939373448327,29.6100909601035],[-89.9383739297413,29.6068706919728],[-89.9332395260899,29.6003902934075],[-89.9322397703489,29.5971687195781],[-89.9333234898229,29.5953489217795],[-89.9354519167346,29.5935422922598],[-89.9360321251018,29.5898836898851],[-89.9363523277883,29.5857708301521],[-89.9367032268062,29.5811865002592],[-89.9383513425018,29.5766237234065],[-89.941532852743,29.5743711610628],[-89.9465902330452,29.5729686805434],[-89.9536558313012,29.5708565312285],[-89.9594389793861,29.5700114059866],[-89.9588738636139,29.5722956439837],[-89.9583325199591,29.5736650269287],[-89.9561431234908,29.5791376355287],[-89.95447178904,29.5850743352573],[-89.9554259319241,29.5910430761628],[-89.9553950595228,29.5928768855345],[-89.9537317272646,29.5983556595656],[-89.9583935380248,29.602078625291],[-89.9619942129573,29.606707559435],[-89.9635282336286,29.6090172978567],[-89.9608272888268,29.6140242115228],[-89.9612469610663,29.6204453864284],[-89.9627651767785,29.6236731173396],[-89.9606063697423,29.6273129594074],[-89.9589508393523,29.632333753871],[-89.9578058395047,29.6382765182816],[-89.9582256976954,29.6446976161178],[-89.9592025706511,29.649291099146],[-89.9617275866928,29.6552795839972],[-89.9611250776486,29.6603140209699],[-89.9584466931368,29.6634861521654],[-89.9541742733062,29.6680170913049],[-89.953617266626,29.6698422284526],[-89.9557003115479,29.6707846180975],[-89.9614912965354,29.6699398761914],[-89.9651531170943,29.670900761164],[-89.9677852078263,29.6704756035175],[-89.9724847262688,29.6719081007258],[-89.9777033981821,29.6742618685688],[-89.9929393320506,29.6735319042473],[-89.9960600398217,29.6754024528226],[-89.999172564839,29.6777306750025],[-90.0017893267189,29.6786787888371],[-90.0054442033007,29.6796375493936],[-90.0070465390528,29.6782831722266],[-90.0091518621937,29.6778508919411],[-90.0101968633805,29.6783218462473],[-90.0133251951535,29.6797328454531],[-90.0113642878726,29.6705444224147],[-90.0097849148559,29.6709850428564],[-90.0087247635817,29.6714297661581],[-90.0066265793524,29.6714042288789],[-90.0055739155361,29.6718507939236],[-90.0045053632175,29.6727532350902],[-90.0029338504594,29.6727336815881],[-90.0018963016962,29.6718070323009],[-89.999821168237,29.6699491911358],[-89.9983029192871,29.6667233869374],[-89.9804883264798,29.664215049749],[-89.9731487088246,29.6632097586857],[-89.9673884480164,29.6622226494204],[-89.9695859275257,29.6562923657347],[-89.9670910319955,29.6484726036297],[-89.9687234981405,29.6448276215499],[-89.9718748941584,29.6448653247099],[-89.974484076054,29.6458135968565],[-89.9780622095611,29.6518174369019],[-89.9821745846424,29.6573626186438],[-89.9833267225033,29.6509618598522],[-89.9818311623025,29.6459046403435],[-89.9814188346888,29.6385661286034],[-89.9846460889408,29.6340225322373],[-89.9815792711036,29.6289441065304],[-89.97585743663,29.6256668601024],[-89.9722331198359,29.6224144820399],[-89.9717757264393,29.6182839869171],[-89.9760326431447,29.6146690861171],[-89.9766429926847,29.609178829493],[-89.9740719307982,29.6059377145353],[-89.9699824968927,29.5994710351301],[-89.9674038891578,29.5962323436029],[-89.9627190860179,29.5943420871384],[-89.9607354953778,29.5869861298857],[-89.9624522720055,29.5782985530292],[-89.9651227351731,29.5751220197199],[-89.9683420528097,29.5705801586343],[-89.9694331824863,29.5683009299782],[-89.9705622956282,29.5632722659692],[-89.9722028115765,29.5591691498367],[-89.9722558472125,29.5559603062743],[-89.9732244574643,29.5552746480757],[-89.974880548403,29.5555344049212],[-89.9769025339366,29.5555599645386],[-89.9780318833354,29.5551145898781],[-89.9811748792071,29.5556111681478],[-89.9869273534183,29.5565971775636],[-89.9942299461108,29.5560606993401],[-90.0016444087006,29.5544832370999],[-90.0069318592253,29.5513378576966],[-90.0153847590121,29.5473151315847],[-90.0192151547224,29.537274221792],[-90.0283092045854,29.5254659953892],[-90.0304912330718,29.5195334776087],[-90.0247766848335,29.516258071174],[-90.0158888351591,29.5147759676187],[-90.0059246582473,29.5155754160586],[-89.9969984505102,29.5163845914706],[-89.9901620627889,29.5176781175216],[-89.9875686400384,29.5162694163958],[-89.9876064896546,29.513521077625],[-89.9850581147206,29.5089060195109],[-89.9830134907435,29.5056708583889],[-89.9872554585843,29.5029735113729],[-89.9919323996688,29.5053220806028],[-89.9961059518176,29.5062893167128],[-90.0044979943372,29.5059320842402],[-90.0123712651701,29.5051079207601],[-90.0238919188388,29.5057030298669],[-90.0317962821603,29.5030456829363],[-90.0302702573934,29.4998201194774],[-90.0235793967481,29.4919476159625],[-90.0199325133757,29.4909875577649],[-90.01575109468,29.4900204656024],[-90.0131346840413,29.4899906826335],[-90.006298313388,29.4912830368019],[-90.0015682603106,29.4921440666898],[-90.0000118509275,29.4912072467237],[-89.9990123592912,29.4884447797832],[-89.9964260952152,29.4861218123472],[-89.9918178384189,29.4791909905565],[-89.9898188641296,29.4732070991563],[-89.9853022310008,29.4607747221645],[-89.9764371617037,29.4583745910787],[-89.9695858745251,29.4610412072199],[-89.9689068451883,29.4706605801265],[-89.9657636471957,29.4706220798733],[-89.9626584030239,29.4682902807324],[-89.960629194137,29.4641396231924],[-89.9565321182633,29.4585866447533],[-89.9534956697708,29.4521317611],[-89.9478194337811,29.4465590380778],[-89.9378779231605,29.446432625366],[-89.9347960818985,29.4427271308131],[-89.9342997294663,29.4408852827992],[-89.9301879230186,29.4362479815532],[-89.9212763982449,29.4365938199382],[-89.9196514483038,29.4402406089715],[-89.9196211678923,29.442073663889],[-89.9143640498815,29.4429249090315],[-89.9070404599675,29.4428291647957],[-89.900776378134,29.4413739193667],[-89.8965570855676,29.4431535662941],[-89.8917969236568,29.4458412141085],[-89.8839385585694,29.4461982625811],[-89.8787044670743,29.4461280062086],[-89.8771709090353,29.4438161852852],[-89.8792843179121,29.4424689870154],[-89.8850599300301,29.4416278149089],[-89.8897825657182,29.4412304099166],[-89.8930098720726,29.4362314404201],[-89.8909803613517,29.4325354008991],[-89.885738834501,29.4329245968645],[-89.8820464909853,29.4342528118446],[-89.8778346571308,29.4355725037342],[-89.8730590406038,29.4391786674425],[-89.8703806848381,29.4428110358939],[-89.8671842940043,29.4459774544402],[-89.8603789340929,29.4458875824651],[-89.8567320300593,29.4444623477743],[-89.8552060070889,29.442151040434],[-89.8568384983867,29.4385024799915],[-89.858990037154,29.4353233849584],[-89.856411138365,29.432995962388],[-89.8528028978212,29.4297371229898],[-89.8523294991412,29.4269807556087],[-89.8497966354172,29.421902867977],[-89.8425030465388,29.4199700376206],[-89.8378265977311,29.418073631979],[-89.836819465025,29.4157692563678],[-89.8390624585764,29.4070876533115],[-89.8448602905231,29.4048736600618],[-89.8496368628574,29.401270051497],[-89.8506283343348,29.4044914437702],[-89.8531993719668,29.4072783271262],[-89.8583798079883,29.4100984549348],[-89.8583263330761,29.4133066902674],[-89.8619273969791,29.4170233995036],[-89.8618740065085,29.4197717686826],[-89.8623016450079,29.4252795197045],[-89.8632700639185,29.4298790971967],[-89.8705795269263,29.431350894405],[-89.8726772817609,29.4309197533663],[-89.8795360725671,29.4278006869074],[-89.887440083749,29.4251537291318],[-89.8927349283068,29.4215540531676],[-89.88963739707,29.4192203948384],[-89.8817490264554,29.4209504165429],[-89.8775451319113,29.4218132947167],[-89.8754694091573,29.4208693220056],[-89.8728987003088,29.4180832009941],[-89.8708923149184,29.4130149123445],[-89.8678405232008,29.4079314568292],[-89.8647658307318,29.4042228827498],[-89.8637815340986,29.4005413248413],[-89.8628047563642,29.3964017728473],[-89.862896315353,29.391359918677],[-89.8681533192777,29.3900527087897],[-89.8734173956387,29.3882882485362],[-89.8693127882896,29.383190939567],[-89.8630869755855,29.3803559606957],[-89.8620802255617,29.3780506386313],[-89.8622254121762,29.369799174709],[-89.8664285611187,29.36847934594],[-89.8706099483734,29.3689945683082],[-89.8711892763917,29.3653341363448],[-89.8702282030052,29.3607350178909],[-89.8718765190251,29.3561712162927],[-89.8714641797332,29.3497448453295],[-89.8699307052376,29.3474326270196],[-89.8678399940931,29.3474043855107],[-89.8636289830953,29.3487234890429],[-89.8630719036516,29.3510097403578],[-89.8624920896448,29.354212472916],[-89.8623927135165,29.3597135987568],[-89.8612488033252,29.3656594256156],[-89.8544199569608,29.3669439337816],[-89.8470880333759,29.367304610966],[-89.8423887062745,29.3667833910126],[-89.8414043072333,29.3635601759937],[-89.8435938932462,29.3580842519298],[-89.8468367763876,29.3521669684411],[-89.8442808547069,29.3484647612186],[-89.8501707406139,29.3407485275554],[-89.8491708806684,29.3379837036747],[-89.8472181660229,29.3301613100448],[-89.8494000319142,29.325143159916],[-89.8525280861078,29.3256452628216],[-89.8540160842905,29.3302518129452],[-89.8581356872166,29.3339765115574],[-89.8634078160757,29.3312936231145],[-89.8659327898966,29.3368319865982],[-89.8716625717654,29.3382835308874],[-89.8748439760054,29.3355729941782],[-89.8754846320081,29.3287036290865],[-89.8744928604934,29.3254799150665],[-89.8682678212387,29.3226461235455],[-89.865162423455,29.3207715233168],[-89.8631555987884,29.3156989500128],[-89.8606075301799,29.3119966819046],[-89.8518641044504,29.3036258609862],[-89.8441666006809,29.2957239394334],[-89.8395427365549,29.2910748327436],[-89.8396420228517,29.2851143765761],[-89.8418392023236,29.2791835082768],[-89.8476453347035,29.276050458753],[-89.8507583277429,29.2774677513852],[-89.8527491084986,29.282996853951],[-89.8543208350557,29.28255928565],[-89.855869836931,29.2839559567504],[-89.8510937173475,29.2880187672417],[-89.8531306975599,29.2912583600319],[-89.8640562452006,29.294156483207],[-89.8723949583351,29.295642630754],[-89.8735162848801,29.2910716299524],[-89.8720289945698,29.2864641557202],[-89.883572335191,29.2838658429423],[-89.8877145442212,29.2862130250381],[-89.8870968356823,29.2917085391996],[-89.8880888353691,29.2949322570087],[-89.8864866577206,29.2967471395382],[-89.8817563171823,29.2985185500405],[-89.8786130365446,29.2989344915574],[-89.8769725214947,29.3030417445205],[-89.8707169152658,29.3020400783071],[-89.8753326595199,29.3071466898136],[-89.8836332912729,29.3109265460096],[-89.8889201713673,29.3073261751805],[-89.896229078318,29.3078790771769],[-89.8982126482969,29.3143271765632],[-89.8981137078515,29.3202873693714],[-89.9038051109964,29.3240271812983],[-89.9110530421022,29.3282487252719],[-89.9199340870383,29.3288235218104],[-89.9231303044973,29.3251954071854],[-89.9185300085712,29.3187164915561],[-89.9128692801982,29.3135985255462],[-89.9082151617118,29.3103286481825],[-89.9056589355022,29.3070855666899],[-89.9056897917339,29.3052511783594],[-89.9072687308644,29.3043547312589],[-89.9098855771859,29.3043887447332],[-89.913097619367,29.2998425898913],[-89.9090469360878,29.2919943900521],[-89.913257779999,29.2902134906146],[-89.9178891953632,29.2943997310114],[-89.9235042560821,29.3027291458002],[-89.9297529803176,29.3041820801928],[-89.9334527600872,29.3019376367631],[-89.9350936973453,29.2973720334347],[-89.9320951685377,29.2890801560015],[-89.9296153530262,29.2807915842217],[-89.9256025346346,29.2706502782239],[-89.9152036800247,29.2677655553836],[-89.9063080419568,29.2681107468126],[-89.9027219664443,29.2639352164646],[-89.9054152953291,29.2593832816523],[-89.91481429718,29.2595036202071],[-89.9174847316015,29.256327784144],[-89.9134105645642,29.2498534317384],[-89.9124033968238,29.247548262489],[-89.9130140194517,29.2425082626094],[-89.9104429692433,29.2397234784834],[-89.9053082601647,29.2346132890512],[-89.9064222762199,29.2304987330845],[-89.9069789559133,29.22821088735],[-89.908054887892,29.2263912375029],[-89.9070402264056,29.2245451441124],[-89.9049804002389,29.2231407515873],[-89.8971907535757,29.2202882734643],[-89.8930627630798,29.2174825951524],[-89.8894315705805,29.2160593790865],[-89.8863719751981,29.2114319899068],[-89.8947570270282,29.2097071695722],[-89.9030496134695,29.213484285094],[-89.9113886796418,29.2145087660673],[-89.9042248236601,29.2057004679522],[-89.9027904845443,29.1978829250912],[-89.8981667937932,29.1932348950862],[-89.891407210232,29.1917717382991],[-89.8877528591647,29.1917237736913],[-89.8841058931472,29.1912164314275],[-89.8809399210655,29.1930111625852],[-89.8783228286056,29.1934349831868],[-89.8741266478948,29.1947547113742],[-89.8715098958964,29.1951806389624],[-89.8668023168708,29.1955757648185],[-89.857815259053,29.2018778917507],[-89.8557705182949,29.1995561081358],[-89.854801400495,29.1949573286841],[-89.8622176165962,29.1890908789723],[-89.8734633013463,29.1727259190548],[-89.8740051669223,29.17135542802],[-89.8724560608424,29.1704177418997],[-89.8725020680597,29.1676668034307],[-89.871990729932,29.1672013669741],[-89.8682904012917,29.1699047776588],[-89.8656812643119,29.1698700762688],[-89.8657271385785,29.1671168632355],[-89.872608778034,29.1617030124389],[-89.878956152559,29.1567399792667],[-89.8858228790824,29.1517859746546],[-89.8884629064298,29.1499842618438],[-89.895313733671,29.1459458546744],[-89.90375923134,29.1400921324943],[-89.9201323326451,29.1283732583201],[-89.9349102496862,29.1180093347149],[-89.9412349642082,29.1139590017019],[-89.9459577454234,29.1121830534112],[-89.9475901765341,29.1080734663227],[-89.9528318623866,29.1063052683358],[-89.9601638326838,29.1045600576013],[-89.9648782640584,29.1032423074815],[-89.9654505313186,29.1000389192505],[-89.9670529802584,29.0977637958202],[-89.9696545022195,29.0982551082131],[-89.9711726649311,29.1010272223836],[-89.9742552796427,29.1038180373487],[-89.9815260908388,29.1057429730314],[-89.9868355860205,29.0998430157153],[-89.9843410049007,29.0929293876096],[-89.979138278982,29.0919463666122],[-89.9765665909698,29.0896216225806],[-89.977634953744,29.0882591969541],[-89.9875759828676,29.0860871199611],[-89.9938091168413,29.0875378056663],[-89.9954497342992,29.0829693088824],[-89.9975708327548,29.0807015004201],[-90.0028041606819,29.0793865075447],[-90.0069696720105,29.0794385387133],[-90.0116393430295,29.0813287647701],[-90.0168884031522,29.0790968416394],[-90.0169721935103,29.0735917172698],[-90.0305908957627,29.0691655315194],[-90.049847401382,29.0712285392784],[-90.0744977836326,29.0614148322351],[-90.0755429294482,29.0609691672421],[-90.0792051407744,29.0610111867313],[-90.0796934748443,29.0628521399089],[-90.0796630111763,29.0651446741879],[-90.0780760698533,29.0669630410277],[-90.0754439611551,29.0678493165312],[-90.0722850318652,29.0701096442899],[-90.0644649853145,29.070018730074],[-90.0623669537988,29.0709135946956],[-90.0623289442825,29.0736664555729],[-90.0576141140559,29.074987448274],[-90.0570796326315,29.0758996033372],[-90.0508007214093,29.0772028328625],[-90.0461086482038,29.0771489359592],[-90.0393417676276,29.0766114719855],[-90.037731811467,29.079802415434],[-90.0476270399858,29.0803786649785],[-90.0491373442353,29.0840664574605],[-90.0594450962006,29.0919849022714],[-90.0520751747776,29.0969468984637],[-90.0474283146787,29.093680993136],[-90.0432629560636,29.093175294659],[-90.0411117478763,29.0977365089476],[-90.0410658673214,29.1004897009089],[-90.0420653877038,29.1032553258026],[-90.0425150960131,29.1083069167949],[-90.0424392287958,29.1133547916934],[-90.0418822508618,29.1156411706592],[-90.0486645366468,29.1152621011655],[-90.0516859778841,29.1226385198114],[-90.0548062984814,29.1231326460438],[-90.0610696445947,29.1232052507635],[-90.0662735508996,29.1237238244818],[-90.0714844622671,29.1242428162046],[-90.0803339529806,29.1252622227228],[-90.0803112848927,29.1270964552323],[-90.0734827268874,29.1302296178039],[-90.0677304278476,29.1310822083818],[-90.0614894264287,29.1300923962102],[-90.0541653684924,29.1313849114785],[-90.0541199397902,29.1341357412388],[-90.0556378392955,29.1373661994162],[-90.0613137716546,29.1415608042801],[-90.067577744792,29.1416329377767],[-90.0717738033319,29.1398451920284],[-90.0743906757046,29.1394162815481],[-90.0764814155952,29.1394415518724],[-90.081669616654,29.1413353444081],[-90.0864527314186,29.1354235158029],[-90.0915800419725,29.1419059282686],[-90.0925716724517,29.1455877179552],[-90.0878341211367,29.147826776705],[-90.0852014177537,29.1491743866475],[-90.0789229574857,29.1504785476973],[-90.0710872227569,29.1513080392361],[-90.0658382668388,29.1530829171503],[-90.0668453654089,29.1558465213869],[-90.0689126754402,29.1572472087954],[-90.0715067602491,29.1581948619891],[-90.0772520380567,29.1578001499379],[-90.082989494233,29.1578665688538],[-90.0845074718917,29.1610952556689],[-90.0881238035613,29.1638896585181],[-90.0896116247759,29.16895283992],[-90.0869410618953,29.1735096657531],[-90.0873759929182,29.1794789221988],[-90.0842021704592,29.1821935229419],[-90.0816313592027,29.1794132498173],[-90.0801513937553,29.1734308820723],[-90.0797235189989,29.1670045340022],[-90.0766340142092,29.1642179355349],[-90.07243758736,29.1655447887424],[-90.0656553644571,29.1654668743644],[-90.0656092503403,29.1686797683505],[-90.067112343813,29.1728249172011],[-90.0649683517924,29.176470513473],[-90.0654337967889,29.1806020277705],[-90.0680125680171,29.1824681600811],[-90.0668833425859,29.1884180177265],[-90.0705379101472,29.1884593483624],[-90.0747493334717,29.1857541371993],[-90.0757874760214,29.1862254209074],[-90.0767942736558,29.1889898833669],[-90.0783273573844,29.1913024720088],[-90.0809063082756,29.1931659346859],[-90.0803420252417,29.1963703257757],[-90.0735208684561,29.1985878015005],[-90.0698666413562,29.1985455582515],[-90.0678064819145,29.1962280968957],[-90.0631300501747,29.1947970730308],[-90.060482371876,29.1975190348916],[-90.0609401883791,29.2016530991233],[-90.0608565085138,29.2071562145576],[-90.0561187478912,29.2098560209414],[-90.0498393650534,29.210698376787],[-90.0440717452465,29.2120093748227],[-90.040844677844,29.2183946008969],[-90.042873698983,29.2225458665352],[-90.0475353130121,29.224893923783],[-90.053288222008,29.2245011241073],[-90.0554321430617,29.2208569962351],[-90.0575906302978,29.2162943686315],[-90.0618173645079,29.2131313416409],[-90.0643735197506,29.2168314944159],[-90.0638014411367,29.2200350171196],[-90.0621835303942,29.2232286445755],[-90.0616196129746,29.2259729868079],[-90.061054849342,29.2291783276887],[-90.0605129271721,29.2305484128053],[-90.0625652658809,29.2328651301582],[-90.0635727543198,29.2351697796221],[-90.0635115206585,29.239298518336],[-90.0650680755687,29.2402325888265],[-90.068188413234,29.2411870793371],[-90.071804723344,29.2439794455302],[-90.073849272761,29.2467549512101],[-90.0784881198876,29.2509365541645],[-90.0836837643868,29.2532891761128],[-90.0889019628879,29.2533475655679],[-90.0915569956939,29.2506257248865],[-90.0921446987056,29.2460451068868],[-90.0937923014632,29.2405590153472],[-90.0912597746074,29.2350269531812],[-90.0881924078995,29.2304046987838],[-90.0856672786702,29.2244132157477],[-90.084743733303,29.2161448037342],[-90.0895503938095,29.2088601543485],[-90.0937544204059,29.2075321582595],[-90.0963175411853,29.2107710779858],[-90.0972942290881,29.2153685576024],[-90.0988126900404,29.2185968351344],[-90.0998042998583,29.2222781880278],[-90.1013534634304,29.2236708280054],[-90.1039470577592,29.2246174223327],[-90.1044277345896,29.2273757921945],[-90.1048853633448,29.231967038407],[-90.1043287438385,29.2347145516888],[-90.1052972229362,29.2397698050999],[-90.1057705407679,29.2429861642294],[-90.1072732497617,29.2475889351856],[-90.108265618656,29.2517288580192],[-90.1128661831785,29.2591162833334],[-90.115482636038,29.2586849765226],[-90.1150248788237,29.2540973537475],[-90.1140487128421,29.2494980702666],[-90.1125680251491,29.2430624747763],[-90.1147274870573,29.2384989638991],[-90.1178099948693,29.2422019132182],[-90.1187938692944,29.2463408853589],[-90.120846401141,29.2491150266903],[-90.1234098551953,29.2523541753499],[-90.1244167579326,29.2551167165532],[-90.1259502387165,29.2574248423066],[-90.1275293799679,29.2565284026451],[-90.1301847936596,29.2538044505392],[-90.1338692939845,29.2515511881405],[-90.1374631318394,29.2561772024505],[-90.1405684397916,29.2580442007167],[-90.1394849934055,29.2607817569055],[-90.1373562996942,29.2639701877199],[-90.1352276419155,29.2666998584948],[-90.1346475566174,29.2703625935369],[-90.1367381078618,29.2708427997247],[-90.1398815690608,29.2699598886253],[-90.1409494539312,29.2681382775691],[-90.1430705577767,29.2663253459074],[-90.1456645464658,29.2672695678213],[-90.1482892728091,29.2668381997944],[-90.1509363806776,29.2641163294294],[-90.156643524103,29.2673886001658],[-90.1581234563128,29.2733665936681],[-90.1585812368832,29.2779560904778],[-90.1559415167596,29.2802224164704],[-90.1517760485501,29.2792609075955],[-90.147091105273,29.2778346257219],[-90.1397445086063,29.2795916044964],[-90.1401943310017,29.2850990848622],[-90.1453369452548,29.2911174836022],[-90.1469156346536,29.2902171901515],[-90.1485030134562,29.2888567794338],[-90.1521726969688,29.2879787891247],[-90.1542552415291,29.2884600861909],[-90.1583979374462,29.2917140312313],[-90.1625488053374,29.2935936237669],[-90.1657144333643,29.2917911249109],[-90.1688883609261,29.2886142580334],[-90.1720851883412,29.28452094639],[-90.1763118551778,29.280895533352],[-90.1810495484267,29.278651121139],[-90.1837127559017,29.2745514613318],[-90.181141559268,29.2717721485363],[-90.1801418008321,29.2685522645879],[-90.1827894189437,29.2658273867346],[-90.1854367468995,29.2631034918701],[-90.1870388922087,29.2608263953159],[-90.1891596475078,29.2580983593181],[-90.191280653437,29.2558256287775],[-90.1944775500223,29.2512728227862],[-90.1987041440953,29.2481052799808],[-90.2008251661942,29.2453735962397],[-90.1971859759938,29.2439625329882],[-90.1935543280486,29.242088769531],[-90.1915018761521,29.2393150898866],[-90.1900370140796,29.2319615611955],[-90.1859249704766,29.226874295954],[-90.1870086180853,29.2241328291895],[-90.1906553110149,29.2246309442614],[-90.1932571267251,29.2255725029406],[-90.1963466162435,29.2288159675453],[-90.2014812759147,29.2352908356963],[-90.2045708813158,29.2389915667385],[-90.2071045175909,29.2449813846161],[-90.208118665241,29.2468261650252],[-90.2096523472475,29.2495916951372],[-90.2085387758584,29.2546275151839],[-90.2106289929295,29.2546485406027],[-90.2132152731752,29.2565088541537],[-90.2142222316081,29.2597313415161],[-90.2131392999567,29.2624684677555],[-90.2156720540861,29.2689164940415],[-90.2145736929714,29.2730328848389],[-90.2124597298341,29.2743870463431],[-90.208263912941,29.2757208944187],[-90.2040295744919,29.2798044336104],[-90.2049603809415,29.2880712325223],[-90.206463539093,29.2935894746563],[-90.2100721335731,29.2968364303621],[-90.2137114261813,29.2987077874948],[-90.2163050986635,29.3001098225938],[-90.2183650613741,29.3024235361742],[-90.226688888526,29.3057159389875],[-90.2324564957566,29.3043986949649],[-90.2387206216076,29.3049190604897],[-90.2429162354814,29.3040436672488],[-90.2459761470707,29.3100356029843],[-90.2417415633816,29.3141216804417],[-90.2395823691714,29.3191427311308],[-90.2405593086025,29.3246552516768],[-90.2373854430244,29.327833091972],[-90.2388501317221,29.3356435916441],[-90.2430004938618,29.3384356446688],[-90.2513547721052,29.33943616031],[-90.2550473635559,29.3367194833313],[-90.2582367412423,29.3330828158287],[-90.2629591496567,29.3317514885308],[-90.2697565549862,29.3318164765979],[-90.2708627871394,29.3267842886113],[-90.2688186734054,29.3230949769438],[-90.2636458892335,29.3184593590349],[-90.2584349302553,29.3170328342886],[-90.2558786501468,29.312425833654],[-90.2564817359094,29.3064680651253],[-90.2575956792011,29.3009756656271],[-90.2644238410493,29.2978320519161],[-90.269169258013,29.2951254864206],[-90.2718322166547,29.2910237110761],[-90.2713744576438,29.2855165430529],[-90.2750823249459,29.281882054432],[-90.2787747331403,29.2791644687249],[-90.2819787497726,29.2732336225838],[-90.2888376870041,29.2677943439755],[-90.2951014005284,29.2687687856588],[-90.3003050535085,29.2706515923517],[-90.3039287253122,29.2734389118489],[-90.3044020027197,29.2775712862565],[-90.3038222839342,29.2821509239131],[-90.3058284968482,29.2890490989714],[-90.3052562664189,29.2931718465456],[-90.301571333106,29.2954302028471],[-90.2989394480883,29.2972410740631],[-90.2994047861852,29.3018300851344],[-90.300404287703,29.3055081741759],[-90.2998086965847,29.3114656203992],[-90.2987102204856,29.315582577559],[-90.2965589871455,29.3210653780904],[-90.2949263718802,29.3260943434623],[-90.3011745634147,29.3284437265895],[-90.3079721798483,29.3285073023518],[-90.3168377405239,29.3304226444791],[-90.316280956626,29.3331696142405],[-90.3151595357578,29.3395789825835],[-90.3214153045818,29.3410115670219],[-90.3271452894699,29.3433578500637],[-90.3308300655777,29.3415550156359],[-90.3324323573123,29.3383596982234],[-90.3314479681526,29.3333064401953],[-90.3304483570404,29.3291701789487],[-90.3283812347569,29.3273182323812],[-90.3247802588888,29.3217822320931],[-90.3232385962494,29.3194757614032],[-90.3269163960406,29.3181333747308],[-90.330051923319,29.3181620755024],[-90.3316614662546,29.314966290574],[-90.3339274890166,29.299854652597],[-90.329784589182,29.2966050618639],[-90.3204083272843,29.2937691687501],[-90.3173106729782,29.2905317168961],[-90.317356724213,29.2868631586193],[-90.3262451074866,29.2864855655568],[-90.3340955682979,29.2856389365305],[-90.3351785682213,29.2819798360613],[-90.3347135607043,29.277387606658],[-90.329532803086,29.2732142598645],[-90.3254131211081,29.2685904597017],[-90.3249326463987,29.2649162479128],[-90.3286024107597,29.2635730640216],[-90.3343699991256,29.2622488957882],[-90.3425792201118,29.2751656368116],[-90.3477672675588,29.2784215222524],[-90.3498652496672,29.2775229050126],[-90.3504148039237,29.2752347770735],[-90.3509716381273,29.2720288751904],[-90.3515589000662,29.2669899083464],[-90.3541837144443,29.2656368070938],[-90.3625376531245,29.266169518275],[-90.3692899261959,29.2698964903267],[-90.3723873523298,29.2731334049953],[-90.3760039561889,29.2768324004191],[-90.3828017693536,29.2768920881278],[-90.388004477306,29.2783112692199],[-90.388996660249,29.2838246652022],[-90.3863336980141,29.2879293590204],[-90.3831908135335,29.2883603747788],[-90.3795439723819,29.2878707863921],[-90.3789718174111,29.291994917317],[-90.3752943185555,29.2937979053605],[-90.3903776798612,29.3003462078171],[-90.3976944443756,29.300866750676],[-90.3987777560144,29.2972060836398],[-90.4040111962309,29.296792593447],[-90.4045684966601,29.2931278881903],[-90.4019818508001,29.2908120256866],[-90.4004560577985,29.2871299896654],[-90.4041638712017,29.282574619271],[-90.4037058741372,29.2766098480325],[-90.4068571857135,29.274800678949],[-90.4089090743663,29.2789463806265],[-90.4125331423272,29.2821859524025],[-90.4145626871839,29.2872490082814],[-90.4144863088252,29.2945849852826],[-90.4180953901922,29.2991999271686],[-90.4202007106381,29.2978430000673],[-90.4202465732266,29.2937159660441],[-90.4197962522663,29.2868324221478],[-90.4198576934385,29.28132965495],[-90.4220239070843,29.2740100356157],[-90.4220702457799,29.2698818224511],[-90.4163483088984,29.2670828087902],[-90.4074976225273,29.2642578661014],[-90.402775595897,29.266052384871],[-90.3975338300944,29.267384630229],[-90.3923305041012,29.2655071674711],[-90.3866318344838,29.2608714819793],[-90.3903544655977,29.2549408010795],[-90.3951000514446,29.2513120871414],[-90.395146201494,29.2467261339653],[-90.393101338565,29.2430415096828],[-90.3936884819263,29.2366239120536],[-90.3963435129356,29.232518131245],[-90.3968930294629,29.2306895788708],[-90.3985030485056,29.2265740828356],[-90.4011271469264,29.2252196959944],[-90.404278325552,29.2238693404808],[-90.4063532946194,29.2248044054873],[-90.4078949392926,29.2275695930149],[-90.4120222174245,29.232190764256],[-90.4146162680974,29.2340463037557],[-90.4172026004454,29.2359021921605],[-90.4197889732175,29.2382166993578],[-90.4234202636333,29.2405404710503],[-90.4260146915986,29.2423957463286],[-90.4301878574718,29.2433462779321],[-90.4343761779238,29.2424644635302],[-90.4375196786487,29.2415720863269],[-90.4380839518011,29.2374479230728],[-90.4360319355876,29.2337624771645],[-90.4339717581796,29.2305348720597],[-90.4324306974113,29.2282277319397],[-90.4303404641706,29.2286712797908],[-90.426670228194,29.2295583085824],[-90.4230237212157,29.2290690595007],[-90.4188655572078,29.2267423470711],[-90.4168059690946,29.2244318154921],[-90.4157983971124,29.2207539911723],[-90.4142650079567,29.2175298797184],[-90.4116940933939,29.2142991678044],[-90.409107938014,29.2119832355815],[-90.40443868561,29.2091923059315],[-90.4002955153825,29.2059475707198],[-90.397724356478,29.2022554176078],[-90.3961990800076,29.1985718020779],[-90.3962215360931,29.1962791616432],[-90.3988535154339,29.1944691730104],[-90.4014705602831,29.1944902586194],[-90.4045683996421,29.1972678575951],[-90.4066205865357,29.2009531133731],[-90.4091994332223,29.203726043408],[-90.4123197142938,29.2051281999436],[-90.4139067598214,29.2033071238396],[-90.4134258458357,29.1991745150656],[-90.4118920353701,29.1959513526232],[-90.4119231404352,29.1936585171428],[-90.4124648982133,29.1918302106719],[-90.4161114393276,29.1918589084777],[-90.4187052896763,29.1937133763809],[-90.4207500825367,29.1978586172182],[-90.4233213761885,29.2015501508171],[-90.4253735621837,29.205237200409],[-90.4269073780391,29.2084590029614],[-90.4273951425772,29.2116758892587],[-90.4284025780155,29.214893682852],[-90.4294022331451,29.2190315222215],[-90.4314697911115,29.2208816083334],[-90.4345897038736,29.2227416388107],[-90.4371760209502,29.2245981397833],[-90.4397625985383,29.2269121985356],[-90.4418380913235,29.2287639147841],[-90.4454694895371,29.2306282022763],[-90.4475905017544,29.2278927124656],[-90.4455378387538,29.2246648980299],[-90.4424481120802,29.2200525043708],[-90.4409302476092,29.2154542141183],[-90.440434214079,29.2131563774189],[-90.440975729312,29.2113268701326],[-90.4420360449779,29.2094992519782],[-90.4420744353798,29.2058309886216],[-90.4405335363084,29.2035239617388],[-90.4379314358322,29.2021280885521],[-90.4348263030515,29.199808594864],[-90.432766728413,29.1970406097802],[-90.4348948391177,29.1933874130303],[-90.4380384647084,29.1920364105884],[-90.4411663985277,29.1929785620741],[-90.4432108778761,29.1966645452603],[-90.4468043438285,29.2031157267583],[-90.4488492534699,29.207261437407],[-90.4519082748288,29.2141653594182],[-90.4539300789028,29.2210608257514],[-90.4544031919185,29.2256532684029],[-90.4533199961624,29.2297711085555],[-90.4527553124799,29.2338953129987],[-90.4522061543804,29.2361850823511],[-90.4521911049044,29.2380207128855],[-90.4542507307468,29.2403281966944],[-90.4563335510899,29.2412617623988],[-90.4594539040265,29.2422011952242],[-90.4615447157823,29.2422192187531],[-90.4631160551655,29.2417720541747],[-90.4662672796051,29.2404220408107],[-90.4693949798625,29.240904347982],[-90.4730498420712,29.241391451564],[-90.4756433591449,29.2432452636852],[-90.4771769549131,29.2460095729996],[-90.4792524530882,29.2478592672807],[-90.4823806528089,29.2487998983002],[-90.4849589030142,29.2515715997204],[-90.4859663932498,29.2557081598431],[-90.487499624302,29.2589297022026],[-90.4900859117342,29.2617019810173],[-90.4952966919477,29.2631173261033],[-90.4984631706792,29.2599296445596],[-90.4985011846871,29.255803022813],[-90.4954267105087,29.2502744887506],[-90.49284812613,29.2465869189534],[-90.490292069702,29.2406045428439],[-90.4872022873328,29.2359937898044],[-90.4820066590033,29.2332055031133],[-90.4778331787197,29.2327147012896],[-90.4752390696563,29.2313184112953],[-90.4705852844449,29.226236630032],[-90.4674955955005,29.2220861356843],[-90.4664960337956,29.2179499297248],[-90.4660233366998,29.2128999695533],[-90.4655347187623,29.2096844852071],[-90.4634598215601,29.2078332504885],[-90.4598124854368,29.2073475837074],[-90.4566995966018,29.2050291333889],[-90.4546630502757,29.2004268637256],[-90.4541747251889,29.1967525793715],[-90.452671460138,29.1907773115302],[-90.4500929009122,29.1880055707747],[-90.4469800794509,29.18568788926],[-90.4444012489338,29.1829147717955],[-90.444431998266,29.1797032646101],[-90.4454924477808,29.1783355107131],[-90.4486202423613,29.1783611000941],[-90.4512066546593,29.1806749667803],[-90.4543044913233,29.184369515706],[-90.4563564338751,29.1880548287821],[-90.4584089729082,29.1912813849601],[-90.4625441867573,29.194981569804],[-90.4656720442198,29.1954664576549],[-90.4667475108712,29.1922638788799],[-90.463657913555,29.1885706291012],[-90.4600569448734,29.183037824453],[-90.4569666280066,29.1793430573738],[-90.4533428385234,29.1761035432729],[-90.4502450324022,29.1724112106126],[-90.4497571241337,29.1691943655481],[-90.4503142592729,29.1659877489027],[-90.4498255326392,29.1627730966628],[-90.4477737266314,29.1595462378556],[-90.4451949482166,29.1563120532482],[-90.443661123378,29.153090388898],[-90.4436992406921,29.1494196312576],[-90.4453011757956,29.1457634069195],[-90.4479185449366,29.145324669991],[-90.4510083955778,29.1494774969876],[-90.4540982444223,29.1531725506287],[-90.4566619320386,29.1577812611831],[-90.457646084043,29.1632926168045],[-90.4581339527857,29.1669670171624],[-90.4596676204191,29.1701906448152],[-90.4617428086755,29.171583357104],[-90.4632990949894,29.1720545003982],[-90.4653670733673,29.1739040232752],[-90.4663739006462,29.1780422841564],[-90.4678846513584,29.1830995213092],[-90.4715085971484,29.186338399648],[-90.4741177161619,29.1868178338396],[-90.475720049219,29.1831602001224],[-90.4747354956676,29.1771870494952],[-90.4711347686328,29.1716557903268],[-90.4690825754511,29.1679695422941],[-90.4680678367095,29.1652100726996],[-90.4675790759398,29.1619954502369],[-90.4660613363347,29.1573938746316],[-90.4629483720413,29.1550766204629],[-90.4613996252875,29.1536875997602],[-90.4593395152531,29.1509189360286],[-90.4583325568203,29.1472414131841],[-90.4573255112508,29.1435638528516],[-90.4547620760611,29.1389550937036],[-90.4521982321379,29.1348072634282],[-90.4506802365129,29.1306662542165],[-90.4496733194025,29.1265309220206],[-90.4491848595685,29.1237737152258],[-90.4497420324369,29.1201070961959],[-90.4513287536727,29.1182831295596],[-90.4539457823523,29.1169289531849],[-90.4570658145903,29.118329910493],[-90.4596219419852,29.1229380357924],[-90.460636453453,29.1261564715212],[-90.461117599204,29.1302902219289],[-90.4600413662897,29.1330351983029],[-90.461063814373,29.1353357170529],[-90.4631164144916,29.1385613348051],[-90.4651683696198,29.1422489318918],[-90.4666867443338,29.1468484227433],[-90.4687621347111,29.1477812134897],[-90.4708447834759,29.1482559298129],[-90.4734466306272,29.1491946115005],[-90.4754986549256,29.1528807521939],[-90.4759942383999,29.1551774031114],[-90.4780773156611,29.1561118762813],[-90.4801599266967,29.1561276140285],[-90.4817320548007,29.1556813956738],[-90.4843338588328,29.1566174206879],[-90.4874465599199,29.1580177178941],[-90.4884613229159,29.1612379874559],[-90.4884302403088,29.163988407892],[-90.4894527440877,29.1662908817885],[-90.4915358231455,29.1667662844227],[-90.4936261623875,29.1663215014995],[-90.4962354430977,29.1668003954144],[-90.4977840290531,29.1686474503349],[-90.4998442334105,29.171415174878],[-90.5023923388499,29.1778569239561],[-90.5054901027503,29.1815508724101],[-90.5080761835701,29.1834044153557],[-90.5117229070424,29.1848068709676],[-90.5153852674888,29.18391595531],[-90.5175063470798,29.1802604345875],[-90.5170178108889,29.1765887470419],[-90.5149502601091,29.1742805587177],[-90.5128747673238,29.1733476980546],[-90.5107996141018,29.1714973799906],[-90.5092587913871,29.1691902545351],[-90.5082442215288,29.1664301196242],[-90.5056730608277,29.1618256677115],[-90.5046736635145,29.1572298261523],[-90.5052380911772,29.1531051127269],[-90.5057796935468,29.1512740588219],[-90.5063134509291,29.1499009638995],[-90.507397369829,29.1457801842431],[-90.5079538141637,29.1416557799877],[-90.5058944290698,29.1393457416337],[-90.5027735353474,29.1384051347213],[-90.5001646561841,29.1383862424002],[-90.4991040970748,29.1402133738027],[-90.4985470616486,29.1434202648366],[-90.5000729597532,29.1475622241952],[-90.5000426479006,29.1507726241864],[-90.4989667797022,29.154435420936],[-90.4963425312627,29.1553313269659],[-90.4927033536388,29.1543876538312],[-90.4906356196026,29.1520776914707],[-90.488575357753,29.1493096284596],[-90.4870343868164,29.1470054949819],[-90.4849745543614,29.1442350757121],[-90.4834331136058,29.1419307758643],[-90.4839822806885,29.1387243538492],[-90.4860879191381,29.1369061683496],[-90.4887129329422,29.1355495984272],[-90.4903071937382,29.1328083269348],[-90.489307862002,29.1282132149509],[-90.4882858747544,29.1254520299595],[-90.4862256650071,29.1231448308018],[-90.4841581402784,29.1208346276003],[-90.482616620471,29.1185279762246],[-90.4816098884136,29.1153081857801],[-90.4816400574341,29.112097620703],[-90.4821822634716,29.1098056305943],[-90.4848063322481,29.1084501998777],[-90.487415463838,29.1084706995949],[-90.4899870916631,29.1117020746977],[-90.4915206847363,29.1149242508126],[-90.4935876992219,29.1172342610734],[-90.4961897970032,29.1177136969286],[-90.4977843677179,29.1145124096313],[-90.497814521467,29.1117594303283],[-90.4973187969573,29.109003014263],[-90.4973262772287,29.107627480438],[-90.4994319480176,29.1062677379678],[-90.50204145151,29.105826813003],[-90.5041014312886,29.1081370753931],[-90.5051239269827,29.1104394908548],[-90.5077177827212,29.1122940353809],[-90.510334547296,29.1113948471639],[-90.5113953094245,29.1091077310381],[-90.5114176604071,29.1072726856287],[-90.5119592996077,29.1049838822123],[-90.5146067614124,29.1004153957203],[-90.5167200418301,29.0976775198896],[-90.5182995127633,29.095854074835],[-90.5219614366285,29.0945031646805],[-90.5245707748309,29.0949814034064],[-90.5266306216589,29.0977476676569],[-90.5266001588893,29.1005005775338],[-90.5255399204785,29.1027879045678],[-90.5244714723645,29.1050732672249],[-90.5249752242196,29.1069117401381],[-90.5259973758589,29.1096748575406],[-90.5275389774129,29.111518658899],[-90.5280348546363,29.1142761345659],[-90.5264556334348,29.1165594927782],[-90.5233047548465,29.1183713148582],[-90.5201837129021,29.1174311996019],[-90.5180785092371,29.1192512637426],[-90.5175445739884,29.1210820304401],[-90.5169871118624,29.1242890105826],[-90.5148965839743,29.1251929592695],[-90.5112422059574,29.1251647207289],[-90.5081217308499,29.1242242438082],[-90.5055201208539,29.123287633359],[-90.5023919390996,29.1237247457688],[-90.4992413937862,29.1259945295916],[-90.4976542278844,29.1282756470629],[-90.4991880913505,29.1314998918742],[-90.5038725836733,29.1324520284381],[-90.5080456399521,29.132482082285],[-90.5096094002492,29.1324933549275],[-90.5132568935777,29.132979657711],[-90.5158508400461,29.1348339504072],[-90.5189483533166,29.1380654906194],[-90.5220608603675,29.1399234122292],[-90.5231063610177,29.1399317244755],[-90.5246625161776,29.1404008239153],[-90.5262491493785,29.1381192716721],[-90.5262953542252,29.1330754370043],[-90.5257993467461,29.1303192107965],[-90.5258295373261,29.1271064752735],[-90.5274244035866,29.1243646553422],[-90.5290036697039,29.1225410569216],[-90.5316202941415,29.1216424589467],[-90.5352751626385,29.1212101019719],[-90.5384104527617,29.1207749604046],[-90.5410430438553,29.1184991001806],[-90.5436749342629,29.1157633025154],[-90.5452770930468,29.1116468993043],[-90.5463526935472,29.1079846953235],[-90.5468943579006,29.1056934981624],[-90.5479629138125,29.1029480824694],[-90.5495495640814,29.100665002261],[-90.5521666763043,29.0993060312273],[-90.5542566669999,29.098862278158],[-90.5568586740513,29.0993388969521],[-90.5589261349996,29.1011888574706],[-90.5599488004753,29.103489493611],[-90.5604443983226,29.1062466648528],[-90.5625116230139,29.1085552186008],[-90.5646026108395,29.1081102088165],[-90.5667002129605,29.1072081906929],[-90.5677607729681,29.1049205113679],[-90.5683025406278,29.1026292271512],[-90.5704085357085,29.1003494781365],[-90.5730407189669,29.0976140636979],[-90.5751308947155,29.0967123374267],[-90.5767100835777,29.0953467017251],[-90.5772521045622,29.0930554273404],[-90.5762217207616,29.0912129546975],[-90.5741621856491,29.0889042490846],[-90.574177172243,29.0866109213831],[-90.5778389990901,29.085718932064],[-90.5814788324842,29.086660790085],[-90.5835538662304,29.0875912221988],[-90.5856214682142,29.0903591607802],[-90.5871546040449,29.0931221110207],[-90.5886886606489,29.0972612579563],[-90.5902297196205,29.1000237514041],[-90.5912443218181,29.1027842225939],[-90.591236694223,29.104161887772],[-90.5901758296866,29.1064463879541],[-90.5906717563173,29.1092033787334],[-90.5922132473785,29.1115082496306],[-90.5958524672233,29.1129081309902],[-90.5984689910496,29.1124676041323],[-90.6011012075457,29.1092717103462],[-90.6037180592571,29.1079136668531],[-90.6057935331778,29.1093022269664],[-90.6073497476265,29.1102309467833],[-90.6094400545292,29.110244709038],[-90.613102461688,29.1084329541804],[-90.6152156801219,29.105235534068],[-90.6173214137929,29.1024961091041],[-90.6199305247216,29.1025107789571],[-90.6214796568526,29.1048158907974],[-90.6214568953399,29.1071083420954],[-90.620907573747,29.1107752745371],[-90.6198317154302,29.1144381059342],[-90.6192901382134,29.1176469938647],[-90.6187407699081,29.1208551366214],[-90.6176649843548,29.124977698762],[-90.615017274615,29.1290888226246],[-90.6097836816849,29.1313490867464],[-90.605610283148,29.1313221344242],[-90.6019709366409,29.1299215118217],[-90.5988506995869,29.1289841065718],[-90.5978281050782,29.1257676991874],[-90.5962875491631,29.1234630614537],[-90.5947235436259,29.1234508947825],[-90.5921061385522,29.1243522455091],[-90.5915801489022,29.1252655083883],[-90.5905117142629,29.1275525909398],[-90.5889326727244,29.1298357909541],[-90.5863081233493,29.1311961862887],[-90.5826612839944,29.1311713902412],[-90.5795176063014,29.1320682006262],[-90.5774272356184,29.132970051764],[-90.5768859539474,29.1348014867803],[-90.5778924542394,29.1389396593298],[-90.5810210932362,29.1398785555892],[-90.584675294285,29.1394431430858],[-90.5872773049296,29.1399177786694],[-90.5888258792069,29.1417645363981],[-90.5898557815105,29.1436055169546],[-90.5929835177004,29.1436265847691],[-90.5956079493962,29.1418084805051],[-90.597179852023,29.1413603757398],[-90.5997966031232,29.1400024224805],[-90.6034509083765,29.1400250563457],[-90.6065795922891,29.1405032623736],[-90.6107602743662,29.1396145412652],[-90.6149409941726,29.1387233981729],[-90.6196408342121,29.1382952315488],[-90.6243179468748,29.1401581297514],[-90.6269113848967,29.1424690866557],[-90.6305505840802,29.1434088074443],[-90.6393931020704,29.1471330956494],[-90.6435436510597,29.1503705230703],[-90.6456038419424,29.1531361364737],[-90.6481897817266,29.1568195053319],[-90.6497158244599,29.1618772077023],[-90.6502118678716,29.1646313801998],[-90.6517526878913,29.1678534778728],[-90.6538279902337,29.1697006307194],[-90.6559106075575,29.1697137724035],[-90.6585430791751,29.1669763587219],[-90.6590850220063,29.164227347159],[-90.658588988476,29.1610122750273],[-90.6586039939345,29.1591778492293],[-90.6596648072671,29.1573481242454],[-90.6612359777669,29.1564403068205],[-90.6628001072717,29.1564491378488],[-90.6654174674296,29.1560068245408],[-90.6664703899606,29.1541774141334],[-90.6649289815444,29.150957798716],[-90.6618238927811,29.1481857309715],[-90.6586954568035,29.1472506357153],[-90.6550565190298,29.1463108041322],[-90.6524549620344,29.1453782487469],[-90.6493347312686,29.1435239642609],[-90.6483044004687,29.1416824651886],[-90.6483194993519,29.1398480017487],[-90.6462519036564,29.1380013100133],[-90.6441767926551,29.1361538608675],[-90.6426278347972,29.1338504304896],[-90.6421323133067,29.1310939056927],[-90.6431849789196,29.129725556894],[-90.6442304112978,29.1297316194565],[-90.646305459417,29.1306627968767],[-90.6484109047287,29.1288390111762],[-90.6489527478469,29.1260899293081],[-90.6536602568039,29.1242836610257],[-90.6557582757432,29.1229188330077],[-90.6604583834806,29.1224876051625],[-90.6641052318187,29.1225106831295],[-90.6672327218703,29.1225305137913],[-90.6703687710698,29.1225475829108],[-90.6729704340665,29.1230221638801],[-90.6745269476542,29.1244073324753],[-90.6771282055107,29.1248806783245],[-90.679752826751,29.1230603677275],[-90.6802942826952,29.120311110971],[-90.6792646957003,29.1180113013875],[-90.678753435726,29.116631794498],[-90.6772045111058,29.1143288960321],[-90.6772354203381,29.1111187045868],[-90.6782956353926,29.1083712603491],[-90.6804014346406,29.1056305869097],[-90.6835523868908,29.103354055735],[-90.6877334714132,29.1020023601913],[-90.6908535638384,29.1029369831913],[-90.6934549348826,29.1038697524202],[-90.6960415924207,29.106638100261],[-90.6965451825791,29.1089341668221],[-90.6965297638955,29.1112295480035],[-90.6959806893394,29.1144380721872],[-90.6964918693636,29.1162749376786],[-90.6985670854677,29.1181201667838],[-90.7032592556913,29.118605802989],[-90.7058682381608,29.1181617595816],[-90.7069061175041,29.1186249971616],[-90.7068982572454,29.1200026205538],[-90.7058374780489,29.1222892841636],[-90.7026866416814,29.1250251319018],[-90.7000700091589,29.1263869390374],[-90.7000620069663,29.1273046598588],[-90.7005655701753,29.1296017662892],[-90.7031674316996,29.1309917937026],[-90.7068216399348,29.1310127754332],[-90.7099573989786,29.130112322712],[-90.7130934131439,29.1287531717005],[-90.7162291730859,29.1283123572307],[-90.720913367168,29.1292539895053],[-90.7235152915744,29.1306456294488],[-90.7261089676498,29.1329538357432],[-90.7287108974461,29.1338845422123],[-90.7313046031659,29.135732766578],[-90.7323423369822,29.1366555214204],[-90.7338831767648,29.1398762503795],[-90.735966439079,29.1408051342851],[-90.7385598932705,29.1426519851268],[-90.7411544416101,29.1449576410322],[-90.7442744684583,29.1468099084177],[-90.7468763542371,29.1472836838315],[-90.7489590074935,29.1486708587787],[-90.7494627961795,29.1509653161213],[-90.7463115223325,29.1537024725609],[-90.7442210636146,29.1546089279633],[-90.7426417714462,29.1564368676066],[-90.7415889791709,29.1578060884651],[-90.741573909932,29.1601013725328],[-90.7399870817967,29.1628435585207],[-90.7384151261692,29.164672106209],[-90.7357908247291,29.1660341316032],[-90.7337002995359,29.1664817224101],[-90.732655115991,29.1673940351439],[-90.7305492942852,29.1692172337904],[-90.7294888663299,29.1715052331744],[-90.7279095058896,29.1742502064933],[-90.7268416416804,29.1769949503114],[-90.7252620737292,29.1797398983626],[-90.7221109633756,29.1824750830379],[-90.7194946632297,29.1833776664888],[-90.7168699907854,29.1847402898835],[-90.71582450361,29.185651270964],[-90.7152754802578,29.1893181891064],[-90.7126509569338,29.1915979890241],[-90.7094998699364,29.1934155481221],[-90.7058450499484,29.193854547718],[-90.7016796167732,29.1924544335816],[-90.6970031607789,29.1896748879274],[-90.6954390429523,29.189207993785],[-90.6933481952639,29.1896558866181],[-90.6907313633153,29.1905576257916],[-90.6886336426167,29.1914622084771],[-90.6875728238943,29.1937520244632],[-90.6833689122822,29.1978546853615],[-90.6786463700189,29.2005805824911],[-90.6734204567862,29.2014678427536],[-90.6702772731666,29.2023664214722],[-90.666103547643,29.2018813059175],[-90.6650812900025,29.1995834322793],[-90.6677137723999,29.1963882656202],[-90.6703381834344,29.1950280233083],[-90.673474087107,29.1945874132828],[-90.6771362121948,29.1927732392354],[-90.679249482731,29.1900333900337],[-90.6782272673113,29.186814882669],[-90.675633318148,29.1845066553845],[-90.6725201625135,29.1826551589639],[-90.6699111468062,29.1821799114942],[-90.6683467415187,29.1821700662321],[-90.6652112340033,29.182610620587],[-90.6625869738857,29.1844304768925],[-90.6615260482638,29.1862578902402],[-90.6604581741731,29.1894629732128],[-90.6583598740611,29.1912864628228],[-90.6567657974198,29.1940278987147],[-90.6531032806665,29.1953826445431],[-90.6504938202932,29.1949080692867],[-90.6478849366383,29.1948920849738],[-90.6468245329376,29.196721682514],[-90.6483804778917,29.1985645837912],[-90.6509749067554,29.2004149124036],[-90.650425692062,29.203624011481],[-90.647282464425,29.2054392410629],[-90.6436202513023,29.205876381008],[-90.6394467979682,29.2058499281248],[-90.6368377777694,29.2053750476843],[-90.6342359539743,29.2044421208622],[-90.6321452455248,29.204886450753],[-90.6290020286676,29.2057849352062],[-90.6253475590226,29.2062198295493],[-90.6243179666378,29.2039207115211],[-90.6253855254197,29.2016333629357],[-90.6269724784209,29.1988906522298],[-90.6301238205399,29.1966170362001],[-90.6337935534598,29.1943465002893],[-90.6374704423594,29.1916167217692],[-90.6401028133657,29.1888808781756],[-90.6396145574492,29.1852090058363],[-90.6380582935931,29.1833658872914],[-90.6338846767656,29.1828816339736],[-90.6312683335006,29.1842416397569],[-90.6281168656175,29.1865153301746],[-90.6244476869581,29.1883258850357],[-90.6218149979482,29.1906036805578],[-90.6212812127181,29.1924348854038],[-90.6191680832174,29.1951723711825],[-90.6154983305345,29.1969825904991],[-90.6118281942709,29.1987948911903],[-90.6086848893788,29.2006100376937],[-90.6050077633241,29.2028800475325],[-90.6023681707612,29.2069903190819],[-90.6023446780199,29.2088261530006],[-90.6044201564321,29.2111318687417],[-90.6085935720369,29.211618411429],[-90.6122555120718,29.2102664017629],[-90.6164361968439,29.2098325705591],[-90.6179930526898,29.2112196356046],[-90.6179699498173,29.2139727853668],[-90.6163681252067,29.218088799511],[-90.6152999618585,29.2212944396703],[-90.6158029222979,29.2235906544515],[-90.6178705099086,29.225897475705],[-90.6215406641385,29.2245447638863],[-90.6241803114986,29.2213492017979],[-90.6273084456422,29.2218276647485],[-90.6304289279362,29.2232249285031],[-90.6335568024667,29.2237008237878],[-90.6372110493295,29.2237242576683],[-90.641918568168,29.2228369125718],[-90.6450620913508,29.2223966721836],[-90.6466186094301,29.2233234325995],[-90.645031203678,29.2260652142312],[-90.6424066255568,29.227424783555],[-90.6392560416159,29.2292390270481],[-90.6392409732753,29.2310744952132],[-90.6392329845576,29.2329094562113],[-90.6402551406884,29.2356684508688],[-90.6397134386058,29.2379574217754],[-90.6386453435296,29.2407046355409],[-90.6370662552787,29.2425274908366],[-90.6344339965619,29.2448056445332],[-90.6312911102846,29.2461617741103],[-90.6286588102453,29.2484374790732],[-90.6301925524389,29.252117556045],[-90.6333124678959,29.2544295310319],[-90.6369745750175,29.2539949769916],[-90.6401255479289,29.2517187122034],[-90.6411941209088,29.2489739354138],[-90.6417354259361,29.2462262303682],[-90.6443674268365,29.2439489916656],[-90.6469922654691,29.2416710117233],[-90.648060510564,29.2389261174747],[-90.6475723148346,29.2347946749871],[-90.6486324661087,29.232508758028],[-90.6512645119249,29.230231334844],[-90.6554530102434,29.2288803978817],[-90.6585809530458,29.229815278378],[-90.660656268863,29.2312046645019],[-90.6611444861519,29.2353359853502],[-90.6632047282386,29.2394756458968],[-90.6663251790916,29.2413279595229],[-90.6694835675956,29.2381365630606],[-90.6695144364037,29.2340083591327],[-90.6705824748861,29.2308056709516],[-90.6737176634996,29.2303648510046],[-90.6757933089985,29.2322113897861],[-90.676296574865,29.2349658355195],[-90.6783716831713,29.236812252124],[-90.6810042284508,29.2340766202491],[-90.6820643204361,29.2322478346667],[-90.6862531151986,29.2313542505241],[-90.6904341080929,29.2309195969227],[-90.691990468967,29.2323052828911],[-90.6919753673888,29.2336797363953],[-90.6893505970281,29.235960045954],[-90.686718249378,29.2386959057687],[-90.6856427755401,29.2428175528032],[-90.687710520356,29.2455814488461],[-90.6908537695526,29.244223584821],[-90.6945310132867,29.2419515634581],[-90.6982005000683,29.2401373006811],[-90.7013290824712,29.2406122465063],[-90.7034115767258,29.2410817659217],[-90.7044489853519,29.2429230713637],[-90.7023432714438,29.2447444347333],[-90.7018016106837,29.2470360313963],[-90.7049373445746,29.2470528572124],[-90.7091334264707,29.2452406161875],[-90.7122843850091,29.2429644521299],[-90.7138711134314,29.2397641699672],[-90.718060298961,29.2379509172324],[-90.7212032876462,29.236593204375],[-90.7253917078112,29.2352382296653],[-90.7285198159037,29.2366317774947],[-90.7279781219059,29.2393797268249],[-90.7253538411271,29.2412023446979],[-90.7232554601667,29.2425662553267],[-90.7211574322442,29.243471590704],[-90.7195858871468,29.2443803433636],[-90.719052173782,29.2457531580345],[-90.7200891736746,29.2471344561502],[-90.7216535583009,29.2476020598315],[-90.7216382150758,29.2494373053261],[-90.7211040067393,29.2512687252536],[-90.7231869609313,29.2521976139908],[-90.7258040453064,29.2512950127879],[-90.7289550343875,29.2494769426815],[-90.7326324991071,29.247660995702],[-90.737858022471,29.2472302809524],[-90.7399408670686,29.247699033238],[-90.7404369392264,29.2518315434942],[-90.7409405734022,29.2550441212929],[-90.7398798193585,29.2573308625263],[-90.7388195261506,29.2587026907171],[-90.7393306522759,29.2614550613734],[-90.7393079689166,29.263750512398],[-90.737736351954,29.264658371002],[-90.7356530923348,29.2641895616414],[-90.7346160762725,29.2632659454443],[-90.7325252591268,29.2627963640457],[-90.7309461493164,29.263247118438],[-90.7288557444975,29.2636947753407],[-90.7267577327447,29.2641415086898],[-90.7241407822185,29.2650453224814],[-90.7215238909812,29.265947905783],[-90.7183882711763,29.2659304890649],[-90.7168313865844,29.264087759229],[-90.7157938521942,29.2636248216584],[-90.713695873679,29.2640701987827],[-90.711605918916,29.2645186153719],[-90.7100413842711,29.264509458243],[-90.7074322850205,29.2640365496112],[-90.7058607264484,29.2640267576672],[-90.7042815977734,29.2653942917088],[-90.7042735066476,29.266770467554],[-90.7047773923517,29.2690672348604],[-90.7058150902354,29.2704475442277],[-90.7047542283939,29.2722775645393],[-90.701092353936,29.2731744170027],[-90.6989940304678,29.2745378237594],[-90.6968962504803,29.2749840826735],[-90.6942792721064,29.2758870734466],[-90.6921813959992,29.2772504244277],[-90.6916393013528,29.2799992548154],[-90.6926696375427,29.2813824229766],[-90.6947671956462,29.2809339338419],[-90.6984294159555,29.2800373821844],[-90.7015654292225,29.2800566182437],[-90.7062652755501,29.2805411298968],[-90.7088742023241,29.28101402094],[-90.7114910953581,29.2805703105793],[-90.7141079120352,29.2796679754897],[-90.7177702895496,29.2796867399221],[-90.7203869615981,29.2787842269985],[-90.721966092968,29.2774165390669],[-90.7240644883015,29.2765100012504],[-90.7266657183101,29.2774414204305],[-90.7282297948142,29.2788260242116],[-90.7297941587792,29.2792934062028],[-90.7324188420033,29.2788476597457],[-90.7345163408181,29.2770259806314],[-90.7360957587506,29.2751983020572],[-90.7361113696736,29.2729045122747],[-90.7361185085852,29.2719879951532],[-90.7382243653254,29.2701636360282],[-90.7397886322723,29.2706308585946],[-90.741345082978,29.2720156753182],[-90.7428937228323,29.2752341306175],[-90.7423444784945,29.2784410461819],[-90.7418028635485,29.2811879092049],[-90.7412683129538,29.2834790418453],[-90.7396893630436,29.284847082696],[-90.7375911051524,29.285752708201],[-90.7360198124816,29.2871203198081],[-90.7354854774826,29.2884920224664],[-90.7344329645833,29.2898644588369],[-90.7328537748229,29.2907715801515],[-90.7302292110747,29.2921345256922],[-90.7286499746019,29.2935012840811],[-90.7286345684947,29.2953364703185],[-90.7296640324204,29.2971754356729],[-90.7312282822994,29.2981013800126],[-90.7317547705144,29.2985621692116],[-90.7317474276852,29.2994798118511],[-90.7312129166165,29.2999365156987],[-90.7306791268948,29.3017679333834],[-90.731198176161,29.3026866956344],[-90.7338223033279,29.3027004931741],[-90.7364316190724,29.3027151391041],[-90.7385220328745,29.3031845300204],[-90.7395597568093,29.3041058113475],[-90.7411084820035,29.3073264172317],[-90.7416194697883,29.3087040594697],[-90.7431682866107,29.3114637553496],[-90.7431533700854,29.3137575502801],[-90.7420926142451,29.3160419124251],[-90.7426034699775,29.3174217703404],[-90.7446942377158,29.3178910348774],[-90.7473111891403,29.3179037385031],[-90.7504393304704,29.3188389024151],[-90.7519954496977,29.3202223144317],[-90.7546124559194,29.3202348681687],[-90.7561839552027,29.3197853004013],[-90.7582748334338,29.320254277584],[-90.7608836030027,29.3211830624675],[-90.76296637304,29.3221120370502],[-90.766628393025,29.3221299712989],[-90.769771868597,29.3207696678361],[-90.7744949264933,29.3180418310972],[-90.7797433551004,29.3153157041573],[-90.7839398493231,29.3130440722829],[-90.787090815048,29.3107656377021],[-90.7902414987019,29.3084882026956],[-90.7928589235385,29.3075837987074],[-90.7944228482273,29.3080489670136],[-90.7949337336042,29.3103445134209],[-90.7938735724486,29.3121731242393],[-90.7938658199876,29.3140089210524],[-90.795948225309,29.3149360325289],[-90.7980389023175,29.3149432927373],[-90.8001443907484,29.3135773837962],[-90.8017241212947,29.3112947712163],[-90.8017394303838,29.3090011183272],[-90.8007014046151,29.3076196605589],[-90.8012356434943,29.3057891108355],[-90.801762196388,29.3044152794654],[-90.8043866110158,29.3035090125794],[-90.8059509318617,29.3039762416815],[-90.8075147442611,29.3044423163239],[-90.810124012395,29.3049135425341],[-90.812222013368,29.3040052456793],[-90.814846300435,29.3021815405185],[-90.8185241208875,29.2989879798362],[-90.8222091350488,29.294419233085],[-90.8237882709104,29.2935096293158],[-90.8258788329345,29.2930589214262],[-90.8274425590956,29.2935246361644],[-90.8290063481388,29.2939903307598],[-90.8300522323697,29.2939953847264],[-90.8326689780799,29.2935473536538],[-90.8342482998927,29.2921801743835],[-90.8353008460296,29.2903503992464],[-90.8358275453487,29.2894349615304],[-90.8373993213131,29.288524468778],[-90.8400158406479,29.2885359076028],[-90.8431514640461,29.2885493819099],[-90.8468138559335,29.2885644184761],[-90.8494306663225,29.2876585710985],[-90.8515212984152,29.286750986515],[-90.8541456654323,29.2853848633246],[-90.8567549488375,29.2853962774287],[-90.8583189858158,29.2867798426241],[-90.8577845861381,29.2881531928204],[-90.8562133770106,29.2895203977899],[-90.8556789315189,29.2913534046808],[-90.8561903190539,29.2931912195851],[-90.8582655441412,29.2959494193613],[-90.8593104294454,29.2968723273257],[-90.8608668576932,29.2987113331771],[-90.8619044325076,29.3000920811065],[-90.862415966468,29.301929850766],[-90.862927142899,29.3042249966197],[-90.8629193868448,29.3065170311339],[-90.8629040481113,29.3092680293928],[-90.8623623235708,29.3120174848129],[-90.8618360770027,29.3133904462322],[-90.8597304870621,29.3152162046076],[-90.8581585538926,29.3161259470832],[-90.8560684383311,29.3165751009627],[-90.852932381945,29.3165631773045],[-90.8497964719843,29.3160903780306],[-90.8466610650801,29.3156186050036],[-90.8445779779374,29.3142340417981],[-90.8414501474244,29.3128457493393],[-90.8393671339436,29.3114621527072],[-90.8372766895988,29.3109949563048],[-90.835179074003,29.3119004400041],[-90.8330806957376,29.3132666040296],[-90.832028130736,29.3150985313629],[-90.8309597688602,29.3178450859462],[-90.8288542732427,29.3205861332912],[-90.8272747573938,29.3233311131282],[-90.826733165804,29.3256207816685],[-90.8277704405811,29.3270017498037],[-90.8319518386155,29.3283962050969],[-90.8361250772523,29.3293311890188],[-90.8392679437665,29.3293442538265],[-90.842396134504,29.3298155295039],[-90.8429150714807,29.3316529087677],[-90.8434262272504,29.3330322030968],[-90.8470884807974,29.3330470796151],[-90.8512769979804,29.3326060364442],[-90.854939139238,29.3321620804109],[-90.8580670793455,29.3335510881317],[-90.8596313382076,29.3349333694651],[-90.8627515842447,29.3372385171854],[-90.86588718249,29.338169343208],[-90.8684963545041,29.3395537146383],[-90.8721511448476,29.3400289814999],[-90.8768508321735,29.3418818091643],[-90.880512924922,29.3418942748802],[-90.8836563501884,29.3405326391352],[-90.8883709935653,29.3387169213611],[-90.8930938717986,29.3359824931004],[-90.8967635723792,29.3332450367173],[-90.8988691928625,29.3305026669144],[-90.8999293207804,29.3277548006194],[-90.8999446280728,29.3245442598745],[-90.8994336986786,29.3222494347123],[-90.8983963134087,29.3199543801272],[-90.8978849860608,29.3181203139698],[-90.8968475037728,29.3167388974059],[-90.8958095911919,29.3144437901331],[-90.8947797724316,29.3121448588644],[-90.8916514253873,29.309382480511],[-90.8900953654488,29.3080014250538],[-90.8900953367027,29.3070843579982],[-90.8906214970326,29.3061686167409],[-90.891674583057,29.30617253582],[-90.8932385805094,29.3061775304326],[-90.8953286403753,29.3061860830012],[-90.8974268308928,29.3043600816058],[-90.8984873576627,29.301153713367],[-90.8985028419233,29.298402711865],[-90.8969465340497,29.2965620615416],[-90.8948638448607,29.2951785951641],[-90.8938184196691,29.2942572027285],[-90.8917279420866,29.2942496903488],[-90.8901641638231,29.2933264351195],[-90.8896450543699,29.2924063766435],[-90.8896527771864,29.2914887903085],[-90.8906981619539,29.2910346552565],[-90.8933148609517,29.2905872653892],[-90.8964581496742,29.2896803539753],[-90.8996016207546,29.2878585757589],[-90.9027522109837,29.285577684573],[-90.9069407605061,29.2833001656659],[-90.9100917927063,29.2805605014141],[-90.9121822738821,29.279650557975],[-90.913761709781,29.2778213255198],[-90.9169048996887,29.2764575214134],[-90.9195139890578,29.2760087168222],[-90.922131253096,29.2764766265063],[-90.9257780017211,29.2778652144563],[-90.9289058448106,29.2797094369825],[-90.9309963798853,29.2806343706182],[-90.9320336950865,29.2815546745942],[-90.932026339681,29.2829319006088],[-90.929928370149,29.284298986631],[-90.9288752634634,29.2865881275906],[-90.9272962884003,29.289335808904],[-90.9267620432328,29.2920840462038],[-90.927273605041,29.2943788328507],[-90.9277769957734,29.2985092690466],[-90.9288140989723,29.3008062630357],[-90.9314159101909,29.30310652135],[-90.9340254864469,29.3044915269288],[-90.935581881457,29.3067900971397],[-90.9350477279177,29.3090808473711],[-90.9339948700654,29.3109126634179],[-90.9339868373301,29.31320569371],[-90.9355357161363,29.3159620266826],[-90.9381376665938,29.3200984844373],[-90.9396938460082,29.3228542121792],[-90.9422955620055,29.325614917093],[-90.9454237752008,29.3270021899542],[-90.9490779259439,29.3279307504937],[-90.9516948459273,29.327480628475],[-90.9553649498515,29.3279518892693],[-90.9579739961014,29.3297911574285],[-90.9595299985478,29.3311721481912],[-90.9610944532426,29.3334709200761],[-90.9616133336255,29.3348478631459],[-90.9589962555386,29.3352982408336],[-90.9574243385387,29.3362094401297],[-90.958454966681,29.338504255],[-90.9615903160929,29.3403489749266],[-90.9657632403193,29.3426560698299],[-90.9720275593081,29.345426155885],[-90.9793435863057,29.3459084842312],[-90.984577752361,29.3459236251042],[-90.9856152840562,29.3477601815959],[-90.9861337889433,29.3491380842459],[-90.987171962934,29.3505150192607],[-90.9897807935883,29.3519005783627],[-90.9934354536761,29.353744436471],[-90.9970977808849,29.3542143896433],[-91.0002331293985,29.3546812079718],[-91.0028499676353,29.3556051779756],[-91.0059856862548,29.3565302741065],[-91.0075498157596,29.3579111320041],[-91.0075419546025,29.3597444158394],[-91.0064813245263,29.3634111921969],[-91.0064665984439,29.3666192240322],[-91.0075038768142,29.37028937824],[-91.0085415136124,29.3725863768458],[-91.0106242333441,29.3739671735952],[-91.0121883835101,29.3767221893649],[-91.0132263553799,29.3790168940643],[-91.0153165985021,29.3799409078383],[-91.0179332957033,29.3804059283958],[-91.0210690870864,29.3804158406808],[-91.0242122347733,29.3804228958349],[-91.0257762043779,29.3799694910103],[-91.0273477925945,29.3799729571548],[-91.0283929932073,29.3804342374658],[-91.0289120631347,29.3813522893329],[-91.0278668427589,29.3827259771362],[-91.0268064731941,29.3859321714128],[-91.0267989713632,29.3877653279529],[-91.0262720681266,29.3891389409158],[-91.0241741489002,29.3914260310135],[-91.0231213736929,29.3923405289365],[-91.0225949959707,29.3937152916975],[-91.0236322653579,29.3955523848531],[-91.0231058436183,29.3978440923324],[-91.0215267481809,29.4001310391212],[-91.0194287804456,29.4010425724807],[-91.0178568930901,29.4019547957563],[-91.0183760681203,29.403332467383],[-91.0199398391972,29.4037960294716],[-91.0199401024036,29.4051714489124],[-91.0194058814907,29.4074623761518],[-91.0199171423633,29.4111304334804],[-91.0214810841201,29.4134266359887],[-91.0230447563823,29.4152643354807],[-91.0256544871485,29.4171050370307],[-91.0261732264958,29.4193994793416],[-91.0287821424901,29.4207814371754],[-91.031398924133,29.4207887493076],[-91.03506929845,29.4203386942191],[-91.0387386873153,29.4189727054478],[-91.041874497563,29.4194380725824],[-91.0450104245917,29.4221966093765],[-91.0481381697648,29.4254105656973],[-91.0523193809496,29.4277130201071],[-91.0559812230682,29.4290985914213],[-91.0601700061526,29.4295653564749],[-91.0627865326739,29.4291133232414],[-91.0648767380669,29.4295754212297],[-91.0653960846754,29.4309527739869],[-91.0648692263545,29.4327860677883],[-91.0653879737867,29.4346206178189],[-91.066425599805,29.4378313278284],[-91.0664102916143,29.4414996679435],[-91.0664028607503,29.4456236993436],[-91.0679670297809,29.44792134061],[-91.0700498905481,29.4506758855934],[-91.0721402684176,29.4548062827968],[-91.073170361164,29.4584756910562],[-91.0742080554543,29.4630614833745],[-91.0731472268505,29.4667262343086],[-91.0726211311993,29.4699347882993],[-91.0736510847068,29.4740636810308],[-91.0741617778442,29.4786478136092],[-91.0731090304846,29.4823121098835],[-91.0715225589804,29.4855181421711],[-91.0673181541932,29.491468240122],[-91.0699355188427,29.4928473619087],[-91.0777783511606,29.4969914474374],[-91.0793578077207,29.4960778950439],[-91.0819743019026,29.4965409398251],[-91.084072335215,29.4965470689864],[-91.0898327774828,29.4951823702921],[-91.0950816345863,29.4942768160365],[-91.0982253545001,29.4938241242277],[-91.1024214831085,29.4924571197381],[-91.1060910354671,29.490629074967],[-91.1087153899079,29.4888013021663],[-91.1108137232575,29.4865126685175],[-91.1129194973527,29.484225818471],[-91.1150096569316,29.4842294749887],[-91.1176342332562,29.484232788219],[-91.119732344722,29.4828618906151],[-91.1213041314662,29.4801145344407],[-91.1213117842141,29.4773637160439],[-91.1218453843912,29.4750724583961],[-91.1234173912226,29.4732407316665],[-91.130749091127,29.4737125006445],[-91.1349380377048,29.4737175480384],[-91.1386072828395,29.4737241751862],[-91.1427959527362,29.473731111246],[-91.1469845678357,29.4746546735946],[-91.1511728469652,29.4755757296861],[-91.1553618959509,29.4769573865016],[-91.1579784458284,29.4792542320436],[-91.1579710841347,29.4815455148097],[-91.1563990692184,29.4824609100253],[-91.1543086293651,29.4829164880881],[-91.1516841105327,29.4856622223595],[-91.1522032837664,29.4870366407514],[-91.1563839011648,29.4925439924756],[-91.1584747272937,29.4952970415817],[-91.1605650350946,29.4980499861508],[-91.1621365182083,29.4989690352276],[-91.1642348587444,29.4975984113],[-91.1679042035922,29.4962264622971],[-91.170002266549,29.496229628923],[-91.1736648461844,29.4971510401459],[-91.1783797851071,29.4976146015298],[-91.1836209032243,29.4976203873842],[-91.1893810652178,29.4971688567486],[-91.1951488808575,29.4967165820966],[-91.2019621216889,29.4962648887095],[-91.2087750786526,29.4962721813289],[-91.2176785239786,29.4962793558833],[-91.2229199969305,29.4976593011559],[-91.2281540084755,29.4994955286381],[-91.2323420854841,29.5022486600913],[-91.2344405149535,29.5045411264168],[-91.2349589210259,29.5077517846924],[-91.2339060946146,29.510956740554],[-91.2302367344954,29.5146217114925],[-91.2270933083307,29.5155358783134],[-91.2234234289853,29.5173671389565],[-91.221325475623,29.5187401820001],[-91.2197463334733,29.5210310476062],[-91.2197461717765,29.522864401411],[-91.2202728055186,29.5246973804083],[-91.2207915655272,29.526990249716],[-91.2197385055539,29.5283638984727],[-91.2265438807367,29.5375359975671],[-91.2291683636364,29.5375384845032],[-91.2333644122948,29.5370826316761],[-91.2365079399692,29.5357110091642],[-91.2386062158267,29.5338770620429],[-91.2401850327863,29.5311287435222],[-91.241756909362,29.5288369536572],[-91.2443738751595,29.5274633902703],[-91.2464718132505,29.5274659954821],[-91.2511944309722,29.5279254856287],[-91.2601059422712,29.5283888052608],[-91.2679714768129,29.5283927509519],[-91.2721675119966,29.5279352185863],[-91.2753113055723,29.5274768087126],[-91.2800259345762,29.5256459569334],[-91.2831768455039,29.5242701021456],[-91.2878920341582,29.5219817307508],[-91.2920803806614,29.5210632016952],[-91.2978482322337,29.5206060543874],[-91.3009911849863,29.5206061231765],[-91.3041423034247,29.5196902863215],[-91.3067591371699,29.5187723329086],[-91.3104289994473,29.5169391144621],[-91.3135727193611,29.5155673915635],[-91.3193400561987,29.513732739966],[-91.3251003852788,29.5128149568775],[-91.3313867713826,29.5109802108267],[-91.3366284734048,29.5096039908937],[-91.3418700505611,29.5082274856604],[-91.3450132422655,29.5068513619925],[-91.3486830066266,29.5050167838344],[-91.3554883871992,29.5013465622165],[-91.3586313318669,29.5022616205935],[-91.3570677925553,29.5063880367788],[-91.35496973948,29.5091387785444],[-91.3528791100822,29.5105162986357],[-91.3476375239427,29.5137266868928],[-91.3434488998601,29.5169356819163],[-91.33925293205,29.5206021795268],[-91.3355831003154,29.5242708236236],[-91.3329666366761,29.5283943712803],[-91.3324476152578,29.5325209366577],[-91.3334927781414,29.5375629935607],[-91.3361175080779,29.5416874162185],[-91.3387415292436,29.5444356501814],[-91.3418853416839,29.5471854911954],[-91.3439833839794,29.5499335748992],[-91.3450358959804,29.5545154649477],[-91.3450358420815,29.5581829764214],[-91.3439907753176,29.5627666130329],[-91.3434643814257,29.5673484305514],[-91.3445169634952,29.5710147479498],[-91.347141993469,29.5760575400093],[-91.3502924417643,29.5833858289377],[-91.353443301488,29.5888843288057],[-91.3550229610673,29.5943812550514],[-91.3560760255322,29.5989638865069],[-91.3576473226946,29.6058370656807],[-91.3597531390106,29.6113348456202],[-91.3608059824898,29.615917302562],[-91.3639569760625,29.6200415504458],[-91.3686795021561,29.6218709045279],[-91.3728753927111,29.6227848342849],[-91.3770796340049,29.6232410452191],[-91.3839004027183,29.6223187287472],[-91.3964885046761,29.6204765741134],[-91.4027829738208,29.6186390206611],[-91.4090774914745,29.615882288336],[-91.4158980850165,29.6145017263211],[-91.4221922873615,29.6135783013231],[-91.428486553487,29.6121974055109],[-91.4337356845766,29.6140242669718],[-91.4384581998904,29.6153920191702],[-91.4431803442,29.6158464392539],[-91.4468576526128,29.6158407562236],[-91.4505276433493,29.6158366023086],[-91.4542047478445,29.6162888633919],[-91.4568293735764,29.6176610284309],[-91.4578825305677,29.6194916213285],[-91.4552578545302,29.6208712325561],[-91.4526410019204,29.6217908735976],[-91.4505426604859,29.6236256950041],[-91.4473998074463,29.6254634605082],[-91.4442490501306,29.6263839841956],[-91.4421507131877,29.6263868601625],[-91.4411049592126,29.6286796824606],[-91.4416316208024,29.6300527813346],[-91.4426845873509,29.6318834622249],[-91.4426846367583,29.6328010975356],[-91.4411204165237,29.6364676668039],[-91.440075159317,29.6387605461922],[-91.4374507132481,29.6392232097295],[-91.4353527778521,29.6401424068518],[-91.4348261584831,29.6410581945822],[-91.4364053733964,29.6433490011885],[-91.4353603012426,29.6451824867993],[-91.4337889232319,29.6470176027253],[-91.4337888459768,29.6502218522665],[-91.4322247092855,29.6534322318655],[-91.4296001051132,29.6561835618204],[-91.4296076213172,29.6580170978011],[-91.4306604764745,29.6607654937664],[-91.4322399707639,29.6630551641609],[-91.4327665515053,29.6662600005468],[-91.4327740632178,29.6708417319356],[-91.4317288473335,29.6754255882815],[-91.4296383490898,29.6818427790901],[-91.4280666018714,29.6855094986981],[-91.4270288024782,29.6905520960853],[-91.4254576912671,29.6960516307686],[-91.4244120612595,29.701091196715],[-91.4244196080062,29.7047575057919],[-91.4259989765314,29.7093358791007],[-91.4265331174943,29.7139158271944],[-91.4270675791558,29.7180387052333],[-91.4260217802649,29.7212476847474],[-91.4239238852931,29.7239983086336],[-91.422352426434,29.7281230371146],[-91.4218335469495,29.7308709997371],[-91.4213072069565,29.733162461438],[-91.4192092338313,29.7354559004336],[-91.4160580758669,29.7350010143418],[-91.4134255880796,29.7354612771761],[-91.4097487144515,29.7359230503684],[-91.4071237913772,29.735924523057],[-91.4044920285303,29.7345529678867],[-91.4002878411354,29.7318084081019],[-91.3976633546424,29.730436153096],[-91.3945052823453,29.7281470895159],[-91.3903011227982,29.7281513394256],[-91.3871504418392,29.7295283412388],[-91.3813747937886,29.7327388137746],[-91.3819013233261,29.7354878044107],[-91.3866317554925,29.7368594052998],[-91.3924147095414,29.740060605425],[-91.3992505780364,29.746009967258],[-91.4034618917665,29.746924656427],[-91.4066131144095,29.7460042042272],[-91.408710612326,29.7423386787226],[-91.4137215119989,29.7405836154971],[-91.4165845119796,29.7395813754438],[-91.4180110312609,29.7401685213788],[-91.4027598826265,29.7547185352068],[-91.3911864062225,29.766395095948],[-91.3747908048143,29.7836577256408],[-91.3635374556383,29.7962419134627],[-91.3568691256387,29.8032396415179],[-91.3559002315193,29.8064657545982],[-91.3541604975462,29.82115819309],[-91.3548394657975,29.8275604792761],[-91.3523677827343,29.8340187863549],[-91.3447841107827,29.846531349073],[-91.3417555674647,29.8516270733418],[-91.3383066907472,29.8613077783375],[-91.3378493225035,29.8640661370818],[-91.3410614509228,29.8662963504346],[-91.3572126674544,29.8595812221561],[-91.3613626972175,29.857212286059],[-91.3676189879626,29.8548071294997],[-91.3733866796348,29.8537806753483],[-91.3770717423051,29.8537118699972],[-91.3855101271136,29.8544669335367],[-91.3886989882687,29.8557818788002],[-91.4073222983937,29.8636674581635],[-91.4222763040951,29.8720827910841],[-91.4339944874133,29.8773527382941],[-91.4525572169522,29.8824866088128],[-91.4567916119951,29.8833209670716],[-91.4652981834252,29.8863573943254],[-91.4717070853607,29.8898959046239],[-91.4901012119006,29.9083110653145],[-91.5122343072142,29.9284781069463],[-91.5288356219241,29.9386777019927],[-91.5513269860344,29.9519597219115],[-91.5753675011403,29.9638281159498],[-91.5908323140651,29.9703771598304],[-91.6127513498297,29.9813672533348],[-91.6342052136857,29.9941943077625],[-91.6466338997149,30.0049192891209],[-91.6552628019238,30.0116031699813],[-91.6602369137892,30.0197414151051],[-91.6603208766239,30.0224861244783],[-91.6588788892517,30.0275556885966],[-91.6536754985797,30.029957430882],[-91.6484949215227,30.0332744443787],[-91.649113406206,30.0364657900766],[-91.6465651911721,30.0397262051907],[-91.6423993672297,30.0416474370909],[-91.6366237748746,30.0426870135481],[-91.6422391886314,30.0544726563528],[-91.648929953157,30.0671526214484],[-91.6533016422164,30.0725530288884],[-91.6564218846602,30.0894281649968],[-91.6566432690721,30.0972091609548],[-91.648128714314,30.1134147274471],[-91.6394850006827,30.1250450636282],[-91.6333048116152,30.1306714608817],[-91.6312680703547,30.1334612150992],[-91.6300397544594,30.1458475918366],[-91.6301696364764,30.1504242091181],[-91.6353346942386,30.1649642189714],[-91.6411403397315,30.1836122994611],[-91.6440088365035,30.1913338546332],[-91.648373186327,30.1962761149348],[-91.6521344782357,30.1984843104189],[-91.6574596867484,30.199744626049],[-91.6622126863914,30.1996415551289],[-91.669567816155,30.1981103745091],[-91.6748398228433,30.1975394697534],[-91.6792112954087,30.2024807796121],[-91.6875423450155,30.2164919063176],[-91.6944391201851,30.2355648321959],[-91.698887249587,30.2427927773134],[-91.7043574776276,30.249081922839],[-91.7097899899009,30.2539985565679],[-91.7232477607668,30.2619417104745],[-91.7323651937767,30.2663175009845],[-91.7393921015933,30.27119711907],[-91.744838917741,30.2765694066609],[-91.7465177001237,30.2797357282082],[-91.7472807929064,30.2874998806729],[-91.7458309901913,30.2921085785553],[-91.7443506303834,30.2958035488469],[-91.7392007379799,30.3004953884341],[-91.7245371171857,30.3058530788811],[-91.7093093660711,30.3098477089376],[-91.6919141580424,30.31251752936],[-91.6866501355803,30.3135470747128],[-91.6788221074984,30.3173754249792],[-91.6762204867226,30.3188069077715],[-91.6758620436529,30.3247646654947],[-91.6807142469476,30.3278621209227],[-91.6999706438708,30.3347655220371],[-91.7058607408819,30.3369268760052],[-91.7198988961848,30.3462291212692],[-91.7329526084292,30.3578410186875],[-91.739468214949,30.363187971217],[-91.7455867445537,30.3731210044792],[-91.7462278083916,30.3767689202637],[-91.7463344824333,30.3982717145676],[-91.7473186461159,30.4133515244853],[-91.7480895515466,30.421569613371],[-91.7514002152711,30.4260714771999],[-91.755207736281,30.4291906368627],[-91.7686734545421,30.4362120609884],[-91.7772567915049,30.4396807631309],[-91.7836727164692,30.4413651131546],[-91.7889826518254,30.4417027412894],[-91.805378228979,30.4404174623322],[-91.8117340090402,30.4402741973717],[-91.8170742652322,30.4415237917547],[-91.8301052069807,30.4512920423107],[-91.8416335196855,30.4638390916241],[-91.8537032838429,30.4768302424166],[-91.8569915435842,30.480414236048],[-91.8604016418275,30.4876538161089],[-91.8610195695553,30.4903863156701],[-91.8617061573168,30.4954028294705],[-91.8634001221262,30.498566120267],[-91.8677640362668,30.5025814337721],[-91.8748132348789,30.5074519460101],[-91.8823515733497,30.510934637775],[-91.8887905068635,30.5130712016908],[-91.8987394600262,30.5256491106917],[-91.8880350398792,30.5396244735172],[-91.8758739682613,30.5582061813198],[-91.8743860518253,30.5614438144858],[-91.8734860593866,30.5664969285048],[-91.8741576677407,30.5710561850134],[-91.8759963008367,30.5787904231549],[-91.8777129750565,30.5828669126093],[-91.899220100924,30.5910540384431],[-91.9034925054833,30.5918685582225],[-91.9269225147423,30.5936029459971],[-91.9333157249064,30.5943662961339],[-91.9365582280604,30.5961170784743],[-91.9408837949182,30.5983014914991],[-91.9597822176922,30.5914449213793],[-91.9644669076444,30.5885874831366],[-91.9676251030107,30.5875959446317],[-91.9892012760859,30.581582348481],[-91.9934203225139,30.5805661388849],[-91.9971206637305,30.5800185739456],[-92.0088998723009,30.5829348254777],[-92.0137216388772,30.5841888926617],[-92.0201915795396,30.5872328918684],[-92.037060415236,30.5991671030325],[-92.0533948683227,30.6111128576415],[-92.0561490787293,30.6137898099956],[-92.057850409724,30.616948411113],[-92.0550502747452,30.628453084012],[-92.0535394889987,30.6312334415632],[-92.0407678585333,30.6466450833374],[-92.0381894421396,30.6489972384222],[-92.0322310866416,30.6614925814629],[-92.0312772078623,30.664718384894],[-92.03204759766,30.6720166746322],[-92.0337488855356,30.6751754916112],[-92.0449262650864,30.6913661515884],[-92.0471463102756,30.6940532731175],[-92.0493590836026,30.6967432141886],[-92.0686074675534,30.6994663145523],[-92.0930676414241,30.6993089070345],[-92.098400771281,30.6996320052606],[-92.1204727398328,30.7073042382962],[-92.1237225301204,30.7090500039458],[-92.139706323141,30.7251069335208],[-92.1424755138533,30.7282373523868],[-92.1425750777295,30.7309778224117],[-92.1405911502212,30.7351440346777],[-92.1365093124697,30.7402793206548],[-92.1383408102473,30.7470939116397],[-92.1405987616466,30.7506932340666],[-92.1449932337782,30.7546964888714],[-92.1477320138232,30.7569125230377],[-92.1504406104746,30.7582157351275],[-92.1541714944109,30.7736677504401],[-92.156986485728,30.7932571443998],[-92.1583829689394,30.8028242434577],[-92.1595578189057,30.8059928011555],[-92.1623653667823,30.8100368262094],[-92.1651654577437,30.8140790446908],[-92.167912279507,30.8162937796107],[-92.1750990802578,30.8238825309088],[-92.1768228987789,30.8274961454919],[-92.176953028731,30.8311502295892],[-92.1804698656947,30.8402046962208],[-92.1860700260579,30.8478311495367],[-92.1904570834952,30.851373675252],[-92.2001845525331,30.8552347694835],[-92.2077069324329,30.856867370504],[-92.2293590751334,30.8512686117516],[-92.2340894902318,30.8493150565678],[-92.2451522043282,30.8458203254768],[-92.2488598398649,30.8452670100062],[-92.2707714851898,30.8469668831762],[-92.2772261302378,30.8486253383841],[-92.2852137278603,30.8484087801484],[-92.308948716955,30.8418240301859],[-92.3131910611899,30.8412521345434],[-92.3174711921589,30.841593249572],[-92.3265349957463,30.8418033598574],[-92.3296781443316,30.8403450584862],[-92.3487895235235,30.8384492763021],[-92.3744243676973,30.840028831807],[-92.380283911209,30.8398672568833],[-92.3995784479042,30.8429857039745],[-92.4028132596827,30.8438101804035],[-92.407139067289,30.8455173646238],[-92.412037363141,30.8481254514233],[-92.4152648240056,30.8489477450812],[-92.4313170938037,30.8645005925478],[-92.4300352032832,30.8727679703156],[-92.4301422923465,30.8755068257222],[-92.4228557992605,30.8940022785059],[-92.4177592056994,30.9142608522547],[-92.4111144681541,30.935934262498],[-92.4112514989642,30.9395877123162],[-92.4097561687321,30.9423724994108],[-92.4084665419203,30.9643521254142],[-92.4096719678439,30.9679763609258],[-92.4113585763494,30.970214448911],[-92.4131132654753,30.9742802461703],[-92.4259764971502,30.9894624299645],[-92.4452404138706,31.004458974372],[-92.459125735201,31.018237692004],[-92.4618952160691,31.0208988570869],[-92.4631084564373,31.0245238097843],[-92.4622313440888,31.0295747089318],[-92.4628719533792,31.0323003837847],[-92.4624598476494,31.0355109067432],[-92.4604151554003,31.0378537265383],[-92.4589429172609,31.0410968696383],[-92.4590804574157,31.0447486530811],[-92.4609876553241,31.0524661314875],[-92.4683881850438,31.0641377056305],[-92.4751093368805,31.0721723900964],[-92.4922146720417,31.0858527960565],[-92.4949689174826,31.0880577058553],[-92.4988520703512,31.0916042112056],[-92.501667522504,31.0951784467126],[-92.5089380165947,31.1169071827305],[-92.5096324592251,31.1209990219945],[-92.5108837755849,31.125533473938],[-92.5121273790098,31.1300684397011],[-92.5223204619274,31.1443988124037],[-92.539913363099,31.1562281287342],[-92.542691026721,31.1588892634946],[-92.5443844884738,31.1611202854794],[-92.5484583518806,31.169230491112],[-92.5539057348652,31.1872518214795],[-92.5639847218602,31.1961946980119],[-92.5667312040604,31.1979427529691],[-92.5699732607517,31.1987601993612],[-92.5758636047995,31.1985893953431],[-92.5790522548506,31.1980377260568],[-92.5833479545218,31.1983675969297],[-92.5856521413104,31.2024133134006],[-92.5852475643609,31.2056242423268],[-92.5859114552885,31.2088028191405],[-92.6004913441151,31.2120285896245],[-92.604809041731,31.2128128597026],[-92.6070368474659,31.2150315304045],[-92.609402396375,31.2204446797487],[-92.6053510959532,31.2393005653539],[-92.6044127535367,31.2425260270433],[-92.6061672809658,31.2461295184392],[-92.6068080600378,31.2488522694611],[-92.616184813314,31.2554268613417],[-92.6199843653689,31.256684486045],[-92.6238601448656,31.2597672378744],[-92.626133302946,31.2628994784293],[-92.6230206045539,31.2785251957218],[-92.6217010476735,31.2854181119646],[-92.6244320977155,31.2867070245397],[-92.6309473637738,31.2887981163513],[-92.6374022082479,31.2895196392965],[-92.6419876846668,31.296691299234],[-92.6512492361943,31.3133193598757],[-92.6546138976506,31.316870830442],[-92.6569787566535,31.3222809367227],[-92.6582533636337,31.3400624467091],[-92.6612284320394,31.3600734972981],[-92.6619150629201,31.3637074530461],[-92.6615264732878,31.3673718196564],[-92.6600916526749,31.3715247348057],[-92.6570935595501,31.389890639178],[-92.6588710039005,31.3939455049498],[-92.6611524174984,31.3970758909299],[-92.6790053539953,31.4006492337943],[-92.682224994127,31.4005522855678],[-92.6850174503068,31.4032070558901],[-92.6894195733897,31.4058170833618],[-92.696308603285,31.4037796170462],[-92.6994134548931,31.4009435443499],[-92.7014204717992,31.3976853430793],[-92.7017104371931,31.3917385749762],[-92.696522332254,31.3832174759365],[-92.6942642065817,31.3805444491363],[-92.6919826573382,31.3774137620793],[-92.6912957668444,31.3737823449839],[-92.6904799627174,31.3541634180669],[-92.6903651184982,31.3514258626443],[-92.691280804505,31.3477447030241],[-92.6948746190037,31.3439784978228],[-92.6974603934979,31.3416170011834],[-92.7063871204611,31.3372336430582],[-92.7095687133473,31.3362222269319],[-92.7317243437982,31.3401134057012],[-92.7392547267889,31.3407946360338],[-92.7446868177524,31.3424547796498],[-92.7474865152517,31.3451096206214],[-92.7519648163691,31.3495374007018],[-92.7623408402959,31.3665770742134],[-92.7737771529392,31.383127608095],[-92.7765924811245,31.3862373555207],[-92.7794153839042,31.3893464631889],[-92.7813912705925,31.3979635545335],[-92.7788131075237,31.4003287836401],[-92.7782710003009,31.4126786733744],[-92.7789574856545,31.4163113975159],[-92.7796137965977,31.4190311553569],[-92.7878921546231,31.424256119985],[-92.7911265765328,31.4246137867752],[-92.8000607514281,31.4202216066975],[-92.8026854238724,31.4187687447483],[-92.8064315863551,31.4186515446658],[-92.8097268412776,31.4203750431264],[-92.8112380887581,31.4180428910248],[-92.8157848666529,31.3991705776698],[-92.8172572871503,31.3959282119713],[-92.831066609211,31.3804190880968],[-92.8508497135381,31.3665423798781],[-92.8710979942654,31.3512798692437],[-92.876347022947,31.3488264135752],[-92.8816415935186,31.3472866491732],[-92.8836487119343,31.344022670215],[-92.8866770387583,31.339814618723],[-92.8904234797187,31.339694370789],[-92.9145015264372,31.3384595261133],[-92.9193003940586,31.3378475360726],[-92.9230695534126,31.3381813663348],[-92.9274944613644,31.3412373192085],[-92.9324992462051,31.345185979045],[-92.9379165428142,31.3463807285051],[-92.9405328708078,31.3449249056804],[-92.9436229343497,31.342082827834],[-92.94675089961,31.3401540804984],[-92.9516951622551,31.3427331715393],[-92.9550364351746,31.3453658692968],[-92.9593626488194,31.3461382906135],[-92.9641001444389,31.3441542735159],[-92.9666180853494,31.3404168995399],[-92.973552983223,31.33973387341],[-92.9789319792617,31.3400129569682],[-92.9804346936453,31.3376799169141],[-92.9845089478193,31.3329749489141],[-92.988216717205,31.3319399519902],[-92.9928860405759,31.3285877305832],[-92.9976010603471,31.326145861145],[-93.0015379100117,31.3301289857659],[-93.004833720093,31.3318461809058],[-93.0144087926378,31.330158106623],[-93.0180934160319,31.3286644316039],[-93.0245405017569,31.3289062354268],[-93.0298125012587,31.3269036755817],[-93.0511590739304,31.3248166178315],[-93.0543715059803,31.3247094996552],[-93.0762294455258,31.333567163567],[-93.0806243946629,31.3357033160001],[-93.0814100585154,31.3525838295753],[-93.0815399450241,31.3553213397818],[-93.0842782992676,31.3565976418516],[-93.0992702390268,31.3560887836023],[-93.1024671302222,31.355524304056],[-93.1062586109144,31.3563096721509],[-93.1117598685615,31.3593195814145],[-93.1108442193857,31.3625501945677],[-93.1059155263411,31.3718567182737],[-93.1049690954937,31.3746292613519],[-93.1029779365473,31.3778950078533],[-93.1203348467005,31.3818723136789],[-93.1230816621757,31.3831491900662],[-93.1247908165982,31.3853734792509],[-93.1265071126272,31.387599375242],[-93.1188855147026,31.4079638358804],[-93.117962352916,31.4111927026527],[-93.1176193060719,31.4153168810058],[-93.1265608004402,31.4341998803252],[-93.1316039631065,31.438594907512],[-93.1338541243155,31.4408019310243],[-93.146809219508,31.442185308893],[-93.1715127856167,31.4422458294362],[-93.1763349142141,31.4420776362463],[-93.1796916848689,31.4447031292832],[-93.1831705168078,31.4500650489751],[-93.183842338961,31.4527814237013],[-93.1729400891273,31.4718912250884],[-93.1609390056649,31.4905782158418],[-93.1611525918017,31.4951396147725],[-93.1691705327179,31.505366573907],[-93.1720014673346,31.5084662143341],[-93.1732298910278,31.511621046725],[-93.1709411058547,31.5199239077498],[-93.1679576579641,31.5250508768702],[-93.1659893952776,31.5287736547833],[-93.1670038618297,31.5387878254713],[-93.1709101975208,31.5418502768461],[-93.1743286033838,31.5458426080257],[-93.1734739776635,31.550440215875],[-93.1761822455315,31.57318100715],[-93.1844754563019,31.5779180685456],[-93.187741118024,31.5787192101672],[-93.1989175327842,31.5874665283002],[-93.2120483070051,31.6029938545778],[-93.2225308783112,31.6195276113243],[-93.2248809088237,31.6235536633121],[-93.2413757471213,31.6417008459713],[-93.2561767643399,31.6580758411969],[-93.2589764690258,31.6602620671261],[-93.2619516308563,31.6660943084449],[-93.2626235922484,31.6688106399618],[-93.2617992864656,31.6738615006416],[-93.2587476618347,31.6776232334869],[-93.2557037573254,31.6813842138434],[-93.2495615364517,31.6989512486519],[-93.2481046370458,31.7021997207311],[-93.2479904009861,31.7108794586223],[-93.2477689222511,31.7172824880625],[-93.2492187114915,31.7249926376908],[-93.250454099823,31.7281460449697],[-93.2523156642133,31.7331045902291],[-93.2734267345501,31.7350970701855],[-93.2815440650693,31.7357228580703],[-93.2838330766178,31.738382542926],[-93.2860987472404,31.7405860396889],[-93.2884109344249,31.7436993367277],[-93.2896160100055,31.7463967231824],[-93.2889751590683,31.7660532100606],[-93.2856180892745,31.7853492419977],[-93.2853281652031,31.7903814881009],[-93.2849471214192,31.7935905763871],[-93.2835811988937,31.7986610725224],[-93.2870373789144,31.8031038675215],[-93.2904247758322,31.8061806408944],[-93.3116805099641,31.8214040437189],[-93.3307692884417,31.8362459022684],[-93.3335995825597,31.8388813211001],[-93.3390090970634,31.8391448998244],[-93.3422207403925,31.8385731964084],[-93.3480040798186,31.8356256138384],[-93.3517117737459,31.8341223334762],[-93.3576242729435,31.8444100434673],[-93.3588604014869,31.8475616186597],[-93.3798564398567,31.8678038471901],[-93.3838240469383,31.8713122419605],[-93.3850369118108,31.8740073869997],[-93.3851817660486,31.8767414051941],[-93.3792307246337,31.897957557725],[-93.3720441996658,31.9160196864249],[-93.3711211555585,31.9192492349372],[-93.3770187247562,31.9395775333996],[-93.3777202155683,31.9427461861393],[-93.382847069778,31.9585370862126],[-93.3846251519323,31.9616695437963],[-93.3891110060845,31.9647016591322],[-93.3882564037204,31.9692967220182],[-93.3837246115212,31.9758517043205],[-93.3817941768914,31.9804851384731],[-93.3842358885635,31.985876893766],[-93.3871199908686,31.9894247647847],[-93.3904688249078,31.9915835182602],[-93.3948408050214,31.9923357473465],[-93.4001510323301,31.9903170076033],[-93.4043697625511,31.9883367624437],[-93.4075132569878,31.9863985565662],[-93.4267314063411,31.9920873663242],[-93.4455761457937,32.0009817579902],[-93.4526865681857,32.0025459708895],[-93.4586529932499,32.0027824807763],[-93.4778028841163,32.007093524048],[-93.498249229889,32.0154636706875],[-93.5015381265359,32.0162536964428],[-93.506985134923,32.0169632659337],[-93.5183224873579,32.0165398018561],[-93.5226181313336,32.0159216393807],[-93.5262721338546,32.013503154343],[-93.530003251353,32.012450262362],[-93.5445291244815,32.0109923021913],[-93.5493890182534,32.0108095379472],[-93.552677381301,32.011599002829],[-93.5565302519613,32.0128203138198],[-93.5771073106927,32.0234528995883],[-93.5821121736869,32.0260016334205],[-93.5844160810994,32.0286539636989],[-93.5779844877199,32.0398521244611],[-93.5754281986283,32.0426898948724],[-93.573581997226,32.048691422737],[-93.5738262716096,32.0532470895784],[-93.5735746364306,32.0587339134036],[-93.5824551702253,32.0730024512704],[-93.5870938206208,32.0787606434291],[-93.5964931126275,32.102591217183],[-93.601620393537,32.1274932754327],[-93.6017649791786,32.1302294818732],[-93.6042218256666,32.135611947786],[-93.6077086418318,32.140041811398],[-93.6122098634636,32.1430637405543],[-93.6254770136228,32.1379928888739],[-93.6439328050153,32.1286106944041],[-93.6470992729671,32.1271232761707],[-93.6558956166533,32.1295193180714],[-93.6703078412204,32.1453953376331],[-93.6771206400806,32.1510643408944],[-93.6843077606315,32.1635637591409],[-93.6856349397171,32.1680725583691],[-93.6875579964835,32.173475374757],[-93.6994063420931,32.1721023145127],[-93.7031900316968,32.1719570808193],[-93.7102476079972,32.1721358473193],[-93.7140621403578,32.17244533173],[-93.7239956847185,32.175707555078],[-93.7387892989208,32.1883632114988],[-93.7521939443191,32.2051772089504],[-93.759433954979,32.2085422987503],[-93.765873424787,32.2073746619165],[-93.7695582610819,32.2054026664546],[-93.7721602636417,32.2034750982673],[-93.7791712191755,32.2027386910268],[-93.7900128911181,32.2123497694438],[-93.7957044577565,32.21714155399],[-93.8096201196856,32.2330169155058],[-93.8131224003484,32.2374430470189],[-93.8134043446852,32.2424487995734],[-93.809925258523,32.2480653636541],[-93.8073695811841,32.2509039301858],[-93.8049436340469,32.2560204976644],[-93.8035013538239,32.259274649548],[-93.8096582747289,32.2722616820476],[-93.8214687653324,32.2891295484688],[-93.824924904929,32.2926391443282],[-93.8261611340836,32.2953296026844],[-93.8242764919738,32.3004265094049],[-93.8228342288188,32.3036774497756],[-93.8235290999456,32.3063820420798],[-93.8270613151686,32.311258676056],[-93.8285337904633,32.3276294591331],[-93.8282205542119,32.3317463295947],[-93.8295637035466,32.3362565007466],[-93.8336984844077,32.3420216000945],[-93.8371242537611,32.3450767500763],[-93.8394282537001,32.3472675451721],[-93.8450282442818,32.3534862853705],[-93.8509532282653,32.3591304957191],[-93.8510022044146,32.3750926669845],[-93.8513300697304,32.4801211986094],[-93.8513762152882,32.6332678824635],[-93.8514448914917,32.6545155356503],[-93.8515209087277,32.6777854993435],[-93.8515742012819,32.6932982955311],[-93.8518871024616,32.7854352161795],[-93.8521621046179,32.8644237943498],[-93.8524209137428,32.9380217647892],[-93.8522684903003,33.0058615715458],[-93.8516890571792,33.0924886712091],[-93.8512541459192,33.2450029073104],[-93.8512613180684,33.2548125630651],[-93.8514219116884,33.3992952893832],[-93.8511240950189,33.5358164988656],[-93.8566098944566,33.5348084702865],[-93.8637813259311,33.5351370668683],[-93.8711589001021,33.5348548631195],[-93.8742567277829,33.5354041996329],[-93.8776133160797,33.5370141828205],[-93.8802610186329,33.5385180451896],[-93.8811914415019,33.5408445649927],[-93.8816036810808,33.5426881886817],[-93.880527837137,33.5434817248516],[-93.8772318276297,33.5439958672734],[-93.8733715386817,33.54361122565],[-93.8699534948397,33.5434549440288],[-93.8678706744967,33.5441644117867],[-93.8646053765924,33.5455874184672],[-93.8635600744699,33.5478807492561],[-93.8641630524347,33.5496892198997],[-93.8653071368991,33.5514898630245],[-93.8707774754324,33.5544347441254],[-93.8742414177955,33.5558767849733],[-93.877133197103,33.5579561734876],[-93.8803833440218,33.5589521568824],[-93.8841821747296,33.5596847646176],[-93.8879970736029,33.560337881534],[-93.8929107405277,33.5610470864004],[-93.8995482044142,33.5609322147362],[-93.9035302528123,33.5593111512815],[-93.9062619271834,33.558028940942],[-93.909306117357,33.55596485722],[-93.9133419972986,33.5547131281226],[-93.917240883261,33.5531794600627],[-93.9193540001853,33.5527864266914],[-93.9217111651178,33.5524969012478],[-93.9239471104875,33.552153938371],[-93.9264338349419,33.5499257294226],[-93.9276165595399,33.5473309664624],[-93.9283719366926,33.5446332789069],[-93.9286084963446,33.541455064187],[-93.9293637153938,33.5387573504462],[-93.9310647661142,33.5375526627143],[-93.9327664196041,33.5375677061959],[-93.9349254296596,33.5379373664928],[-93.9371837781142,33.5397158766548],[-93.9378092229442,33.5424325211919],[-93.9384277705095,33.5451522391097],[-93.9380002901136,33.5487731236387],[-93.9394423098251,33.5515812592388],[-93.9408534768982,33.5532979796349],[-93.9430892192487,33.554500155608],[-93.9458355684982,33.55464108703],[-93.9475904732198,33.553363442885],[-93.9499557867703,33.551203419167],[-93.9517864518097,33.5499097365449],[-93.9534344668939,33.5498794577266],[-93.9556696424074,33.5507498205387],[-93.9568067245042,33.5520929323633],[-93.9574091104792,33.5539007301643],[-93.9567988381943,33.5556565627904],[-93.9544339055296,33.5578121557904],[-93.951496541213,33.5594719039215],[-93.9493526021929,33.561787304913],[-93.9483149339538,33.5640806360845],[-93.9505807761545,33.5663128070932],[-93.9538770955805,33.5657974501399],[-93.9561280230525,33.5647361397604],[-93.9603467613584,33.5606690362128],[-93.9635813611346,33.5610130813915],[-93.9656798229433,33.5624896022239],[-93.9654432192739,33.5656677947174],[-93.9652372697152,33.568388342566],[-93.9661294944217,33.5705736565898],[-93.9700818508048,33.5736833771165],[-93.9739877400332,33.5754313605787],[-93.9772991834954,33.575366387818],[-93.9822656803421,33.5757280233177],[-93.9877743248358,33.5756249920035],[-93.9932602203932,33.5746107240232],[-93.9987304879597,33.5709974642584],[-94.0004774803203,33.5697196459135],[-94.0029874486826,33.5676018495708],[-94.0062679748276,33.5666290119698],[-94.0095485512783,33.5665295222537],[-94.012356541126,33.5674223027981],[-94.0162476207286,33.5687118863424],[-94.0193140136628,33.568845357518],[-94.0226862569,33.5681012548976],[-94.024433578044,33.5658239433413],[-94.0246702922062,33.5636459368753],[-94.0242507915449,33.5618026353644],[-94.0216334250988,33.5598451579952],[-94.0187190971793,33.5586546325193],[-94.0165141185341,33.5586971041942],[-94.0139358350911,33.5594603997843],[-94.011669510495,33.560257321909],[-94.0101663406655,33.5601814602416],[-94.0088389900017,33.5602072859435],[-94.0060619821498,33.5593535103468],[-94.0030022547151,33.5579991792507],[-94.0010190790966,33.556263012939],[-93.9987227274139,33.5531193920669],[-93.9974944950619,33.5504251246661],[-93.9967009529844,33.5462860074499],[-93.9973566988872,33.5435923655229],[-93.9995081442298,33.5417300997507],[-94.0020491978942,33.5410849914055],[-94.0050166297217,33.5416228903804],[-94.0072826938062,33.543854931215],[-94.0084195971383,33.5452019947968],[-94.0098923167746,33.5469495478024],[-94.0112879007724,33.5492425399796],[-94.0146221147304,33.5500850508741],[-94.0169034879041,33.5497268192],[-94.017910315183,33.5495705755907],[-94.0214431241924,33.547533401749],[-94.0233041846277,33.5453701019634],[-94.0264779576794,33.5407575607589],[-94.0303618238103,33.5388645963163],[-94.0354124820193,33.5377542762986],[-94.0412567496796,33.5372851749331],[-94.0490309435232,33.5394101209142],[-94.0534560967151,33.5400249415192],[-94.0573470721131,33.5410696992067],[-94.0601776132677,33.5437444211561],[-94.0618939874501,33.5459835954116],[-94.0616500041207,33.5486353772245],[-94.0592159272302,33.5517069335547],[-94.0562331899069,33.5547485130695],[-94.052318765785,33.5580028855202],[-94.0485885457036,33.5611997401079],[-94.0456050142696,33.5642409224914],[-94.043621815295,33.5687011289394],[-94.0439038018526,33.5723591637328],[-94.0448652704978,33.5742286324649],[-94.0489623418799,33.5753588802206],[-94.0498169505322,33.5752626637648],[-94.0536695391215,33.5746715868897],[-94.061512772088,33.5710201663241],[-94.0658382212664,33.5682051350104],[-94.0685088631988,33.5649657388297],[-94.0727504429674,33.5594213105592],[-94.074810505391,33.5543776677454],[-94.0774348858829,33.5497766014508],[-94.0811654581038,33.5459655825756],[-94.0817076219205,33.5451409239844],[-94.0871395547805,33.5423026906853],[-94.0920683484364,33.5412946681126],[-94.0970499244034,33.5421041836999],[-94.099857836996,33.5438668162789],[-94.1015746630311,33.5461064223538],[-94.1011164009636,33.5492994340832],[-94.1000485538224,33.5519126907982],[-94.097943072578,33.553916446809],[-94.0952570973021,33.5562438014831],[-94.0924347074604,33.5579150953245],[-94.0893218967789,33.5604558096466],[-94.0881847482068,33.5631725334513],[-94.0889174393054,33.565468750828],[-94.0939527228483,33.5681017376817],[-94.0977977637926,33.5675673868111],[-94.101803013878,33.5656718285111],[-94.1070523515801,33.5618334654328],[-94.1112716863673,33.5572886086209],[-94.1131178096161,33.554385228822],[-94.1144145995939,33.5517643777862],[-94.1143230828261,33.5485823196261],[-94.1147500835217,33.544476784255],[-94.1157725648427,33.5417261696612],[-94.1169550244377,33.5395366305669],[-94.1187632208152,33.5373460596117],[-94.1216164956347,33.5361215746965],[-94.1255000967626,33.5351595439889],[-94.1288039683252,33.5350948906152],[-94.1321303381941,33.5357283821206],[-94.135296117138,33.5377081111489],[-94.1371883221643,33.5390212508814],[-94.1394846244397,33.5421570693249],[-94.1403010834385,33.544790238221],[-94.1418880966267,33.548937272385],[-94.1453059167882,33.5518754360764],[-94.1497310061997,33.553324332185],[-94.1524849902308,33.5535924066578],[-94.1536065665075,33.5537025807151],[-94.156826496795,33.5509057483304],[-94.159382069031,33.5480106649672],[-94.1605417042313,33.5462821232378],[-94.1610304578145,33.5439968503315],[-94.1604506006885,33.543095662117],[-94.1587262512629,33.5408566848258],[-94.1586501181443,33.5381280517439],[-94.1580316711903,33.5358658713095],[-94.1596114188045,33.5335577892895],[-94.1612210336054,33.5321609428058],[-94.1628464228226,33.5312186511581],[-94.1650662775689,33.5316275085638],[-94.1683694116147,33.5315581297463],[-94.1716884188916,33.5319432263722],[-94.1755109103256,33.5309555947907],[-94.1805842815383,33.5294524066138],[-94.1859019927116,33.528468333553],[-94.1916165490348,33.5295367061955],[-94.1947828049841,33.5315123327023],[-94.1973995057786,33.533466388989],[-94.2015729519261,33.536331371268],[-94.2053263952542,33.5384069944409],[-94.2084929449526,33.5403866441528],[-94.2100263008706,33.5425270955874],[-94.2104001141149,33.5445796730442],[-94.2097212617463,33.5463692319676],[-94.2074399128271,33.5480407797317],[-94.2045485072187,33.5493074305789],[-94.2019926026061,33.5499748564817],[-94.1994673206631,33.5508826314642],[-94.1954236343617,33.551478790542],[-94.1915708885672,33.5532291924117],[-94.1892743662046,33.5544841867843],[-94.18729821631,33.5561982960002],[-94.1857419416741,33.5594142686878],[-94.1847653615692,33.5635312700257],[-94.1848491420458,33.5662590574934],[-94.1854518343463,33.5693380364416],[-94.1875882472809,33.570352673251],[-94.1897856145008,33.5704598417307],[-94.1926008609394,33.5696849145431],[-94.1958813313889,33.5664841142577],[-94.2026638480409,33.5601509881492],[-94.207363467993,33.5562782784937],[-94.2124447883977,33.5547026893846],[-94.2158781323456,33.5533243419172],[-94.2190823133696,33.5545725943352],[-94.2220349472494,33.5563804390617],[-94.2249264364011,33.5608717396721],[-94.2252827351922,33.5613654080266],[-94.2264742983143,33.5650185131524],[-94.2324364150584,33.5717331201219],[-94.2349728549755,33.5756060228581],[-94.2383785209312,33.5770705723234],[-94.2438106307593,33.5789563344031],[-94.2453503189018,33.5795511434113],[-94.2487530806042,33.5797040278413],[-94.251057023051,33.578449158235],[-94.2540784984243,33.5766362835405],[-94.2572369965228,33.5769225277904],[-94.2607617108133,33.5787729778891],[-94.263027567387,33.5805430743792],[-94.2645841465518,33.5822912467117],[-94.267788348237,33.5838127441881],[-94.2706036979818,33.5830345549777],[-94.2746930106148,33.5834775068668],[-94.2770810677116,33.5851713498495],[-94.2785687568739,33.5875218499735],[-94.2794459231213,33.5907531523521],[-94.2783015188566,33.5929588776092],[-94.2763716007581,33.595160110734],[-94.2734877275234,33.597610095007],[-94.2699703551638,33.5998647862437],[-94.2658812239905,33.6014138799244],[-94.2625243131985,33.6036069372178],[-94.2610516609358,33.6056100859855],[-94.2622343046855,33.6076930003708],[-94.2648893096437,33.6091890198473],[-94.2661556602081,33.6100547043816],[-94.2678800213117,33.6122904532723],[-94.2695891020724,33.6140728423683],[-94.2688108529142,33.6162135835088],[-94.2675517355844,33.6184298411307],[-94.2653545606041,33.6196275970872],[-94.2618833005646,33.6204331242141],[-94.2593198249507,33.6206660662171],[-94.2571377515486,33.6216189824561],[-94.2550549653415,33.6232944588995],[-94.2545131949869,33.6257704984843],[-94.2558026942379,33.6283423310564],[-94.2590757122639,33.6306811471227],[-94.261875699919,33.6319860125498],[-94.2641492604446,33.6319362545307],[-94.2654842593648,33.6320013260407],[-94.2689175242609,33.6303372346248],[-94.2705883403838,33.6281548317438],[-94.2738233569782,33.6258123117977],[-94.2775920222587,33.6248325217943],[-94.281475670099,33.6245613967867],[-94.2853283503165,33.624747669702],[-94.2929425218687,33.6264802913141],[-94.2945905243765,33.6159534058247],[-94.2951853986391,33.6132527282268],[-94.2973295218138,33.611661216123],[-94.3019758411269,33.6091819004883],[-94.3061947195699,33.607018601859],[-94.3273051440181,33.6016729432614],[-94.3330731707619,33.6006160313665],[-94.3374371873105,33.6022182963406],[-94.3411602011066,33.6072009257309],[-94.3395505351018,33.6129239717719],[-94.336910691909,33.6158583163785],[-94.332287471875,33.6179988643048],[-94.3259703454223,33.6210735209599],[-94.3260768963948,33.6255226341312],[-94.3349272207448,33.6270259631749],[-94.340671982021,33.626308946193],[-94.3457380077096,33.6235075765744],[-94.3492169699043,33.6202765679836],[-94.3539549137831,33.6164344927781],[-94.36031024289,33.6126758198466],[-94.3688930417619,33.6121120737836],[-94.3765454905283,33.6132069520582],[-94.3771711976664,33.6159723257019],[-94.3762325534159,33.6237792591807],[-94.3707545890841,33.6265599715562],[-94.3637509108024,33.6278920093403],[-94.3575102714045,33.6299478930544],[-94.3527263679191,33.6344731109774],[-94.3511852802014,33.6391739304995],[-94.3524059774848,33.6450493857704],[-94.3556485947249,33.6452250063641],[-94.3597075658608,33.6454421753728],[-94.3663526214097,33.6434090199706],[-94.375544690945,33.6375461229336],[-94.3804976088579,33.6328898232272],[-94.3859983805164,33.6297692352208],[-94.3953442146788,33.6299295297407],[-94.3952525245361,33.6312876818596],[-94.3927654156028,33.6379915874489],[-94.3872189780868,33.6417909443889],[-94.3829799414488,33.6478522809987],[-94.3861888925269,33.6629200885086],[-94.3950162882776,33.6709059907179],[-94.3991133354052,33.6704403629346],[-94.3981519215572,33.666632610266],[-94.3967403924631,33.663481644831],[-94.3964962968442,33.6610773931801],[-94.3987165657139,33.6523141961701],[-94.4012874272761,33.6504028570961],[-94.407123964035,33.6483194084934],[-94.4123501404741,33.649280977431],[-94.418468912624,33.65507673445],[-94.4197430156493,33.6602650899363],[-94.4223065721116,33.6645039626911],[-94.4273953036173,33.667506940398],[-94.4342693127827,33.6682120521584],[-94.4364132311415,33.6666177021787],[-94.4375652459332,33.6615547932054],[-94.4390379664678,33.6578729572282],[-94.4413798896849,33.6532179991148],[-94.4456678180306,33.6500243968781],[-94.4613691349118,33.6464187486137],[-94.4662517192295,33.6463357230331],[-94.4714780618569,33.6472932026411],[-94.4765211445732,33.6509745176496],[-94.4771085071234,33.6544235900857],[-94.4753001607272,33.6570600958345],[-94.4705929580957,33.6605699068043],[-94.4641690066843,33.6592077826376],[-94.4571042726077,33.6554202460524],[-94.4515881622156,33.6588842179846],[-94.4442868514191,33.6827524413141],[-94.4496883017465,33.6871371306909],[-94.4533658491112,33.6869921133641],[-94.4763302292191,33.6782929516489],[-94.4821894834733,33.675870467431],[-94.4935269742487,33.6706584289957],[-94.5146992054834,33.6727185530544],[-94.5190074995349,33.6755980094986],[-94.5193765391317,33.677855648156],[-94.515903050372,33.6810936457403],[-94.5095222935528,33.6823755152606],[-94.5069500872126,33.6865300888062],[-94.5096151452172,33.6899019276396],[-94.5248102075369,33.6975942522567],[-94.5353888904935,33.7011907760552],[-94.5417793104903,33.7009019006429],[-94.5405311939295,33.6951185500316],[-94.5305148823919,33.6897489120708],[-94.5262371589078,33.6883453549786],[-94.5258762194199,33.6826078927529],[-94.5269873761376,33.6792466302629],[-94.5311491450847,33.6756719762172],[-94.5384288621785,33.6758707589821],[-94.5431944148793,33.6766635769811],[-94.5458723196907,33.6853431378298],[-94.5532050490644,33.6891007294555],[-94.5611808868415,33.6896449885738],[-94.5643751163288,33.6914795937706],[-94.566194609021,33.6957461010377],[-94.566839764685,33.7010646918407],[-94.5540127369128,33.7096945639355],[-94.5575209473548,33.7191652784827],[-94.5635368884557,33.7169113746406],[-94.5675706887974,33.71337627398],[-94.5730878969307,33.7124137022306],[-94.5731030676792,33.7124020563527],[-94.5794566297999,33.7132455620501],[-94.5923712945164,33.71794709853],[-94.5887685840014,33.7253552410957],[-94.5827145201964,33.7276945868658],[-94.5759782676799,33.7293016409562],[-94.5643443652,33.7330224433072],[-94.5633319153658,33.7388026183171],[-94.5644314784263,33.7445167027068],[-94.5717863413903,33.7480780312649],[-94.5768403709766,33.7481623620855],[-94.5814256452745,33.74574652484],[-94.5859244495399,33.7416149089538],[-94.5903078427492,33.7388682775605],[-94.5947127838471,33.7311406018798],[-94.5965658088523,33.7285847882616],[-94.6033303852498,33.7250426804709],[-94.6076345326779,33.7235013573508],[-94.6094663574424,33.7241675481501],[-94.6126386015614,33.7259032983084],[-94.6144330168841,33.727175929086],[-94.6138238064079,33.7293093996112],[-94.6136631660755,33.7353982915647],[-94.6227611146269,33.7505548752701],[-94.6283995090853,33.7541191923164],[-94.6335034571536,33.7537260530425],[-94.6375240899899,33.7460607616608],[-94.6382663086203,33.7358024179891],[-94.6355054776301,33.7313334313083],[-94.6347224036205,33.7289320577137],[-94.634877890318,33.7265818996501],[-94.6358759078189,33.7256477923384],[-94.6373040952717,33.7253270209998],[-94.656864812667,33.725075970745],[-94.6733900454622,33.7295249972996],[-94.6763807167061,33.7316430412094],[-94.6826366077009,33.7375337225576],[-94.6808897321213,33.7403949097148],[-94.6824383387379,33.7467057835271],[-94.6934323236302,33.7521767626207],[-94.7086224649788,33.7591703999352],[-94.7136043131354,33.7607347552102],[-94.718159247733,33.7629288953531],[-94.724636338985,33.7717804919094],[-94.7284665038282,33.7791816932811],[-94.7251266996542,33.7873433046205],[-94.723560987318,33.7898229379196],[-94.7207001702433,33.7942019209013],[-94.7175794454042,33.8025699111083],[-94.7193034453851,33.8062638037175],[-94.7211270622428,33.8083240318747],[-94.7255748287253,33.812154250304],[-94.7282224549217,33.8135962928719],[-94.7324949636856,33.8141379770313],[-94.7315563948936,33.8042560252163],[-94.7331756378376,33.7984995511566],[-94.7333127818354,33.7963430417653],[-94.7421002600481,33.7923219538356],[-94.7484250661983,33.7913256080958],[-94.7538190254746,33.7925816359339],[-94.7582516014457,33.7967364595501],[-94.7598690441658,33.8020629615194],[-94.7696346925016,33.8209060689498],[-94.7717028819836,33.8230068625717],[-94.7714182867184,33.8264778920398],[-94.7739410623617,33.844014058091],[-94.7768660559786,33.8472020377511],[-94.7808659422233,33.8467634562171],[-94.7875881091563,33.8388661420853],[-94.8006324986846,33.8405393354854],[-94.8007892538033,33.8411316363685],[-94.8027301457214,33.8440361867257],[-94.8051284606804,33.8467755374562],[-94.8079670516383,33.8496292479346],[-94.8144835537785,33.8508861968326],[-94.8174454995945,33.85000281446],[-94.8228119623383,33.8464274377224],[-94.8323363806809,33.8442734571979],[-94.8390288313442,33.8462871318773],[-94.8444273720285,33.8529162259149],[-94.859594790492,33.86077677042],[-94.8652754875154,33.8646050507674],[-94.8653077460172,33.8694744323184],[-94.8636631750738,33.8776204788795],[-94.8636695405359,33.8791936464419],[-94.8635475753715,33.8825628905688],[-94.8650485748712,33.8852049763284],[-94.8663648286464,33.8865896485337],[-94.8669776656214,33.8880136542613],[-94.8677232700022,33.8887102537455],[-94.8719975403623,33.8891645324831],[-94.872300622956,33.8894122113996],[-94.8779310233067,33.8907835680736],[-94.88180240555,33.8933243243219],[-94.8822475081969,33.8906796951699],[-94.8819951453825,33.8887068033387],[-94.880134221491,33.8854799869185],[-94.8760634554754,33.8786157267449],[-94.8797967998973,33.8697782986313],[-94.8853300510432,33.868163944707],[-94.8883977618059,33.8691707521401],[-94.903232916802,33.8753100563459],[-94.9058652491807,33.883302363495],[-94.9040918005366,33.8838420054651],[-94.8994212087446,33.8873443619571],[-94.8937189611375,33.8903736982543],[-94.8859889608125,33.8951984525762],[-94.8852615257567,33.8994395005972],[-94.8861849067322,33.9032743271093],[-94.8874359383261,33.9055691749664],[-94.8916080280176,33.9066463173024],[-94.8982585965275,33.9061414277252],[-94.9027590393199,33.9037842275597],[-94.9077140431208,33.8986333529072],[-94.921001964126,33.8918990426509],[-94.9319807073029,33.8917730734894],[-94.9332519411092,33.8931298642642],[-94.9307655885574,33.8986390681202],[-94.9253849674665,33.9097552396786],[-94.9263570748596,33.9150708654686],[-94.9305441268904,33.9201224939275],[-94.9400986010658,33.9224201970642],[-94.9528949235233,33.9222726193563],[-94.962475249416,33.9223228888338],[-94.9625255972927,33.9223230543164],[-94.9678005522518,33.9222838580212],[-94.9729655821661,33.9231278278018],[-94.9770321755072,33.9254016331699],[-94.9785044558675,33.9267333739873],[-94.9807095908196,33.9287319445857],[-94.9865309370671,33.9330819957891],[-94.9978911076085,33.9376521047418],[-95.0157742319905,33.9427378175518],[-95.025707653282,33.9451797049723],[-95.0323149427581,33.9459087696532],[-95.0362668993909,33.9447070480275],[-95.0385252514387,33.942116624475],[-95.0392345504073,33.9389537000407],[-95.0446286031084,33.933130819669],[-95.0474209469988,33.930120856795],[-95.0525327966483,33.9259700847187],[-95.0554927059836,33.9235590078751],[-95.0578578497525,33.9204485100496],[-95.0590252733463,33.916961997594],[-95.0587582042123,33.9131959171248],[-95.0578884068452,33.9081635976159],[-95.0568736555272,33.9041725409486],[-95.0555616283255,33.8989871883613],[-95.0560650433124,33.8927108674554],[-95.05750701182,33.8873094225728],[-95.059498272276,33.8819257496843],[-95.0613752158239,33.8783614489527],[-95.0655866292669,33.8747378062795],[-95.0705762244945,33.872822387997],[-95.0735643831506,33.8724302689824],[-95.0733211364396,33.8851702665022],[-95.0730937899092,33.893495798674],[-95.0760734100785,33.8976889886791],[-95.0833874661723,33.8969032795788],[-95.083745875106,33.8964416989588],[-95.0846676597753,33.8961600941688],[-95.0859646096532,33.8930286271916],[-95.0868058028651,33.8913695199301],[-95.0893834655723,33.8888470432124],[-95.0918102140067,33.8819758811243],[-95.0891186386332,33.8774572734788],[-95.0873662662624,33.8729833386099],[-95.0873048960571,33.8694890537939],[-95.0872636166732,33.8656565169644],[-95.0871820999511,33.8624993754916],[-95.0900453442736,33.8601088295198],[-95.0923426921879,33.8592205229049],[-95.0985150227933,33.8575984386447],[-95.1056943872901,33.8578281653861],[-95.1095624691231,33.859864833411],[-95.1148801632284,33.8626726923511],[-95.1180463239564,33.8648789477001],[-95.1190992473857,33.8656149733348],[-95.1207624107606,33.8671253761688],[-95.1237085534142,33.8685751034512],[-95.1292270497316,33.8732919882228],[-95.1368743565414,33.8751149220141],[-95.14069347031,33.8734724149387],[-95.1407609499575,33.8635204462984],[-95.1434010150342,33.8590536367649],[-95.1500499531018,33.8584926963679],[-95.1761994762379,33.8550135084455],[-95.1830788393624,33.8540279103731],[-95.2007787864782,33.8527124812406],[-95.2202452337693,33.8521216370653],[-95.2472104927604,33.8550240778562],[-95.255114075446,33.855984678746],[-95.2618008316887,33.856544295814],[-95.2635678313273,33.8581812338743],[-95.2629466040875,33.8654253261666],[-95.2632302282739,33.8695069444559],[-95.2651640127213,33.8718443817178],[-95.2705948056193,33.8726930544742],[-95.2790465564609,33.8686113147855],[-95.2843155753526,33.8650372466326],[-95.2984362894234,33.8602983154341],[-95.3110199617885,33.8607692034467],[-95.313348030289,33.8634691015751],[-95.3112456653003,33.8786983598165],[-95.3139184254601,33.8826254438366],[-95.3180830106257,33.8821176713304],[-95.3224527386628,33.8797998283906],[-95.3300902062253,33.8717831705524],[-95.3372568649506,33.8675111331853],[-95.3410751226248,33.8663326380926],[-95.3422514476247,33.8656145049013],[-95.3472714166887,33.8648559487548],[-95.3516506408167,33.8658972458441],[-95.3543134494398,33.8682513593581],[-95.3568767678485,33.8728790226287],[-95.3589290948792,33.8765764668231],[-95.3593028721908,33.880685276335],[-95.3579984034139,33.8851954696079],[-95.3578729114637,33.8880309086716],[-95.3565375083016,33.8951489209566],[-95.3606276626561,33.9051973360306],[-95.3669745332262,33.9156018288628],[-95.3714536500138,33.9165040069137],[-95.3720974016111,33.9170114159031],[-95.3776286279544,33.9177670401381],[-95.3902553772324,33.9198236567709],[-95.3938649382997,33.9209312359953],[-95.4012587701806,33.9268320553837],[-95.4037352529424,33.9269394009292],[-95.4064848298388,33.9184025826238],[-95.4107309514894,33.9127011306159],[-95.4195068818592,33.9073671634089],[-95.4316744222454,33.9042562967046],[-95.4356562415732,33.897675464388],[-95.4409675109276,33.8932304181811],[-95.4451837078996,33.8917666874457],[-95.4705848760135,33.8933301383192],[-95.4794429303666,33.890159345177],[-95.4868113426199,33.886793338466],[-95.4947586382255,33.8775232194467],[-95.5051787972806,33.8702609042326],[-95.5193630662595,33.8698217862268],[-95.5302366086318,33.8771184238226],[-95.5462741343811,33.8816449531158],[-95.546443526101,33.8816328439956],[-95.5469403214025,33.8818029271216],[-95.553043732361,33.8815669153733],[-95.5604292952498,33.8781974857412],[-95.5660671273628,33.8743781414592],[-95.5696684257261,33.8676564576085],[-95.5694621375026,33.8612731762805],[-95.5668945835373,33.858347871071],[-95.5671719958735,33.8563856446932],[-95.5627264158904,33.8508178063954],[-95.5600775221711,33.8417005690806],[-95.5642849255347,33.8350460987622],[-95.5741852852304,33.8308051251675],[-95.5787616114099,33.8289699893247],[-95.5900926271288,33.8365711372876],[-95.5964478044204,33.8434401523112],[-95.6103011340485,33.846603513372],[-95.6181262309277,33.8460256565623],[-95.6268814461471,33.8430832169834],[-95.6277236149293,33.8389906089959],[-95.6257404985996,33.8290016273712],[-95.6295092114909,33.8237520050731],[-95.6374535848769,33.8208510932195],[-95.6451981441976,33.8216097281618],[-95.6505793015828,33.8243171967252],[-95.6641810921516,33.836118817161],[-95.6935010915223,33.849002834251],[-95.7220883566752,33.8661836519899],[-95.7344446501707,33.8696810145982],[-95.7394184206762,33.8719228960044],[-95.7419063165337,33.8726939397999],[-95.742841783443,33.8716563997233],[-95.7431411973171,33.8697195936242],[-95.741123199405,33.8683863348029],[-95.7421156644191,33.8587590077115],[-95.7483715652953,33.847747034193],[-95.7573820242262,33.843340956588],[-95.7912259501475,33.838621512254],[-95.7910885043157,33.8516087779103],[-95.8011898072591,33.8563393557593],[-95.8094218876744,33.8570989155738],[-95.8117489276038,33.8519907256585],[-95.8083310670181,33.8479609305143],[-95.802181898574,33.8468504839256],[-95.8015410242806,33.839028911636],[-95.8107267499134,33.8311627274021],[-95.8270001588833,33.8261679963898],[-95.8290220033815,33.8271142564114],[-95.828846652238,33.830574290008],[-95.8269466085126,33.8374313783625],[-95.8288388261152,33.8409678434036],[-95.8329204321014,33.8419935565676],[-95.836681746468,33.8391101452009],[-95.8413893362734,33.8275991440672],[-95.855618044011,33.8220892998413],[-95.8917966132023,33.8325858459151],[-95.9061550412602,33.8348712051275],[-95.9049039297162,33.828758790867],[-95.9042553730305,33.8209365397765],[-95.9055599172659,33.8153585422946],[-95.9127850949439,33.815637087896],[-95.9183088778467,33.8188804439886],[-95.9304548676493,33.8241070972326],[-95.9521451492235,33.8245011246828],[-95.9564555767737,33.82076497341],[-95.9558835475671,33.8112154513437],[-95.9547391010817,33.8029441095242],[-95.9660838232952,33.8033716869278],[-95.9764600798857,33.8024626449632],[-95.9854779373413,33.7976062751781],[-95.9853559631937,33.7893725819109],[-95.9777647229358,33.7860536772584],[-95.9740491813262,33.7880792454422],[-95.9682126391774,33.7913266704531],[-95.9693951382983,33.777510602839],[-95.9720426135778,33.7654814923431],[-95.9789320665795,33.7510090504105],[-95.99235203005,33.7402543433307],[-96.0043681953277,33.7372395317579],[-96.0309186823892,33.7326005794745],[-96.0381283776032,33.7328675360214],[-96.0455974793219,33.7387775080039],[-96.0525859841601,33.7437987125027],[-96.0632214604057,33.7480903841346],[-96.0830043419506,33.7557475750071],[-96.0986065620795,33.7532872051001],[-96.1062815819158,33.7436077284867],[-96.113384790836,33.7239389806968],[-96.1122784410035,33.7143705407488],[-96.114979185481,33.7006089123297],[-96.1262021114133,33.681089752648],[-96.1514095901756,33.6711731143825],[-96.1621823846921,33.6724290563759],[-96.1671948231791,33.675640866889],[-96.174183446595,33.6919173190204],[-96.1772580698937,33.7037225006528],[-96.1838954951526,33.7115130897312],[-96.187542566273,33.7144432187507],[-96.1908460722213,33.7171518444008],[-96.2025494054895,33.7262472673366],[-96.2099348776484,33.7345959773304],[-96.2104380985992,33.7351676861852],[-96.2169231426365,33.7424936938935],[-96.2197919268693,33.7485565598798],[-96.2233243316369,33.7559459805224],[-96.2277188944984,33.7598492101313],[-96.2307628502117,33.7625472503451],[-96.2405974397539,33.7651257028701],[-96.2509504245887,33.7664576292235],[-96.2592206887934,33.76709519943],[-96.2669644719698,33.7668083470426],[-96.2748454943653,33.7657253851564],[-96.2810636174906,33.7627304410273],[-96.2905696985233,33.7602921357947],[-96.2966502770022,33.759929576375],[-96.3047833495985,33.7594453374169],[-96.3086437948533,33.7595287526355],[-96.3136714337331,33.762813608842],[-96.317905931184,33.7670373820107],[-96.3198665554956,33.7716010512543],[-96.3213392131482,33.7775449113832],[-96.3224607633737,33.7839401086515],[-96.3235211167687,33.7899601410869],[-96.325466707774,33.7959347619164],[-96.3289150796383,33.7999987023826],[-96.3339580276073,33.8039282581184],[-96.3374220364457,33.8059805452168],[-96.3388105336343,33.8068010766437],[-96.3537487388682,33.8060567874326],[-96.3547101473263,33.8059888701935],[-96.364292507903,33.805049566166],[-96.3715785868657,33.8043367909521],[-96.3774608308045,33.8037602891333],[-96.3793225272471,33.8043057558687],[-96.3847624057058,33.8058975544181],[-96.392223964271,33.8090749070653],[-96.3967100295273,33.8125282373791],[-96.40194366378,33.8165567887108],[-96.4067578827113,33.8190711908218],[-96.4128309225283,33.8222423062561],[-96.4182247452607,33.8250840389626],[-96.4236113194871,33.8284305042423],[-96.4267699038239,33.8321613904001],[-96.4292949629846,33.8376939678734],[-96.4288448324671,33.8412199218133],[-96.4267927973889,33.8444472587028],[-96.4230848501367,33.8488343636582],[-96.4169966242998,33.8537340749021],[-96.4157985079677,33.8546988530287],[-96.4111445637544,33.8585645158742],[-96.4106486640732,33.8589717612314],[-96.4048352176103,33.8632380406141],[-96.3997920962665,33.8669353892409],[-96.3958860597144,33.8696443353063],[-96.3929792147613,33.8741340884249],[-96.3934215505971,33.8777824146047],[-96.3966258924195,33.8814861733809],[-96.4060253802589,33.8816204089707],[-96.4176450174921,33.8817882816535],[-96.437893450933,33.8820775459625],[-96.4419673763235,33.8828793457362],[-96.4481703197171,33.8882662917978],[-96.4489637279457,33.888953629747],[-96.4534497770324,33.8925972896704],[-96.4592404242533,33.8973313756653],[-96.4648022130792,33.9001510121928],[-96.4725079885359,33.9012811174655],[-96.4775205698549,33.9005176367322],[-96.4824109066335,33.8967709552545],[-96.4829143162305,33.8959319096919],[-96.4871717431791,33.8887964937376],[-96.4909406465132,33.879392583195],[-96.4917951518592,33.8772709543273],[-96.4932751200016,33.8659274701446],[-96.4933362063392,33.8648173712605],[-96.4940077095905,33.8577894728194],[-96.4942211924212,33.8552795784891],[-96.4945568075029,33.8514140668679],[-96.496525402566,33.8441920934972],[-96.5006451528157,33.8369994449846],[-96.5043913790788,33.8304714064557],[-96.5083660388338,33.8258742606313],[-96.5157513448044,33.8202346385549],[-96.5241208935093,33.8176710485814],[-96.5358547389544,33.8166482752166],[-96.547016601007,33.8147864607759],[-96.5535474708019,33.8136996020055],[-96.5598112175638,33.8128444908095],[-96.5652051462975,33.812108206108],[-96.5701490118872,33.8131112899907],[-96.5735593841166,33.8145229985676],[-96.5767177169251,33.8182547960468],[-96.5808757614572,33.8247373083406],[-96.5826078408857,33.8291897554895],[-96.5844465269823,33.833902092332],[-96.5867352636464,33.8390942276932],[-96.5889324485082,33.8440731105472],[-96.5918315715432,33.8480989760141],[-96.5974697872368,33.8520474196171],[-96.6032529146605,33.8551411850188],[-96.6088909839288,33.8565190074101],[-96.6153456146038,33.8580984906768],[-96.6213041398833,33.8589681111936],[-96.6225018932961,33.8591434799239],[-96.6308255955821,33.85839265279],[-96.6399884411246,33.8541266684603],[-96.6479536167976,33.8488846010756],[-96.6516767725275,33.8446832208732],[-96.6554683520343,33.8409032420779],[-96.6594433450643,33.8382813959588],[-96.6657071448268,33.8372129682681],[-96.6710707554196,33.8381404604151],[-96.676449217859,33.841929500685],[-96.6812024196229,33.8475150786806],[-96.6862302911664,33.8553283745679],[-96.6920054747881,33.8660539391833],[-96.6926390152355,33.8672282827189],[-96.6967969429865,33.8764121287642],[-96.6974378532125,33.8778239888572],[-96.703137059124,33.8888695218988],[-96.7061964245377,33.8948064438457],[-96.7072721256494,33.8996476693273],[-96.7082867592881,33.9041999542911],[-96.7095836148429,33.9094421958741],[-96.7097593711266,33.910143673482],[-96.7104915349141,33.916554041245],[-96.7109570338095,33.9206510747512],[-96.711498607433,33.9240090906717],[-96.7130475661892,33.9281288489445],[-96.7151379332789,33.9327158720698],[-96.7183498595773,33.9368668706291],[-96.7221265504066,33.9405716342182],[-96.7261396688355,33.9428912054419],[-96.7321514722963,33.9448710368519],[-96.7377056865277,33.9445620024531],[-96.7436641615016,33.9429597083854],[-96.7513241273703,33.9387097714488],[-96.7582210471687,33.9347527579865],[-96.7591594955865,33.9342114296249],[-96.7636915159578,33.9315978712372],[-96.7695280455302,33.9282287280178],[-96.7740141278545,33.9260303543365],[-96.7788967525964,33.925175857809],[-96.7838101239755,33.9271256085876],[-96.7876553499728,33.9296445720926],[-96.7904478510684,33.9331423438506],[-96.7914471837028,33.9372523479981],[-96.7933164583331,33.9392016643148],[-96.7960324759671,33.9406358657237],[-96.7988323836722,33.9398000430149],[-96.8002821145221,33.9383163448412],[-96.8018461811448,33.9335092870786],[-96.8020060695873,33.9294189182907],[-96.8002134401153,33.9184534462731],[-96.7985502920117,33.9143859126225],[-96.7925228668482,33.8996548958353],[-96.791889745914,33.8981603079167],[-96.7895702760875,33.8927079898899],[-96.788837915569,33.8867332096352],[-96.7887385556104,33.8858589888747],[-96.7879681496429,33.8789801341256],[-96.7883876736604,33.8776297365983],[-96.7903790922199,33.8712916284151],[-96.7956813631501,33.8637487129889],[-96.803127856968,33.8571176025628],[-96.8134807214285,33.8469238061206],[-96.8210109193662,33.8380188858527],[-96.8266033173871,33.8334854015307],[-96.8312727647256,33.8296975494988],[-96.8363310181903,33.8266033792089],[-96.8391307318593,33.8252861868357],[-96.8457835533439,33.8244893149231],[-96.8501860007186,33.8254730701525],[-96.853550605581,33.8261179180035],[-96.85619793713,33.8283047481239],[-96.8604626206695,33.8326923086865],[-96.8642850285602,33.8366261797656],[-96.8684735143022,33.8410552388872],[-96.8722578614727,33.8434281571488],[-96.8766447661964,33.8444475750484],[-96.8822064930385,33.8436800790797],[-96.8868145378323,33.8424599695697],[-96.8918956866587,33.8384529309074],[-96.895290840529,33.8340006908671],[-96.8954434984317,33.8299108820798],[-96.8947569295348,33.8290639975029],[-96.8928037037479,33.8266596198721],[-96.8900877561825,33.8252255975237],[-96.8861509918578,33.8247101538017],[-96.8806195490205,33.8246187318901],[-96.8740125892262,33.8235998177899],[-96.8670314263187,33.8217457362986],[-96.8630262193525,33.8206849709809],[-96.8587766328998,33.8194259822479],[-96.8561214428887,33.8166298816453],[-96.8538096850989,33.8132526034086],[-96.8528181246882,33.8086898139848],[-96.8543591324558,33.8047566939191],[-96.8577770181944,33.8021121656936],[-96.859653775791,33.8016049603392],[-96.8639189004032,33.8004482970659],[-96.8729673661554,33.798567494495],[-96.8846935983785,33.7969426197357],[-96.8935055745474,33.7930088903388],[-96.8986401713366,33.7885904490246],[-96.9004863978916,33.7836301761331],[-96.9001431372485,33.7768046702055],[-96.8999980853813,33.7753708792874],[-96.8998991413426,33.7731417221663],[-96.8996852569651,33.7685337318751],[-96.8988004478512,33.7661826089392],[-96.8961148058503,33.7584150675229],[-96.8929714991615,33.7493188112981],[-96.8915066820047,33.741566854012],[-96.8922543129848,33.7333901950555],[-96.8940778004851,33.7265983005538],[-96.8981212163936,33.7193873909846],[-96.9036527239096,33.7131920221543],[-96.9111140489128,33.707315864659],[-96.9194911982633,33.7031231411476],[-96.93001969504,33.7017145636346],[-96.9421201402576,33.7037296772118],[-96.9525113061869,33.7062207170529],[-96.9622996675264,33.710555202626],[-96.972019662581,33.7167131000081],[-96.9818768375661,33.7271096437726],[-96.9889415905074,33.7376027541179],[-96.995289283036,33.7454885532293],[-96.9984707546496,33.7492042862768],[-97.000530796412,33.7533477706505],[-97.0004772325665,33.7587855245165],[-96.9983181416626,33.763458674205],[-96.9967236248468,33.7669076740899],[-96.9977307135354,33.7696591155318],[-96.9995998713847,33.7728716718654],[-97.0040860633035,33.7779804729424],[-97.0077863865539,33.7821881714289],[-97.0097699412614,33.7871293581894],[-97.0101743825652,33.7927106330866],[-97.0099987897749,33.7977097544127],[-97.0092511093875,33.8031540908081],[-97.0057340199973,33.8085255655054],[-97.0011409348479,33.813417316011],[-96.9973797597202,33.8158819215731],[-96.9965710450975,33.8164121513159],[-96.99145942362,33.8184154203488],[-96.9841046657589,33.8212951952702],[-96.979748315433,33.8238172007124],[-96.9751782469178,33.8277976331322],[-96.9728055590972,33.8322911591557],[-96.9726758181157,33.8370337214761],[-96.975460483207,33.8451685296404],[-96.9794049568735,33.8566984692012],[-96.9840894366199,33.8681096826112],[-96.9867366585745,33.8745507025389],[-96.9903912611701,33.8813948286241],[-96.9957089588687,33.8874383610821],[-97.0032544236747,33.8930820509656],[-97.0109067349989,33.8959969473482],[-97.018291951138,33.8977784228284],[-97.0254636907346,33.8987964618764],[-97.0315823443068,33.8975263823859],[-97.0383038985887,33.8939966627238],[-97.0454831130668,33.8886404678041],[-97.0495648349357,33.8828223224865],[-97.0525707955057,33.8760730638906],[-97.0533642064293,33.869266111635],[-97.0565381717204,33.8612002811519],[-97.056767083116,33.8606245080773],[-97.059437345061,33.8539438904497],[-97.0634504365404,33.8499447598411],[-97.068470458605,33.8491559014192],[-97.0739635586511,33.8501931195757],[-97.0835079582205,33.8523828721521],[-97.0922665825463,33.856607331412],[-97.1006741111231,33.863046556148],[-97.1020244757262,33.8640814439254],[-97.1060299261359,33.866870550962],[-97.1108669730552,33.8710782328223],[-97.1146589082949,33.8734398789528],[-97.1179928788094,33.8730626499064],[-97.1197323873053,33.8708260888757],[-97.118732952263,33.8676221710261],[-97.1186413690197,33.8647258915532],[-97.118381853819,33.8617008118778],[-97.1208615166169,33.8540237200096],[-97.1250653896014,33.8489040963518],[-97.1278957304317,33.8462170538497],[-97.1316722748356,33.845176407624],[-97.1338847993293,33.8452256280315],[-97.1361890022876,33.8463360442593],[-97.1366773022215,33.8490709829263],[-97.1371044187997,33.8525591727641],[-97.1376232569618,33.8568170436686],[-97.1406063482213,33.859029908183],[-97.1414151149463,33.8591438126264],[-97.1444591506096,33.8595750253511],[-97.1478543556838,33.8573780002939],[-97.149304007482,33.853802266802],[-97.149540433285,33.8501280880403],[-97.1501279045313,33.8410786866955],[-97.1524700586154,33.8347452622374],[-97.1553921910981,33.8275104975485],[-97.1605114994595,33.8207611224767],[-97.1709866587662,33.8115052890708],[-97.1772121876027,33.8070991086414],[-97.190060100307,33.8032951340328],[-97.2121930878229,33.8029285883723],[-97.2249112595456,33.802718270627],[-97.2376827022631,33.8050084334694],[-97.2508740660533,33.8088228458337],[-97.2566952595872,33.811612254283],[-97.2609678384196,33.8162552736317],[-97.2639051155997,33.8208228105268],[-97.2650494390159,33.8268087532694],[-97.2653012260103,33.8340310242056],[-97.2629132497618,33.8413183977492],[-97.2599452996064,33.8503153773554],[-97.2596554572817,33.8511894571166],[-97.2570919493285,33.8575715705598],[-97.256420719165,33.8634745073443],[-97.2564053436006,33.8711961593033],[-97.257847254616,33.8780526364427],[-97.2604184000458,33.8840198966901],[-97.2680630738934,33.8904607531019],[-97.2782559286389,33.8971452550091],[-97.2886472724347,33.9010099104466],[-97.2963375717156,33.902997873774],[-97.3040814249605,33.9031651451968],[-97.3104367091516,33.9023293820204],[-97.3129773361162,33.9019940265962],[-97.3230176093158,33.8994795641139],[-97.3327068433602,33.8958471115432],[-97.3449139015341,33.8899415382212],[-97.353352116561,33.8870112548792],[-97.3589138263351,33.8857182906802],[-97.3672298875514,33.8849589907134],[-97.3738522004523,33.8859053102759],[-97.3742202959197,33.8859751327588],[-97.3915303274898,33.8857428672045],[-97.3979296884187,33.8943689293044],[-97.4025354775428,33.9052243449462],[-97.3963234979957,33.9391764510904],[-97.405887633552,33.9412624995095],[-97.4141854975955,33.952617491075],[-97.4313922408743,33.9616663270361],[-97.4318357741643,33.9622574040915],[-97.4393734892044,33.9676416021952],[-97.4520459627303,33.971879997571],[-97.4614300453609,33.9738107488254],[-97.4724698506209,33.9747493777906],[-97.4818540239814,33.9755507161142],[-97.4902692071027,33.9720822015162],[-97.4986691844412,33.9665078459766],[-97.5052913922392,33.9579811092546],[-97.5059856641897,33.9570115838698],[-97.5108609523907,33.9502084772507],[-97.5168347651997,33.9398811083776],[-97.5269742842719,33.9290795945845],[-97.5344935353396,33.9248077762362],[-97.5396303689338,33.9217928223202],[-97.5595707116732,33.922040112015],[-97.5694402025609,33.9195224845874],[-97.5685929457209,33.9164759661164],[-97.5655430000412,33.9046866298678],[-97.5705865858141,33.8995225049475],[-97.5752012116656,33.8996239333905],[-97.57655499885,33.8993214163069],[-97.5825498277451,33.9010685409884],[-97.5863892209812,33.8987210442886],[-97.5889601768665,33.8950079845621],[-97.5888964566684,33.8920881895488],[-97.5869914003437,33.8875486772392],[-97.5871203130786,33.8829314536308],[-97.589427909872,33.8782398466136],[-97.5907972388091,33.875960242593],[-97.5941324930161,33.8760329230012],[-97.5960110059208,33.8763167280288],[-97.5990561339356,33.8763829344232],[-97.6036087948972,33.8744152334019],[-97.6083563920721,33.8706268278387],[-97.6103890388115,33.8653219445325],[-97.6121793802745,33.8635370208963],[-97.6279394227208,33.8548790489854],[-97.6346302905525,33.8505378348271],[-97.6360821638844,33.849380213619],[-97.6445278223518,33.8440815787979],[-97.6551632833259,33.8412769795677],[-97.6634334711739,33.8392733791342],[-97.6646008830896,33.8390946537419],[-97.6728100546685,33.8378347422376],[-97.6795468371911,33.8379082452771],[-97.6888928285587,33.8398989307326],[-97.6959805118959,33.8417005802725],[-97.7059216892415,33.8460227960748],[-97.7152218323937,33.850067531258],[-97.7250790433114,33.8558402318933],[-97.7326016316203,33.8602502629333],[-97.7397276110364,33.8626540244802],[-97.749851759934,33.8658513096606],[-97.7562451677274,33.8662709664795],[-97.7628598934575,33.8667025348113],[-97.7713894824201,33.8687740880787],[-97.7765774606967,33.8714787974774],[-97.7829250903433,33.87479041065],[-97.7857480604967,33.8776327519011],[-97.7877239858125,33.880383640713],[-97.7911954407863,33.8860801642969],[-97.7878460417068,33.8959696223373],[-97.7831616670633,33.8971791032251],[-97.7722973863216,33.8978276718175],[-97.7607769491469,33.903653281309],[-97.7599682309309,33.9148943928093],[-97.7639890353454,33.9193046810767],[-97.7742581408889,33.9221090141332],[-97.7803769849039,33.9252601176805],[-97.7802929403226,33.9287245498552],[-97.7760815825751,33.9316695360372],[-97.769260911778,33.9354285542653],[-97.7628141503449,33.94482538242],[-97.759953044911,33.9555887078624],[-97.7553830455661,33.9723796111399],[-97.7589536601743,33.9741879357806],[-97.767788372703,33.9726313116726],[-97.7744336115082,33.9757943059368],[-97.7819715196861,33.984604059102],[-97.7923092223812,33.9848105291974],[-97.7975355245845,33.9827504277053],[-97.8146863127025,33.9796217639439],[-97.8348736562125,33.9791486800506],[-97.842144528494,33.979140276609],[-97.8632551065541,33.9820786303853],[-97.8884472420913,33.9881828534889],[-97.8935818047445,33.9900102796706],[-97.8937022867904,33.9901153430874],[-97.8941554095962,33.9921403793503],[-97.8933941664446,33.9929936769827],[-97.8889220906522,33.9941487421874],[-97.8881246957004,33.9964879898599],[-97.8901079791166,34.0002443679492],[-97.8965041330599,34.0053217180022],[-97.9020752158557,34.0077804760567],[-97.9102824605484,34.0177247108384],[-97.91170738532,34.0201066508279],[-97.9108984622882,34.0229417390946],[-97.908495673719,34.0242604605583],[-97.9053880939274,34.0240781218805],[-97.9020019995668,34.0231472426737],[-97.9005773380015,34.0207662919009],[-97.8982491311606,34.018987503054],[-97.8955889797541,34.0186901828303],[-97.89304110608,34.0198815035351],[-97.8901937897858,34.0211903201309],[-97.8883533286183,34.0237583704605],[-97.8884534692129,34.0257439868235],[-97.8900318648626,34.027880568996],[-97.8927926356657,34.0301624818239],[-97.9021901732627,34.0338091904481],[-97.9087587094174,34.0380223514865],[-97.9192071995399,34.0473871977721],[-97.9231493645361,34.0516207185621],[-97.9281768084816,34.0627739155587],[-97.9229761271285,34.072722450639],[-97.9046247244636,34.0861387933208],[-97.8988893667518,34.1072126469727],[-97.899634132106,34.1196734990018],[-97.9092863474759,34.1314274601963],[-97.910647493659,34.1323621141896],[-97.9108013553043,34.1349098682278],[-97.9143490197536,34.1384390920986],[-97.9205364483439,34.1398506352461],[-97.9215740501078,34.139869844537],[-97.9340786922875,34.1370732556521],[-97.9393581945186,34.1328417229543],[-97.9425626135961,34.1290034463291],[-97.9489255640098,34.123898846342],[-97.949467156498,34.1217738526929],[-97.9531979865354,34.1175121978306],[-97.958546128139,34.1102512810895],[-97.9612010818932,34.1076991468194],[-97.9669766410107,34.1043415172692],[-97.9711880625385,34.1013879961451],[-97.9759030059528,34.0993085595461],[-97.9867368050603,34.1012321704577],[-97.9976010301064,34.1018572931571],[-98.000194999931,34.1019033496672],[-98.0120968959113,34.102547647244],[-98.0172162348153,34.1052345486207],[-98.0269665776553,34.1093047685822],[-98.0331082254038,34.1128763036029],[-98.0377163393679,34.1151195844999],[-98.0449109464784,34.1178400447971],[-98.0501217347767,34.1166344537026],[-98.0589642860046,34.1150549858939],[-98.0662351268451,34.1143142886732],[-98.0770841245488,34.1157947462336],[-98.0915187989131,34.116855542185],[-98.0964626878591,34.1178559302789],[-98.1037029994546,34.1186255842505],[-98.1116300407455,34.1233031575026],[-98.1162610356982,34.1251117241498],[-98.1239667698323,34.1282676274184],[-98.1272548615887,34.1317851049662],[-98.1308406936577,34.1337925650153],[-98.1360136736624,34.1343068050427],[-98.1396069177309,34.1361006037586],[-98.1630826359665,34.1412397160911],[-98.1739697994935,34.1412013100238],[-98.1771892590638,34.1358413385204],[-98.1848188061804,34.1303358727143],[-98.1883206340923,34.1236855496581],[-98.1881374783857,34.120003738943],[-98.1871381637175,34.1180382486926],[-98.1871915982055,34.1156580019735],[-98.1898236682762,34.1135367921441],[-98.1934476455072,34.1135931527611],[-98.1981092155189,34.1138837589005],[-98.2046551168234,34.1105260520181],[-98.2047390230642,34.1064135550535],[-98.2047466461677,34.093208072673],[-98.2048305919344,34.0890989537291],[-98.2064709515758,34.084795111922],[-98.2100796098363,34.0855012534515],[-98.2139478237216,34.0862113269805],[-98.2165493564626,34.0858183050115],[-98.2173429344728,34.0849665820194],[-98.2173885787706,34.0825861429537],[-98.2161451226695,34.0799687416754],[-98.2161908532057,34.0778051621098],[-98.2175564981517,34.0743643336852],[-98.2196697408402,34.0722353613281],[-98.2215238303489,34.0703156529825],[-98.2241330948895,34.0692741418862],[-98.2285581735212,34.0680415855437],[-98.2318921278661,34.0696102718332],[-98.234982089,34.0705255035148],[-98.239384209388,34.0705911019767],[-98.2464032560476,34.0689695699897],[-98.2508816541829,34.0651422129949],[-98.2546200318654,34.0591413288596],[-98.2608609614191,34.0577181722363],[-98.2655071693411,34.0584391984871],[-98.2706723178331,34.0591680157763],[-98.2751813458248,34.053608339084],[-98.2788662746461,34.050415043198],[-98.287991019044,34.0468747711275],[-98.292645030631,34.0469429982456],[-98.2939115105528,34.0482597508489],[-98.2946286176778,34.0515179261471],[-98.2969327110416,34.052848928269],[-98.2989697514411,34.0546119359805],[-98.3010297213383,34.0552907635261],[-98.3049053319517,34.0557829218194],[-98.3090404981901,34.0560584455921],[-98.3123365032058,34.0597859719459],[-98.3122982987551,34.0617350771881],[-98.3166623341683,34.0637463985162],[-98.3339580852203,34.080445671414],[-98.3343564323533,34.0809020848983],[-98.3399359305667,34.0902415077391],[-98.3405831218131,34.0953326718367],[-98.3439049758511,34.1001504866889],[-98.3524824737645,34.1015124491042],[-98.3594268255082,34.1029746985283],[-98.3648703205843,34.1054070089827],[-98.3664722350265,34.1070404208685],[-98.3662425438932,34.1114976051021],[-98.3651727806455,34.1132174146049],[-98.3633930554726,34.1131922054303],[-98.3604520368094,34.1117882995106],[-98.3573286179227,34.1122385977144],[-98.3561058401411,34.1142046035427],[-98.3559166522473,34.1164316012746],[-98.3564689176194,34.1186702721573],[-98.3597158009588,34.1195839278914],[-98.3658036854358,34.1192986393828],[-98.3719789193962,34.1223597887602],[-98.3767343840164,34.1301095384704],[-98.3836214394146,34.1349148901796],[-98.3920148985775,34.1385016742554],[-98.4003761198997,34.143945209189],[-98.4065634317091,34.1465085312863],[-98.4092340826246,34.1465452049332],[-98.4177247942984,34.1429769790694],[-98.4299741352744,34.1430325951681],[-98.4547314610612,34.1498586886118],[-98.4636654787514,34.1426172203526],[-98.4784971500807,34.133485582619],[-98.495350482652,34.1193300491062],[-98.498910107271,34.1193758224266],[-98.5062893226639,34.1217010364281],[-98.5089590599928,34.1217350912305],[-98.5161473681165,34.1176133744123],[-98.5191137417286,34.1176509225516],[-98.5196585753383,34.12063190216],[-98.5237833507638,34.1224187649065],[-98.5401109595864,34.1218788205953],[-98.542507917191,34.1204222063124],[-98.5456049570493,34.1122819591688],[-98.5494726553018,34.1115865362204],[-98.5616453960351,34.1109928892984],[-98.5645958604836,34.1120195134791],[-98.5665554912584,34.1194787860919],[-98.5706734628439,34.1217584803342],[-98.586323159834,34.1266559905535],[-98.5924769141776,34.1316868438196],[-98.5948503916173,34.1317151110319],[-98.5999394150755,34.1288016207491],[-98.6026019604922,34.1293289785264],[-98.6069543447561,34.1358228361679],[-98.612511076067,34.1412169829371],[-98.6364574162902,34.1474426006698],[-98.6382452002495,34.1469673295143],[-98.6421650528906,34.1427993366706],[-98.6445425673593,34.1425791933452],[-98.6608013409765,34.1469761794969],[-98.6634829064227,34.146262018453],[-98.6638442070334,34.1418058593189],[-98.6639087833259,34.1373452381809],[-98.6663146998288,34.1351425759707],[-98.6731317063979,34.1357133945659],[-98.6787265604128,34.1387505406621],[-98.6795706767425,34.1419810904379],[-98.6771260096132,34.1469100521722],[-98.6770657191829,34.1511222356655],[-98.6794043383963,34.1536272197343],[-98.6921515697202,34.154758025792],[-98.7009783842609,34.1603060206349],[-98.714583033269,34.1639223981225],[-98.7254868488664,34.1697389004321],[-98.7348490790794,34.1798738524168],[-98.7527628189446,34.1946820054484],[-98.7589553571523,34.1989291412593],[-98.7640831348302,34.199669506789],[-98.766247872544,34.1992421580428],[-98.7685090758445,34.1973350576125],[-98.7686175689747,34.1949554095891],[-98.7682761265217,34.1916055297498],[-98.7689165929799,34.1898106777992],[-98.7718730509879,34.1877818144712],[-98.7739611480349,34.1872879857897],[-98.7770429102452,34.1874479241142],[-98.779794537097,34.1892771110263],[-98.782447515456,34.1927789658879],[-98.7865551707888,34.2030502115768],[-98.7903729694238,34.2059840900581],[-98.7941354084811,34.2072435525986],[-98.7980637376253,34.2076043367456],[-98.8059743262717,34.2040795723065],[-98.811040499284,34.1998183512203],[-98.8110713869568,34.1973734938715],[-98.8092343591502,34.1951317534187],[-98.8180890457192,34.1895191513013],[-98.8217130040856,34.1899879121788],[-98.8283514570172,34.1904957065248],[-98.8421993814823,34.1929440809713],[-98.8440574918503,34.1923179340928],[-98.8465761568029,34.1880951594652],[-98.8490866785274,34.1845159948339],[-98.8546270739748,34.1837276258088],[-98.8658338104691,34.1865128772469],[-98.8678632421382,34.1904235246237],[-98.8735394403987,34.1922092938913],[-98.8807797735538,34.1944369625532],[-98.8880200204706,34.1962338388297],[-98.8937573697475,34.1932586744101],[-98.8999676919029,34.1941780985813],[-98.9056744346796,34.1942275531857],[-98.9103894679254,34.1895076166021],[-98.9171261489384,34.1900003533544],[-98.9186749289299,34.1904464102335],[-98.920238985671,34.189594928953],[-98.9301113592525,34.1875163782545],[-98.9367312197526,34.1907455892807],[-98.9324863539467,34.199742070841],[-98.932146536546,34.2025693767167],[-98.9339714236216,34.2049013533399],[-98.9379780014169,34.2051930799986],[-98.9453969771427,34.203712167536],[-98.9538845114753,34.1954205522091],[-98.9611554394523,34.1942693025443],[-98.9658170229388,34.194307870974],[-98.9751324796716,34.1965504268643],[-98.9797863852573,34.1974511502037],[-98.9963498018419,34.2010490935176],[-98.9988904323998,34.205834095317],[-98.9993558190058,34.2114608894626],[-98.9993023333138,34.2166544034561],[-99.0003171142762,34.2183937429794],[-99.0033230613715,34.2292332917385],[-99.0027814473237,34.2309614285083],[-99.0006223088091,34.2395996309837],[-99.0010952843826,34.243929855089],[-99.0026441586972,34.2448071796153],[-99.0052151765662,34.2469934485372],[-99.0041470347776,34.2500116972867],[-99.0020336815964,34.2538923161224],[-98.9988217391284,34.2633848616724],[-99.000347597707,34.2659943364453],[-99.007595586305,34.2682151448166],[-99.0122494981789,34.2699816230269],[-99.0132718564307,34.2712894116717],[-99.0148205654553,34.2721676431192],[-99.0161182276972,34.2743730596989],[-99.0168248344149,34.2810888347155],[-99.0164989498843,34.284207691268],[-99.0195357172787,34.2961203683887],[-99.0184996273795,34.2987085771698],[-99.0134996745766,34.3020361827524],[-99.0112785163748,34.3052452513125],[-99.0157668965896,34.3109626550004],[-99.0181470125793,34.3201484726848],[-99.0191235881927,34.3221220191494],[-99.0224347109563,34.3244150954157],[-99.0263104096046,34.3267112203868],[-99.0313001081385,34.3285617394531],[-99.0373883788911,34.3317821972596],[-99.0401425677382,34.3345289077992],[-99.0422330264561,34.3367917397459],[-99.043987747023,34.3395545868878],[-99.0439649181367,34.3418241865038],[-99.0439495776066,34.3431904661734],[-99.0450406012821,34.3454683782085],[-99.0472455260285,34.3482074122361],[-99.0544247485914,34.3537091603052],[-99.0594067611397,34.356922256278],[-99.0638242049898,34.3601309902917],[-99.0665249467723,34.3620533391652],[-99.0678219235998,34.3623507298012],[-99.0711407853496,34.3655444308163],[-99.0725674807006,34.3676617669422],[-99.0726284799017,34.3710961680756],[-99.0714840370095,34.3747239967828],[-99.070896607984,34.377898479633],[-99.0721936638632,34.380870846348],[-99.0736355883532,34.382462080517],[-99.0775112214246,34.3847584507982],[-99.0825085610282,34.3866086012873],[-99.0875058943437,34.3880012097546],[-99.0913662830046,34.3892038107146],[-99.0931820422985,34.3894479971098],[-99.0964093019405,34.3898826656635],[-99.0990948720762,34.3906568123167],[-99.1008419964891,34.3921751786356],[-99.1024899738442,34.3944574268439],[-99.1039852986863,34.3953846289694],[-99.1047100657458,34.3958311037008],[-99.1080364940052,34.3972156986658],[-99.1141552895112,34.3977045421195],[-99.1182065252543,34.3981734711055],[-99.1194654108187,34.3977381896162],[-99.1251263502957,34.4000119104331],[-99.1269955728238,34.4006759099334],[-99.1306652859809,34.4029958972716],[-99.1457104482257,34.4151822432207],[-99.1558118383056,34.4239653747978],[-99.1590237915535,34.4279525169564],[-99.1619534016125,34.433313065255],[-99.1625408512993,34.4336984359704],[-99.1751370443829,34.4420039770418],[-99.1765179597905,34.4429124928437],[-99.1770444309375,34.4432589724651],[-99.1823468087673,34.4423780521497],[-99.1884656024766,34.4385626393567],[-99.1929670235344,34.4331337668875],[-99.195240472669,34.4276924758441],[-99.1964153891105,34.4195199029679],[-99.1959043267656,34.4140640942206],[-99.1948132330215,34.4108789604391],[-99.192875382799,34.4057126961394],[-99.1920056599921,34.4043117802989],[-99.1907467861057,34.4018967697262],[-99.1899228630053,34.3958608492763],[-99.1903805923718,34.3923394427199],[-99.190853632624,34.3915191338973],[-99.1931881474349,34.3874828005319],[-99.1959957132778,34.3826260196667],[-99.1990628284574,34.3773258046645],[-99.2005200701214,34.3745024168923],[-99.2021374894854,34.3708319559181],[-99.2039303965368,34.3667887125419],[-99.2048916415015,34.3658684086662],[-99.2083706045945,34.3625373951089],[-99.2137036383316,34.3604241030021],[-99.2202649403534,34.3605693163764],[-99.2314038567387,34.3597180636123],[-99.2395519922856,34.3598901199796],[-99.2545971859715,34.3630147009885],[-99.2629819117132,34.3660713060037],[-99.2748990494088,34.3704126215097],[-99.2778134653632,34.3719770274267],[-99.282528384523,34.3736059566467],[-99.2825208153184,34.3744991219424],[-99.2875104294106,34.3767920227795],[-99.2963834236451,34.38319410421],[-99.3060955764074,34.3883416298547],[-99.3123516937777,34.393396948933],[-99.3196377556723,34.3963305557814],[-99.3444943632644,34.4008024500221],[-99.3548245470607,34.3993943133002],[-99.3561063064272,34.3992193405891],[-99.3651547569081,34.4014392716278],[-99.366428832984,34.4017518607381],[-99.3734708082428,34.4024843487269],[-99.3809094606666,34.4016371842119],[-99.3817868245433,34.4014161054399],[-99.3859372154292,34.4003674164297],[-99.3864025975436,34.3998024310701],[-99.3889661028019,34.3945216422734],[-99.3895535965061,34.3933169843341],[-99.3904690857818,34.3886730208687],[-99.3920483249496,34.3781847796906],[-99.3922696554626,34.3767120853222],[-99.3942227240443,34.3733234126842],[-99.3964275535692,34.3691000827834],[-99.4043393064323,34.3609775915204],[-99.4095425443906,34.3590964294826],[-99.4139981855049,34.3571386581538],[-99.4184918612883,34.3569220894195],[-99.4210019661946,34.3570129746121],[-99.4245648067823,34.3571392610678],[-99.4287534120002,34.3575365388577],[-99.431225287303,34.3579284605245],[-99.4344296569732,34.3588751879449],[-99.4351620462378,34.3591228221041],[-99.4427457047147,34.3603177747446],[-99.4462857146194,34.3603788988262],[-99.4607586823677,34.3606221125483],[-99.4713330381396,34.3619921043311],[-99.4722561900447,34.3621035100653],[-99.4891171556009,34.3636828780841],[-99.4934506599725,34.3641208437448],[-99.4946179443274,34.3643390252375],[-99.5017514138963,34.3656670709872],[-99.5034603832659,34.366093344493],[-99.5120663451974,34.3695468252232],[-99.5127301319204,34.3701764958001],[-99.5153470258527,34.3726490345801],[-99.5212750506334,34.3794973451023],[-99.5225567848471,34.3814961992819],[-99.5253414966508,34.386642783296],[-99.527439557811,34.3905273080118],[-99.5277981706623,34.3911459438947],[-99.5341229956771,34.3948960447473],[-99.541080953304,34.3974640400272],[-99.5434918276091,34.3983521706675],[-99.5504345686735,34.4009318902499],[-99.5540356487462,34.4024200890065],[-99.5591931561684,34.4051663894311],[-99.5690960976222,34.4140876600577],[-99.6077771405314,34.4443352473552],[-99.6082501574274,34.4449119760196],[-99.6145367752965,34.4547021839843],[-99.6197476642061,34.4628211273203],[-99.6264004847924,34.4700469025763],[-99.6347394081326,34.4786931757865],[-99.645313759413,34.4887040005777],[-99.6524243192472,34.4943931638565],[-99.659176339892,34.5002528515976],[-99.6642422532911,34.5064495481946],[-99.6664624152613,34.5109971539316],[-99.6686825826214,34.5155412606067],[-99.6709103299659,34.5187270420016],[-99.673695074109,34.5219056362868],[-99.6787075646982,34.5246375384856],[-99.6848416351573,34.5273694147275],[-99.6943173558284,34.5341951696823],[-99.699215439678,34.5381170698461],[-99.7060437165106,34.5409940402499],[-99.7082791776883,34.541935572295],[-99.7190823307699,34.5509595339587],[-99.7279172094869,34.5583381435129],[-99.7431454618614,34.5641947635434],[-99.7467618402434,34.5649613817671],[-99.7545437874463,34.5657592728651],[-99.7553601458338,34.5658432725976],[-99.7614407970762,34.563451471065],[-99.7627224998488,34.5625578539432],[-99.7694058110525,34.5578886091145],[-99.7725872646998,34.5557931503014],[-99.7764248675935,34.5534775883934],[-99.7781109712459,34.5525545243115],[-99.7859692482984,34.5486172013758],[-99.7873959472427,34.5479028344396],[-99.795864553174,34.5456065291162],[-99.808094482455,34.5437904594914],[-99.8078579901767,34.7323146923785],[-99.8077207024484,34.8422355091809],[-99.8074993890035,35.0151028133547],[-99.8080258170313,35.1673811069841],[-99.808102098372,35.1890185965484],[-99.8079418883326,35.2545553242006],[-99.8078885463711,35.2786185961655],[-99.8075986106216,35.4079979433223],[-99.8080105986721,35.4414434620188],[-99.8076977379165,35.6054432884965],[-99.8076596466535,35.6257376802132],[-99.8081783895941,35.7865254735421],[-99.8081860710881,35.8640008522456],[-99.8081860261724,35.9335471275552],[-99.8086209338391,36.0397183485609],[-99.809177900095,36.1749201826621],[-99.8096890540681,36.2992177705409],[-99.809773006123,36.3206453702941],[-99.8104379714356,36.4840887768211],[-99.8070614171833,36.9859964403091],[-99.8070524888277,37.7317561912087],[-99.81219149365,37.7313026653746],[-99.8180126943704,37.7312300555134],[-99.8278851155625,37.7301998865556],[-99.8354458400502,37.7296505901119],[-99.8599362539083,37.7316075556782],[-99.8850445820194,37.7353694030299],[-99.903751840606,37.7392040542119],[-99.9131054901114,37.7408978768104],[-99.9200787334713,37.7403526144229],[-99.927044357321,37.7393529217086],[-99.9311261789028,37.7397498067019],[-99.9358029340361,37.7405965283516],[-99.9381527902754,37.741470690454],[-99.9445920112501,37.7427451372424],[-99.9492840530145,37.7444963660501],[-99.9603924545279,37.7466173552713],[-99.9686474338981,37.751039320838],[-99.9716152879337,37.7537177420169],[-99.9751629937056,37.7559383063919],[-99.9874463439999,37.7584911299049],[-99.9968228152051,37.7610816044149],[-100.003826591403,37.7618905741562],[-100.009685990286,37.763168842196],[-100.015568280039,37.7658088269721],[-100.023792757114,37.7688650092135],[-100.03201725485,37.7719250444295],[-100.043117999124,37.773581067725],[-100.051281431183,37.7739167672925],[-100.06175665427,37.7733139915767],[-100.072773466252,37.7713411122998],[-100.093800054528,37.7737565828021],[-100.130100722733,37.7813799254436],[-100.141811850683,37.7839243373845],[-100.158688075022,37.7832186956237],[-100.193211086874,37.7890372030943],[-100.20309113656,37.7879764439122],[-100.224667059005,37.7889988854946],[-100.238155823545,37.7924178787109],[-100.246975430902,37.7954507703078],[-100.251675142482,37.7967367817252],[-100.254047852761,37.798510696639],[-100.25696229836,37.7984650479312],[-100.258137191445,37.7988999403423],[-100.261097441242,37.8006667230367],[-100.264629831636,37.8019678459227],[-100.266994937676,37.8032914309077],[-100.2693753555,37.8050694611648],[-100.275303405433,37.8090528057103],[-100.278233013696,37.8094610689336],[-100.280598173634,37.8107815168649],[-100.288258061349,37.8138297222421],[-100.300549019476,37.8158976065142],[-100.302334318695,37.8172293177462],[-100.30414247375,37.8194689020262],[-100.305332683111,37.8203544145562],[-100.308308168335,37.822574818853],[-100.311848145002,37.8243300771711],[-100.326626358487,37.8317966685458],[-100.34304478429,37.8351505433778],[-100.349461072174,37.8354974012277],[-100.354717762587,37.8358600096685],[-100.359974430541,37.8362262977154],[-100.365841442646,37.8374892137952],[-100.371677869811,37.8378440050089],[-100.376987912965,37.8400190021027],[-100.380527999226,37.8413200862585],[-100.386387324448,37.8425825015473],[-100.388126848215,37.8420981060497],[-100.39334533777,37.8411025634764],[-100.395107769475,37.8415259733814],[-100.404491931158,37.8436322725471],[-100.410335997595,37.8439870249903],[-100.419666729281,37.8438228687647],[-100.430737048515,37.8436318036411],[-100.436619278081,37.845345255725],[-100.44425632074,37.8474781869624],[-100.448376182381,37.8487673644937],[-100.456005586665,37.8504466029263],[-100.462444828301,37.8512398547473],[-100.474216941079,37.8551123469589],[-100.482403303535,37.8558759209151],[-100.49358793249,37.8593016651532],[-100.506016259193,37.8654296494412],[-100.51193665009,37.8684933600908],[-100.517918110257,37.8733769011311],[-100.524395487174,37.8755252848348],[-100.528530587835,37.8772646642984],[-100.535641180907,37.8807638881598],[-100.542759377319,37.8847126312422],[-100.57349824502,37.8977538357008],[-100.576496536673,37.900416605241],[-100.582462809023,37.9048391307384],[-100.586048623126,37.9074944321556],[-100.604450764435,37.9175786666568],[-100.617573299308,37.9264036647988],[-100.621693092677,37.9276854602751],[-100.625820671744,37.9289676769691],[-100.632893072942,37.93110026471],[-100.637630997956,37.9332790056084],[-100.639370435485,37.9327904535776],[-100.644054864926,37.9331533357216],[-100.645214597144,37.9331339794734],[-100.651684318618,37.9343700441317],[-100.654644516312,37.9356749913295],[-100.658222651616,37.9378728673383],[-100.661182909497,37.9391737324975],[-100.669468369604,37.9426419131194],[-100.675327816995,37.9434354528399],[-100.688168000595,37.94318769044],[-100.693417075989,37.9430845868609],[-100.705120562869,37.9437635852187],[-100.716862143707,37.9458011653361],[-100.723339605065,37.9474878787094],[-100.728634407402,37.9487429202315],[-100.731579250194,37.9495897179351],[-100.734547132077,37.9508912894667],[-100.738094780357,37.9521803399283],[-100.742802201279,37.9534471750485],[-100.75632902564,37.9563545154624],[-100.765697941116,37.9570719813046],[-100.777401446861,37.957743496935],[-100.85873840803,37.9792012193177],[-100.86859557493,37.9771829848787],[-100.876141078363,37.975664372282],[-100.887035822773,37.9699912412775],[-100.908474509592,37.965003928686],[-100.913586124781,37.9608149569262],[-100.920567046042,37.960212136507],[-100.926937553084,37.9587162974932],[-100.931545777541,37.95680118214],[-100.951107513626,37.9486702230481],[-100.970776105212,37.9432561601818],[-100.991215242005,37.9432604100502],[-100.994145007472,37.9436493771672],[-101.006397601248,37.9433785171873],[-101.014454361961,37.9400247056287],[-101.021404662348,37.9385097220352],[-101.032887035209,37.9332674339663],[-101.02970558785,37.9260830071229],[-101.032482672059,37.9223899637754],[-101.037464599267,37.9150221671913],[-101.040295135032,37.9126948365658],[-101.043179081928,37.9117221043034],[-101.048931632497,37.9093258256655],[-101.054157846665,37.9087533360338],[-101.058262470184,37.9091159654115],[-101.061191976936,37.9095014028604],[-101.064121749591,37.9098906974395],[-101.069302068831,37.9079598245211],[-101.072140155834,37.9056287456536],[-101.076702548245,37.9028013771452],[-101.081844697171,37.8999668448568],[-101.085895893388,37.8989669985761],[-101.088703660454,37.8961817639305],[-101.103558022329,37.8876774760353],[-101.111065403058,37.8856933527364],[-101.117390153513,37.8832778030066],[-101.125431594357,37.8799206052034],[-101.135769363527,37.8755976061944],[-101.142674019617,37.8731709802768],[-101.150204235521,37.8716333162675],[-101.156559570916,37.8701264263669],[-101.162899460678,37.8681653641829],[-101.166348102935,37.8667228290481],[-101.169224215624,37.865750084236],[-101.174366441805,37.8629075050781],[-101.182522292982,37.8627169893984],[-101.188313034526,37.8616712709386],[-101.193524015962,37.8606373526253],[-101.203487891939,37.8617627043346],[-101.211132508294,37.8633956935415],[-101.219875808259,37.8631860292888],[-101.241070347358,37.8681231107203],[-101.248844580727,37.8729264898202],[-101.255962721444,37.8759295121989],[-101.264767134696,37.877077909759],[-101.26652947657,37.8774861972071],[-101.279407967029,37.8785352967673],[-101.287716435684,37.8819617311566],[-101.290684241211,37.8832472589651],[-101.294384422527,37.888150125149],[-101.295567157007,37.8885739383332],[-101.306828000827,37.8928319926387],[-101.334560855856,37.9003138925051],[-101.356831129303,37.916540620505],[-101.372158505379,37.9202418781833],[-101.379795501326,37.9214093407497],[-101.395130667592,37.9251066041893],[-101.401058585474,37.9272237682183],[-101.404575762899,37.9275902221592],[-101.407513154165,37.9279682219515],[-101.412182329314,37.9278494275304],[-101.415111984289,37.9282273338754],[-101.419758435654,37.9276551224346],[-101.424465589777,37.9284449742898],[-101.428570257313,37.9287921164784],[-101.433819288689,37.9286584009017],[-101.436749000258,37.9290362223122],[-101.453136932749,37.9299784454012],[-101.460102610497,37.9288910999449],[-101.467022453505,37.9268998914646],[-101.472233225634,37.9258539739778],[-101.476940563911,37.9266403327028],[-101.479908564372,37.9279261735724],[-101.481716547849,37.9292387806619],[-101.489574907546,37.9353852656378],[-101.494999361931,37.9393264279199],[-101.499767808106,37.9414706624016],[-101.50330785574,37.9422836465417],[-101.51034212525,37.9430086203335],[-101.528484754053,37.9438899149261],[-101.534321369864,37.9437332355943],[-101.542545748124,37.944877643167],[-101.545521153398,37.9461598560985],[-101.54733714266,37.9474723281592],[-101.551434111635,37.9478159497804],[-101.556690641249,37.9476782451721],[-101.559628102583,37.9480526259623],[-101.564953409911,37.9497272730372],[-101.568554325592,37.9518980078552],[-101.573299965338,37.953584776761],[-101.577488392689,37.9557442211869],[-101.579258371141,37.9561488961738],[-101.582775569228,37.9565071638502],[-101.586277434869,37.956412183361],[-101.591587599296,37.9576328733175],[-101.59518858774,37.9598038179021],[-101.596401643954,37.9606772816422],[-101.601170140434,37.9628180784992],[-101.608959720621,37.9671447105966],[-101.615437015791,37.9683313495536],[-101.618374444786,37.9687051775097],[-101.628315493673,37.9688884914375],[-101.634228192297,37.9705405361208],[-101.636021217926,37.9713990135772],[-101.63793608565,37.9749778744783],[-101.640919149062,37.9762560816212],[-101.644421093755,37.9761603399629],[-101.650249945426,37.9760041033459],[-101.65436209503,37.9763434872795],[-101.657902226208,37.9771523842317],[-101.662067960319,37.9788543025244],[-101.666172429327,37.9791973057438],[-101.669674433309,37.979098456602],[-101.674854823516,37.9771412160368],[-101.678478769306,37.9797657963625],[-101.684482948765,37.9832267750037],[-101.688023037721,37.9840352257875],[-101.692753203987,37.9852679545674],[-101.700947264106,37.9854931611701],[-101.70682959608,37.9862370238381],[-101.713413685665,37.9896825535384],[-101.717648092386,37.9927420446203],[-101.723087873827,37.9966724096956],[-101.729618537908,37.9987591844211],[-101.734913301617,37.9995183572515],[-101.742496876551,37.999304749989],[-101.748356315858,37.9995949264901],[-101.754154632894,37.9985226844141],[-101.758762832198,37.9970310190506],[-101.762821585044,37.9964624965461],[-101.766972073846,37.9977059939899],[-101.773525688086,38.0002436395667],[-101.778301781618,38.0023763950315],[-101.78725095209,38.006206927936],[-101.794987302606,38.0091599450954],[-101.806774572658,38.011094522825],[-101.821926542793,38.0102055131083],[-101.837582028527,38.0074851020986],[-101.849300848751,38.0086714964674],[-101.850346142788,38.0087746693353],[-101.851582130296,38.0090915658242],[-101.858425638963,38.010849998895],[-101.863094766501,38.0110031752034],[-101.867176627608,38.0111326400377],[-101.871845633874,38.0112854335579],[-101.875400970834,38.0104914641956],[-101.883640705794,38.0093929426179],[-101.888836349395,38.0109226833472],[-101.892872287727,38.0119568085278],[-101.894596497914,38.012468051385],[-101.899143779763,38.014879329775],[-101.911846738517,38.0180081916829],[-101.918865743854,38.0202437003503],[-101.921772436093,38.0211708531701],[-101.924496207985,38.0220407141133],[-101.929050889258,38.0244522380245],[-101.931972922027,38.0245439326141],[-101.937298233846,38.0233533829078],[-101.940845894702,38.0225562132936],[-101.947948934739,38.0209647410423],[-101.95439574558,38.0207167363981],[-101.961956450304,38.0214072327095],[-101.965435461906,38.0219683216312],[-101.970081710253,38.0225673582982],[-101.977070304024,38.02324261121],[-101.982906914445,38.0234256466435],[-101.988743343406,38.0236049367139],[-102.00219406609,38.0235708447575],[-102.012096804525,38.0243341813456],[-102.018498000712,38.0249823280717],[-102.02358670976,38.0283172101308],[-102.038189435557,38.040110461438],[-102.047207418777,38.0467379384258],[-102.052868389695,38.0505420383923],[-102.066982847898,38.0604962747798],[-102.070957718757,38.062888815328],[-102.095982017559,38.0772576219762],[-102.129803177476,38.079638582718],[-102.133259263173,38.0806493042332],[-102.137936119816,38.0807907536718],[-102.143826043452,38.0800579672259],[-102.145534918499,38.0810155550519],[-102.151913144764,38.0821147992412],[-102.158970324009,38.0814166242553],[-102.164860264713,38.0806877614297],[-102.169514218808,38.0812789950575],[-102.172932068614,38.083194606295],[-102.179272178463,38.0851937580265],[-102.185070632044,38.0862775441288],[-102.191471565025,38.0869181378615],[-102.201992520444,38.0872273572066],[-102.214291142099,38.0871356117287],[-102.234920941819,38.0841101644435],[-102.249164980205,38.079989572818],[-102.25446748829,38.0792343104238],[-102.257908399646,38.080695399551],[-102.26009038142,38.0839347954534],[-102.261730690756,38.0862504076026],[-102.264637402758,38.086784581692],[-102.265171551806,38.0877078793367],[-102.271580206705,38.0883491131234],[-102.279156237587,38.0890206378898],[-102.283291356214,38.0882309473619],[-102.288052073284,38.0865520474129],[-102.291668410344,38.084388822812],[-102.328472630079,38.0858921125967],[-102.339016382046,38.0857392194648],[-102.340748278218,38.086239157749],[-102.341915687439,38.0862737267739],[-102.346607784001,38.0859531941053],[-102.352497681586,38.085212701548],[-102.356022346469,38.0848579403029],[-102.358906334688,38.0858463394357],[-102.365292074462,38.086933703396],[-102.368778803491,38.0874830822707],[-102.373432720754,38.0880665316859],[-102.375812943644,38.0872273147843],[-102.382908324644,38.085613617631],[-102.387043585206,38.0848198006497],[-102.38937812517,38.084884439576],[-102.392887667813,38.0849840482766],[-102.396954061728,38.0855486986483],[-102.399860743188,38.086082600701],[-102.410358906553,38.0868307516237],[-102.415073867035,38.0860519783428],[-102.41862159796,38.0852433058743],[-102.422733794276,38.0849038491315],[-102.429684110833,38.0864567559551],[-102.434361025867,38.0865862655952],[-102.437908713672,38.0857735596408],[-102.441433490845,38.0854187268762],[-102.444378309382,38.0850449969095],[-102.446781672872,38.0837512204618],[-102.45262565936,38.083911613415],[-102.45671502679,38.0840221420214],[-102.460201780972,38.0845719012572],[-102.461956393741,38.0846213851836],[-102.463772242866,38.0833086777351],[-102.467396286573,38.0806839975227],[-102.489628305264,38.0808365540392],[-102.50427673375,38.0803252099624],[-102.511776467121,38.0827939442243],[-102.520542694788,38.0830301559587],[-102.528744139957,38.0827973848861],[-102.536625401304,38.0766548096283],[-102.539043881645,38.0749072390395],[-102.540913156275,38.0722328463227],[-102.546253651419,38.0705616375793],[-102.552799622792,38.0680164637179],[-102.555744710823,38.0676390421878],[-102.55747656208,38.0681387972855],[-102.562054249207,38.0705273185474],[-102.562595934222,38.0714507026691],[-102.567226953429,38.0724808886741],[-102.570698322164,38.0734803986024],[-102.573597411063,38.0740068270373],[-102.584660095515,38.0752086229826],[-102.588131524438,38.0762046935563],[-102.591030555845,38.0767351917779],[-102.593365302421,38.0767959202948],[-102.595119988852,38.0768414770797],[-102.599819628567,38.0765134617967],[-102.601002160926,38.0760901124952],[-102.605213593234,38.0734805534731],[-102.60764743746,38.071275154808],[-102.61063044877,38.0699931600614],[-102.614780977098,38.0687375730063],[-102.622395086666,38.0684820794159],[-102.629971071734,38.069134752681],[-102.633495914484,38.0687722811404],[-102.635326846323,38.067005513158],[-102.637745412901,38.0652505673647],[-102.638973717119,38.0639228682874],[-102.643253811257,38.0594968441987],[-102.647930602323,38.0596191156226],[-102.649647164253,38.0605691073156],[-102.652508291246,38.0620037760105],[-102.654201936255,38.0634112079207],[-102.657650353934,38.0648575542626],[-102.658764342141,38.0662461384423],[-102.661060754011,38.0672152228385],[-102.662212776888,38.0676962803068],[-102.665775731561,38.0664297319161],[-102.666386110746,38.0659906467594],[-102.675640587142,38.0684933482675],[-102.679539269187,38.0731292025892],[-102.684208398522,38.0732479089948],[-102.686100518208,38.0701228827345],[-102.689739700324,38.0670397765561],[-102.693737601292,38.0694091802922],[-102.697277616586,38.0685929191818],[-102.699108683173,38.0668221842211],[-102.700901573156,38.0659640338457],[-102.703899871097,38.0642242769785],[-102.706821964952,38.0642968610913],[-102.712040364675,38.0653384716384],[-102.713993455715,38.0744572925385],[-102.719898679457,38.0732479210168],[-102.723461562266,38.0719771492482],[-102.722950491836,38.0701494142212],[-102.726063213584,38.0656890869215],[-102.729687251901,38.0630602139397],[-102.732304135951,38.0563224235108],[-102.741863767355,38.0515724558477],[-102.741161805826,38.0402178265187],[-102.765415774118,38.0335633887063],[-102.774158871064,38.0342350145449],[-102.781696844819,38.0357804152853],[-102.787556227532,38.035471100154],[-102.792851002919,38.0346967138043],[-102.795185495272,38.034754085235],[-102.797519969659,38.0348108919992],[-102.802738636183,38.0358451888163],[-102.805607507552,38.037276109013],[-102.809582422429,38.0400953960431],[-102.813694431895,38.0397407322347],[-102.818386706324,38.0394048091351],[-102.821323938588,38.0390235433267],[-102.823185420333,38.0363447591526],[-102.8239178617,38.0327357392799],[-102.824100808099,38.0282026248447],[-102.826053978191,38.0232616309234],[-102.82725961971,38.0223842796761],[-102.830235142663,38.0210944840912],[-102.835506923874,38.0207704975711],[-102.837642956821,38.0258141212499],[-102.838612177927,38.0308242474309],[-102.837750100682,38.0376076389868],[-102.837971140141,38.0466847424459],[-102.8396648651,38.0480848182438],[-102.841350851073,38.0499391395982],[-102.84598202479,38.0509577280778],[-102.85580862292,38.0539185245029],[-102.886326315516,38.0659869641364],[-102.901523998221,38.0663493808753],[-102.925991402632,38.0537738470393],[-102.932506857336,38.0516598983618],[-102.943699461535,38.0496530821276],[-102.9698834683,38.0529836860658],[-102.975796217229,38.0513088487237],[-102.978741028579,38.0509235759907],[-102.985775359175,38.0506298895958],[-102.992665013399,38.0539644265801],[-102.997288200196,38.0554298005336],[-103.000706239546,38.0577759485528],[-103.004696181441,38.0605881944315],[-103.008144731171,38.0620265858897],[-103.010998301537,38.0639077505042],[-103.012737812728,38.0643999188511],[-103.022137300567,38.0632550603121],[-103.028667813731,38.0606794236467],[-103.032772428266,38.060320967284],[-103.035694555359,38.0603861349974],[-103.043293306431,38.0605577353927],[-103.04746661334,38.0583827006331],[-103.048725704618,38.0561470699419],[-103.050014841848,38.0529993868568],[-103.050610218269,38.0525607190994],[-103.051228098386,38.0516677510218],[-103.053600648764,38.0508127618054],[-103.058277668002,38.0509158024785],[-103.060612223238,38.0509695952506],[-103.06513629801,38.0551550142055],[-103.066822352255,38.0570053404055],[-103.06857717523,38.057043588639],[-103.069744681469,38.0570700732337],[-103.070911891264,38.0570971533912],[-103.072079075906,38.057123664845],[-103.074985832824,38.0576423844303],[-103.076702465721,38.0585849530379],[-103.080212012856,38.0586650820207],[-103.081379632283,38.0586919918323],[-103.083713910837,38.0587413892944],[-103.085506862804,38.0578754979793],[-103.087253866843,38.0579136792697],[-103.091862259284,38.0598329297417],[-103.094769071,38.0603477230028],[-103.095386863082,38.0594550493914],[-103.096622816454,38.0576692493492],[-103.097820764801,38.0567878108897],[-103.099026078435,38.0559067282173],[-103.102551017304,38.0555325779407],[-103.107189652429,38.0565401715621],[-103.108410538358,38.055208264155],[-103.111363034796,38.0543653894646],[-103.114353603632,38.0526174802183],[-103.115520980513,38.0526405901202],[-103.118526946473,38.0504429168684],[-103.120281617633,38.0504808650591],[-103.122013728502,38.0509692090157],[-103.129078396103,38.0497634863608],[-103.1285365449,38.0483936973857],[-103.12922329885,38.0456848112776],[-103.130428607095,38.0448072956217],[-103.131626603053,38.0439260100174],[-103.143291892668,38.0446318423064],[-103.148556134319,38.0447466664775],[-103.154415774849,38.0444220014059],[-103.160923330667,38.0422929801964],[-103.168560687737,38.0410990555837],[-103.173840083967,38.0407591081533],[-103.180347900297,38.0386305294689],[-103.191036600824,38.0338724699103],[-103.201717836352,38.0295648869739],[-103.2105983953,38.0265776212805],[-103.216534097083,38.0239828287397],[-103.229527038298,38.0201753292954],[-103.2503170256,38.0106325573354],[-103.259243342931,38.0058328882571],[-103.269894059096,38.0019716973809],[-103.281208502694,37.9958559981188],[-103.290752772906,37.9901591171171],[-103.299618384786,37.9871640941507],[-103.306164225903,37.9836692692952],[-103.313198490024,37.9829061578281],[-103.32027850624,37.9807846142093],[-103.326748216934,37.9795564806033],[-103.344296019085,37.9790027335212],[-103.359409838668,37.9811203316304],[-103.377933837344,37.9864772288393],[-103.381885990708,37.9906361406141],[-103.392246739681,37.9953749726755],[-103.401562055379,37.9964660757706],[-103.406651036616,38.001555854254],[-103.430157140366,38.0156155106642],[-103.440144218928,38.0139982403527],[-103.441273312307,38.0153790409622],[-103.442890728976,38.0194920433929],[-103.444614713685,38.0204307190483],[-103.450970252998,38.0228232761221],[-103.45619626774,38.023826311133],[-103.461369243253,38.0266501535641],[-103.468273663984,38.0299542162187],[-103.470013026055,38.0304423107383],[-103.471767959523,38.0304766365392],[-103.476971281024,38.0323885068102],[-103.480968904413,38.0351852458242],[-103.48208292496,38.0370203322377],[-103.484264840258,38.0420491886086],[-103.485897413303,38.045707953788],[-103.491032235569,38.0498859042077],[-103.493893049949,38.0517551806892],[-103.495594451012,38.0536018579556],[-103.499539029782,38.0582109699417],[-103.503521361149,38.0619119196708],[-103.50755754562,38.0638005743497],[-103.512203837085,38.0647963943089],[-103.516308216262,38.0644185643448],[-103.521000235568,38.0640525387782],[-103.527996705768,38.0646360096464],[-103.530849842247,38.0669560243835],[-103.533657568889,38.0706380243825],[-103.536495639722,38.0734115355517],[-103.540508692574,38.0762043753407],[-103.54400294679,38.0767233507048],[-103.548061770602,38.0777040170065],[-103.550976372507,38.0782117355899],[-103.554508656002,38.0773719423968],[-103.559200812751,38.0770020061104],[-103.56153544075,38.0770475896381],[-103.566143598731,38.0793978797465],[-103.571949542465,38.0808633248824],[-103.574329860576,38.0795471296548],[-103.576694786952,38.0786845046913],[-103.577862170122,38.0787036790068],[-103.583080772865,38.0801613549212],[-103.585384925517,38.0815611650391],[-103.588276358974,38.0825189841948],[-103.591732485095,38.0843965234757],[-103.596935652087,38.086758008868],[-103.598675080633,38.0872428675262],[-103.60329854411,38.0891390604374],[-103.605023007622,38.0900773898179],[-103.60911237595,38.0901502042138],[-103.614338262233,38.0916071754133],[-103.617847786012,38.0916683497124],[-103.620197831796,38.0912561852306],[-103.627201705911,38.0918362448924],[-103.634800350083,38.0919699403013],[-103.640011346791,38.0938776516448],[-103.645153367257,38.0980481046245],[-103.650348962349,38.1004055748581],[-103.652645612273,38.1018059848859],[-103.659039056897,38.1032786074172],[-103.667225320538,38.1034235651557],[-103.674221599397,38.1044539107279],[-103.679470346007,38.104995558384],[-103.686451366083,38.1064799924675],[-103.702152661404,38.1099216001721],[-103.70565473276,38.1099824304692],[-103.710918746238,38.1100705495626],[-103.712673598858,38.1101043580887],[-103.715641537335,38.1087919245251],[-103.720905701731,38.108883482368],[-103.729145451962,38.1072085359265],[-103.733219629779,38.1077313951212],[-103.738476091121,38.1082732298219],[-103.747768842037,38.1106961821733],[-103.751827650578,38.1121268572669],[-103.75709972464,38.1117603552131],[-103.758869654583,38.1113369513334],[-103.7700315355,38.1097078660448],[-103.775280448299,38.1102492803725],[-103.779934503005,38.1112338324962],[-103.782810683966,38.1130881363785],[-103.786259166323,38.1154157608343],[-103.790302791539,38.1172964283968],[-103.793766494052,38.1191660663527],[-103.798420608945,38.1201469922347],[-103.807774003329,38.1202995964194],[-103.818913154175,38.1200285485582],[-103.825336807346,38.1205854595886],[-103.835812166977,38.1225698001554],[-103.847980904817,38.1272968708305],[-103.858997901852,38.1311006560938],[-103.862469054992,38.1325164581297],[-103.867107782643,38.134405159986],[-103.871128575379,38.1371866040375],[-103.875759622434,38.1390753171565],[-103.879848891948,38.1395902575838],[-103.887920885393,38.1442524161181],[-103.898968121517,38.1471446526572],[-103.910580175172,38.1509523060251],[-103.92396984296,38.1538790541358],[-103.933292980288,38.1553824150473],[-103.939747273197,38.155027315016],[-103.953152216836,38.1574960559736],[-103.957806245491,38.1584762520002],[-103.960712705067,38.1594263037851],[-103.966534136654,38.1608726296306],[-103.981007134047,38.1674352117964],[-103.99200089436,38.1725858509363],[-103.997173749499,38.1767447165429],[-104.002354043587,38.1804492748561],[-104.008106501628,38.1846122834355],[-104.013264211171,38.189224714445],[-104.017849369587,38.1933721460945],[-104.021915966521,38.1947878188596],[-104.025982209519,38.1962072961863],[-104.031231513085,38.1971916374183],[-104.035305443866,38.1981567299147],[-104.039982493647,38.1986793067254],[-104.046978412281,38.2001408454114],[-104.049885427016,38.2010873291555],[-104.055676104779,38.2038912868557],[-104.060299534121,38.2066764497371],[-104.062023569136,38.2080618997042],[-104.067257446832,38.209496007561],[-104.071346931941,38.2100076561819],[-104.073063217191,38.211846417941],[-104.074757120016,38.2145900870382],[-104.078198038559,38.2178099793775],[-104.082882420389,38.217878988568],[-104.088726455385,38.2184131628559],[-104.09457811618,38.2189473508663],[-104.099232233768,38.2203740356986],[-104.104481261552,38.2213548221106],[-104.108562910657,38.2223162801563],[-104.1132549641,38.2223807705168],[-104.117901320244,38.2242579145452],[-104.121426230367,38.2238539045968],[-104.126110631061,38.2239187401006],[-104.132557520055,38.2240065945435],[-104.146007916651,38.2250939519231],[-104.15235574752,38.2297141494472],[-104.155865053907,38.2297639350883],[-104.15823032344,38.2288860326534],[-104.162960358551,38.2271352289338],[-104.168858096632,38.2254025273497],[-104.172970320796,38.2250018645647],[-104.177051940257,38.2259635432817],[-104.181706057845,38.227386701139],[-104.185780009287,38.2287987274678],[-104.191006276456,38.2306831949441],[-104.196285644838,38.2307518002887],[-104.202152525789,38.2303741472566],[-104.20805018931,38.2286381772484],[-104.213322036996,38.2287068423868],[-104.217991224721,38.2296763204663],[-104.221478078616,38.2310799136294],[-104.22908453903,38.2316331808854],[-104.24014715521,38.2349453181935],[-104.24949299566,38.2364254033419],[-104.254749769616,38.2373984574491],[-104.260624354519,38.2365669615779],[-104.267101708977,38.2352885556045],[-104.272350716998,38.2362616686717],[-104.274052088417,38.2390009668379],[-104.276981732612,38.2390390654346],[-104.279911488198,38.2390736495759],[-104.28754106945,38.2387148488929],[-104.296970682293,38.2361129480324],[-104.311069898781,38.2344721547757],[-104.319851416672,38.2350293208138],[-104.323940897289,38.2355330155653],[-104.328022661379,38.2364906121882],[-104.333859078662,38.2379209338396],[-104.345592990583,38.2371540291607],[-104.352047267321,38.2367766965502],[-104.353794545346,38.2372495655606],[-104.356152137877,38.2368263898634],[-104.365009658631,38.2333009507119],[-104.367962417376,38.232430800009],[-104.372067057963,38.2320260980638],[-104.373241728266,38.2320379696935],[-104.37673601033,38.2329841536591],[-104.381397774377,38.2343994434471],[-104.391872792649,38.2381502601992],[-104.400036208539,38.2405077395815],[-104.407619867015,38.2424078536974],[-104.41638612792,38.2438692451278],[-104.428661679041,38.245819338819],[-104.435101035661,38.2463457456954],[-104.439213277791,38.2459375238431],[-104.448009952956,38.2455826549502],[-104.455029083159,38.246566705819],[-104.461475852677,38.2466396674242],[-104.468517876445,38.2458077107213],[-104.475567486485,38.2449795330901],[-104.486134011643,38.2441859383159],[-104.499615339929,38.2443308940296],[-104.508984197014,38.2448841811088],[-104.514812769309,38.2467576937894],[-104.522404228756,38.248196056283],[-104.523617239156,38.2459412234936],[-104.524227782732,38.244590360931],[-104.525989848823,38.2441555382171],[-104.527752567989,38.2441710356443],[-104.53010226882,38.2437438004382],[-104.534199286303,38.244239610626],[-104.540646229196,38.2443043538777],[-104.547657527886,38.2452849234375],[-104.550579551673,38.2457656324001],[-104.555866621312,38.2453690086504],[-104.559399300065,38.2440451858014],[-104.563488283017,38.2449912163502],[-104.568165110913,38.2459450769432],[-104.572269855705,38.2455365452403],[-104.577549380394,38.2455862621976],[-104.582249088381,38.2447276998218],[-104.584583693023,38.2452046528133],[-104.588047523097,38.248413796626],[-104.593281105247,38.2511837924585],[-104.596149987396,38.2548384629231],[-104.607777082443,38.260847900042],[-104.614704727319,38.267261885603],[-104.62164746479,38.2732214871043],[-104.62570640179,38.2759802496155],[-104.631542822666,38.2778493161318],[-104.635059850073,38.2778840214327],[-104.642650925041,38.279768923675],[-104.650288059328,38.2789366763686],[-104.656734998628,38.2789978839587],[-104.660236919965,38.2799367166125],[-104.663166533617,38.2804174621821],[-104.669010719531,38.2818292023725],[-104.677166469198,38.2850799850006],[-104.692264877285,38.2947368038543],[-104.707401767401,38.3030350981211],[-104.719585850264,38.3117569160917],[-104.732952655029,38.320486750061],[-104.743984487741,38.3287397355867],[-104.752064186934,38.3378736197277],[-104.754932661248,38.3424330185229],[-104.757252134668,38.3447184270099],[-104.763080945017,38.3474885924457],[-104.766003076602,38.3484196191162],[-104.770680037449,38.3498197426246],[-104.776523910749,38.3512275340836],[-104.789959497719,38.3558751088105],[-104.796940450421,38.3604649191127],[-104.803913603949,38.3659628949198],[-104.806812598525,38.3687064516557],[-104.80911681406,38.3718997798689],[-104.819034939737,38.3765124405492],[-104.836605472858,38.3798242863415],[-104.841884993953,38.3803205761048],[-104.855396626905,38.3799732344003],[-104.861263741418,38.3800189213958],[-104.865963620983,38.3800534242903],[-104.87186105723,38.3778328383623],[-104.876553001079,38.3783210996539],[-104.879482807869,38.3787982860577],[-104.884174877481,38.3792862070401],[-104.891789013999,38.380702170851],[-104.901157925881,38.3830367617727],[-104.905834501351,38.3844333554985],[-104.913448730395,38.3858489031019],[-104.922245494493,38.3872722754341],[-104.927486874919,38.3909347601918],[-104.93157628457,38.3927774879269],[-104.936855723919,38.3928158423557],[-104.942715305159,38.3942161850545],[-104.950306353178,38.3978978709925],[-104.953808421838,38.3997333657194],[-104.959095301933,38.3997712975747],[-104.964954893055,38.4011715562465],[-104.974934215563,38.4012402644643],[-104.979031134231,38.403079176596],[-104.986630133238,38.4063035715872],[-104.99712032136,38.4136252126888],[-105.001766595757,38.4186427694075],[-105.008183091152,38.4227670519744],[-105.016971934804,38.4246364678112],[-105.036358229015,38.4252087916163],[-105.046963140083,38.4230071995996],[-105.059917984646,38.4199128821494],[-105.072880257377,38.4163649550646],[-105.079922265874,38.4168606336774],[-105.084606753705,38.4182496399926],[-105.09220542303,38.4228244122987],[-105.104458360861,38.4315082960275],[-105.113209285726,38.4379066864929],[-105.126667503953,38.444327720752],[-105.145985190233,38.4530464368614],[-105.155353978148,38.4567203416731],[-105.16413550592,38.4608487983449],[-105.174107270003,38.4631649199681],[-105.176441624015,38.4645382196758],[-105.178188850836,38.4672661166885],[-105.177570901549,38.4704369335645],[-105.181080298665,38.4722681671422],[-105.185185050643,38.4736496358798],[-105.190479790098,38.4732220163421],[-105.194599440635,38.4732450807388],[-105.210476540749,38.4724131585083],[-105.218128824225,38.4715431693663],[-105.233456181437,38.4657247350531],[-105.249378580896,38.4589983708385],[-105.257053730988,38.4544997347185],[-105.266514254859,38.4468348950893],[-105.270061846545,38.4445837937356],[-105.278873868528,38.4441677705377],[-105.300632875713,38.4419931547241],[-105.31533468389,38.4411457874792],[-105.321804328108,38.439810238976],[-105.33303502357,38.4316950731161],[-105.338345054147,38.428089442556],[-105.343632316026,38.428108352487],[-105.346577181275,38.4263078987998],[-105.346615118926,38.4213209336232],[-105.350742690807,38.417707614482],[-105.362515086554,38.414124995338],[-105.371929578954,38.4123430965876],[-105.376637098691,38.4100961786609],[-105.381382648605,38.4024040189006],[-105.386097349474,38.3996989074136],[-105.395496757364,38.3988252086456],[-105.410183467556,38.3979667766323],[-105.415478147722,38.3970776372172],[-105.420803590695,38.3889354827925],[-105.427875920925,38.384425714708],[-105.434345725044,38.3826324444187],[-105.441982596125,38.3817471499947],[-105.459621964451,38.3768102478843],[-105.471401524263,38.3691373195279],[-105.485523819368,38.3614681285583],[-105.514309434333,38.3547415138608],[-105.530773501739,38.3484349442304],[-105.541348030885,38.3461878813894],[-105.551906930245,38.3493847920418],[-105.566540245474,38.359839390397],[-105.5823329318,38.3780046916932],[-105.593441358466,38.3952500082993],[-105.60106317558,38.399794383337],[-105.618061522289,38.4129690927456],[-105.629795444091,38.4179745926956],[-105.635662484942,38.4220614521443],[-105.641521880231,38.4279638568716],[-105.647373818606,38.4388487737563],[-105.650890600772,38.4433890976623],[-105.658520324857,38.4483837705742],[-105.666744703117,38.4515656119793],[-105.669087135679,38.4533818628592],[-105.673786664901,38.4565601164419],[-105.677898967219,38.457472319224],[-105.683186080875,38.4583841165482],[-105.693760524682,38.4633823052926],[-105.701984923604,38.4656523125139],[-105.711384187762,38.4688343003495],[-105.718441481094,38.4720124139525],[-105.720196249271,38.474282859134],[-105.721371343579,38.478361659695],[-105.721951103687,38.4819897699672],[-105.724300762297,38.484256266883],[-105.731358184087,38.4851684920361],[-105.737232772583,38.4887967209404],[-105.752522098719,38.4919790393984],[-105.767216139164,38.4965192515256],[-105.776623048884,38.5010557046178],[-105.780743071323,38.504230424307],[-105.78309315304,38.5083089970413],[-105.787212895205,38.5151079094689],[-105.7930873777,38.51919064331],[-105.800747194448,38.52598945157],[-105.806629716865,38.5300721015808],[-105.817219271233,38.5318845573835],[-105.828396212406,38.5336930991668],[-105.84135091773,38.5414000590092],[-105.845470976101,38.5468369876068],[-105.850178109563,38.5481951845962],[-105.856067867011,38.5509121739366],[-105.860188009824,38.5581647634515],[-105.871372729509,38.5599736320706],[-105.883739906993,38.5622324710561],[-105.885510201652,38.5685774848709],[-105.887874758821,38.577188619688],[-105.886700266384,38.5821753839267],[-105.880817684678,38.5871659883139],[-105.872585575517,38.596239277322],[-105.869061219654,38.6084791253285],[-105.870243862506,38.6116496337185],[-105.871425945707,38.6157321865579],[-105.868481081356,38.6184525493484],[-105.86141645867,38.6270676657738],[-105.858478835639,38.6347748336486],[-105.859073926395,38.6411199369673],[-105.856716332068,38.6483771318559],[-105.858494339662,38.6551759430795],[-105.857319136658,38.6606167948829],[-105.853787062471,38.6669654855928],[-105.857327217004,38.675577140437],[-105.863239785372,38.7005071400847],[-105.863834625499,38.7104768769037],[-105.866794913923,38.7172757781383],[-105.873882983536,38.7286077095325],[-105.883931006501,38.7435607142252],[-105.898098816547,38.7526183768784],[-105.908733514852,38.7598601680658],[-105.913464294666,38.7675630397232],[-105.917606916922,38.7748128046874],[-105.917027104711,38.7793451455317],[-105.912914786224,38.7965756213392],[-105.912929777309,38.8042828586788],[-105.91766761339,38.8133449517001],[-105.922405801611,38.8215021469246],[-105.928325970625,38.8287514258668],[-105.937206420876,38.8405256990444],[-105.944904939742,38.8504916484606],[-105.95024511239,38.8622699517067],[-105.95735617618,38.8708776008602],[-105.962681082858,38.8726820517499],[-105.969784257643,38.8758490948144],[-105.973942021002,38.8835489149404],[-105.976917517904,38.8917061257208],[-105.978115384504,38.8989556062018],[-105.979336385418,38.9148198866229],[-105.984676911105,38.9234275031699],[-105.990619968294,38.9329395402549],[-106.008426820318,38.9555763799524],[-106.016148317191,38.9650845393298],[-106.019726498308,38.9736923054418],[-106.021519320918,38.9786749522339],[-106.026882842578,38.9886368856577],[-106.029850124387,38.9918042201743],[-106.038143313597,38.9931509668504],[-106.041698769135,38.994501440597],[-106.044079429504,38.9972182907246],[-106.043507358076,39.0040207496029],[-106.04768034249,39.0117164181176],[-106.054813957586,39.0185041906812],[-106.064304899311,39.0239259884655],[-106.069660483457,39.0298058958292],[-106.073841396401,39.039317402415],[-106.0815858075,39.0501802959338],[-106.083393608619,39.0583375268865],[-106.086384451441,39.0664911435559],[-106.09414300292,39.0800741981658],[-106.103092491396,39.0931990386662],[-106.11321723947,39.1049621943304],[-106.118007863252,39.1149239640449],[-106.120419232529,39.1235317111513],[-106.125812996871,39.1371182849836],[-106.127621187858,39.1430058837627],[-106.128849810978,39.1525254585487],[-106.134838436107,39.1642958911179],[-106.139012051138,39.1692710187284],[-106.147946129015,39.1746853778899],[-106.153904309342,39.1796566892136],[-106.161663700746,39.189153676786],[-106.161099245236,39.1950482473546],[-106.162930146532,39.2045638223565],[-106.164760803487,39.215437967148],[-106.160664386976,39.2276933587199],[-106.154209343076,39.2440307919306],[-106.14294894482,39.2504102592541],[-106.129902238537,39.2567898084701],[-106.117428135484,39.257728267383],[-106.104969387333,39.2618411402479],[-106.094883705195,39.2668511608823],[-106.084820339902,39.277301527617],[-106.072956290843,39.284127558665],[-106.062870129004,39.2891331597308],[-106.049213604085,39.2950545387315],[-106.039707490713,39.2964357342587],[-106.03199428529,39.3014341061489],[-106.026676879544,39.3127777373413],[-106.024364419272,39.3278509346574],[-106.024194691582,39.3473298799891],[-106.023999341246,39.3697910763414],[-106.02191599988,39.3711576893556],[-106.018406730324,39.3721993495664],[-106.004024743948,39.3709246192281],[-105.999927788448,39.3719895680884],[-105.996280980534,39.3712148025987],[-105.974537352507,39.3665863395148],[-105.955402611728,39.3654842531183],[-105.950161153149,39.3674948900596],[-105.939381194568,39.3665330859413],[-105.935131424859,39.365331283386],[-105.930348226551,39.3650530155144],[-105.925052767546,39.3661594041679],[-105.919194128638,39.3677351810254],[-105.915638131416,39.367868897342],[-105.904278337268,39.3673804206228],[-105.901157958281,39.3652242888257],[-105.897488096003,39.3635459232501],[-105.877964631743,39.3565446220265],[-105.860866921482,39.3499095654433],[-105.846966339571,39.3467847065226],[-105.842197958076,39.346505674941],[-105.832104206371,39.3473265295366],[-105.828648263505,39.3488144814471],[-105.824696230515,39.3525878987756],[-105.823208269164,39.3571817754438],[-105.822285371482,39.3617523066374],[-105.822018234974,39.3667544380285],[-105.815838195925,39.3824130969212],[-105.809048008559,39.3881019743666],[-105.804951277638,39.3896126112332],[-105.795521127603,39.3913143842975],[-105.789654102024,39.3928862007085],[-105.784443258928,39.3953434725206],[-105.76762807601,39.4027529222782],[-105.763561838402,39.4047140715597],[-105.762066460559,39.4093082891262],[-105.762234329635,39.4120244007169],[-105.764217949919,39.4151306072246],[-105.766727885942,39.4173088005904],[-105.773266377942,39.4266073962359],[-105.774052282543,39.4297548094955],[-105.771168226951,39.4312200644784],[-105.758297332646,39.435310399341],[-105.753765396717,39.4391027435739],[-105.743252406659,39.4526402363523],[-105.73489820028,39.4524838320625],[-105.710354445359,39.4510831814251],[-105.708134262728,39.4538840383495],[-105.704197399588,39.4576538056457],[-105.696125430398,39.4720073504542],[-105.687321303708,39.4845713966917],[-105.679241508394,39.4889398997356],[-105.672077529343,39.4987228336784],[-105.671696336439,39.5023664528993],[-105.672481919443,39.5055143507622],[-105.674007892108,39.5208942924882],[-105.66934640025,39.5228709869585],[-105.664028715128,39.5235117608733],[-105.658031927007,39.5232674889059],[-105.640751491332,39.5238669110091],[-105.633846807395,39.5281936387542],[-105.630405919395,39.5305820350603],[-105.626041802235,39.537540976176],[-105.626232554994,39.5407118647321],[-105.62887225805,39.5447030357838],[-105.642628239945,39.5551192338993],[-105.642986654269,39.561010042745],[-105.637562401106,39.5702741716603],[-105.63072635744,39.5759553478152],[-105.622082027564,39.5812469844153],[-105.605335908024,39.5909000715535],[-105.59844623224,39.5956771022426],[-105.598606753096,39.5983940085946],[-105.598286237796,39.602945327945],[-105.595516836878,39.6066692866397],[-105.593265939051,39.609016254935],[-105.589832949937,39.6114042749781],[-105.590031126374,39.6150289952521],[-105.590191420855,39.6177459395691],[-105.592152262559,39.6204013478362],[-105.595303063892,39.6230184975494],[-105.600201189962,39.6251207477795],[-105.618175941605,39.6258611679036],[-105.624256490439,39.6274676862418],[-105.627346615067,39.6291767242556],[-105.635227566495,39.6307182300453],[-105.640011213063,39.6310080198558],[-105.645557806885,39.6335381107219],[-105.648083386171,39.6357204542307],[-105.663242998274,39.6492651616908],[-105.666363340431,39.6514249114454],[-105.669438099376,39.6526799245518],[-105.674335778983,39.6547783672421],[-105.686878710055,39.6543397201234],[-105.692768583386,39.6527750612378],[-105.69628562786,39.6517410720586],[-105.700466735739,39.6515962362996],[-105.719372362103,39.6572851201511],[-105.725552093928,39.6606998091174],[-105.728115504864,39.6633327238843],[-105.732258199882,39.6722606600303],[-105.733913935987,39.6799219523105],[-105.731975907898,39.6872516466989],[-105.726406719649,39.7037877933398],[-105.724156072451,39.7061380186882],[-105.710476520118,39.7175158514079],[-105.706356735732,39.7185652046396],[-105.69467575704,39.7235133450948],[-105.690838465861,39.7290958781995],[-105.690082987199,39.7363867577324],[-105.69119671759,39.7449716179928],[-105.688946182682,39.74732203826],[-105.687298271802,39.7496495967353],[-105.688648891527,39.7523238949791],[-105.694912487372,39.7666281048059],[-105.698628060422,39.7783032578021],[-105.697598088948,39.7810581512842],[-105.695362468769,39.7838622587521],[-105.693111885352,39.786212736547],[-105.69087634602,39.7890132978752],[-105.687351892241,39.7900437999964],[-105.681408222402,39.7907034990417],[-105.673626357844,39.790978431541],[-105.667446405932,39.7880137470255],[-105.648937677718,39.7791240404909],[-105.644131063025,39.7788377364295],[-105.637447709601,39.777253902741],[-105.633846583714,39.7773764646396],[-105.629078550765,39.7775405378729],[-105.623196146926,39.7795585243562],[-105.620312168588,39.7814743750059],[-105.616886597762,39.7843128047121],[-105.612377728773,39.7890094689414],[-105.608387453603,39.7923250753017],[-105.603107974728,39.7943205840343],[-105.576687406515,39.7934089044659],[-105.558056334047,39.7926764130633],[-105.553318665053,39.7932943556821],[-105.541508167263,39.7964151023453],[-105.538738537274,39.800139173047],[-105.537068095749,39.8024665424512],[-105.536106446543,39.8065834238983],[-105.528553434092,39.8209067514813],[-105.526912990907,39.823684304772],[-105.524021768555,39.8255999854048],[-105.520557715699,39.8275301885061],[-105.501904188044,39.836778969605],[-105.505001348277,39.8489311644255],[-105.506481772763,39.8638609012632],[-105.506138526493,39.8783978753415],[-105.502292982493,39.8948651478039],[-105.49483163054,39.9110006169088],[-105.492771725321,39.916972292872],[-105.492985381527,39.9205969921679],[-105.494991828003,39.9241602332056],[-105.501835351042,39.9280178527919],[-105.504353052103,39.9302040528559],[-105.501354665229,39.9402880645777],[-105.497578145978,39.9476749992458],[-105.495502835551,39.9636347893621],[-105.494053239448,39.9800223550497],[-105.493725180096,39.9950132340618],[-105.491802635369,40.0032470351849],[-105.489521332264,40.0055935602209],[-105.472797995796,40.007055030834],[-105.468654999842,40.0081000534899],[-105.452587720094,40.0213362351179],[-105.449192632699,40.0250827032545],[-105.448254259739,40.0296500956087],[-105.447864993676,40.0332976886751],[-105.448094059582,40.0373724059692],[-105.455952138106,40.0484599600439],[-105.460522375505,40.0546679595449],[-105.457622868889,40.0565794336627],[-105.444393703093,40.0669992064535],[-105.442127603975,40.0693460590817],[-105.440472248756,40.0721236478484],[-105.443188337357,40.0774806352371],[-105.444561486829,40.0806128377875],[-105.445362506483,40.0837642548773],[-105.442921227799,40.0938294277162],[-105.43593267535,40.1081337209307],[-105.434971215688,40.1122505982093],[-105.43552839215,40.1217622618262],[-105.438328310634,40.1289356393385],[-105.440388347905,40.1329531901534],[-105.455311172185,40.1415419328945],[-105.459644728659,40.1432130105116],[-105.470768459923,40.148295313671],[-105.474545027683,40.1508935759922],[-105.477772330444,40.1548729136192],[-105.479145526628,40.1575512908975],[-105.480701937808,40.1638546270121],[-105.480953868533,40.1783723818546],[-105.483631472408,40.1932641706086],[-105.482838140537,40.2105441374664],[-105.478878592241,40.225199499015],[-105.47727611186,40.2288850835825],[-105.47623878049,40.231643842013],[-105.46676298975,40.2451198966027],[-105.480862252052,40.2591837270286],[-105.493748376393,40.2732854892726],[-105.502422719881,40.2875249564187],[-105.506916630125,40.3023555722517],[-105.509022411406,40.3072811265008],[-105.511662047987,40.3112759476512],[-105.524853290504,40.3199179037229],[-105.543438284787,40.3279227957999],[-105.558437641936,40.3364998887867],[-105.576298100925,40.3522426373921],[-105.589016611313,40.3631624708763],[-105.603138592008,40.3767568561174],[-105.606365848057,40.3802824939331],[-105.607151454417,40.3834339318855],[-105.606838531678,40.3879858282488],[-105.614018095601,40.4068075207461],[-105.619472807041,40.4070743844826],[-105.6214564408,40.410187848343],[-105.618801699947,40.4261707245063],[-105.615391360057,40.4399065994775],[-105.613895855552,40.4449544609494],[-105.614651199467,40.4476517582617],[-105.619785912139,40.4524746955637],[-105.626591205575,40.4549623284182],[-105.638783050779,40.4663551391576],[-105.643826111037,40.469812134426],[-105.648846184306,40.4728184823732],[-105.667492392488,40.4708192841157],[-105.67171128171,40.4706703936074],[-105.6782115477,40.4681752070994],[-105.681141380541,40.4667139317855],[-105.68523831538,40.4642987441894],[-105.689091005479,40.4582626252025],[-105.690113565851,40.4550500720008],[-105.693943445929,40.4485598519216],[-105.69798715379,40.4452404151551],[-105.701465970457,40.4428519731229],[-105.706966973881,40.4340306779222],[-105.708637806174,40.4317032102468],[-105.710613583267,40.4148351954914],[-105.708706321579,40.3935563258431],[-105.708538395011,40.3908398353391],[-105.711414751143,40.388470214372],[-105.71612229783,40.3864900469165],[-105.720287697767,40.3854371129168],[-105.725223865693,40.3870776624461],[-105.729038866975,40.3901262220909],[-105.73509661477,40.390366620078],[-105.738682201599,40.3897866648694],[-105.743877802081,40.3855172419023],[-105.745518011704,40.3827355761828],[-105.747685004189,40.3790272037668],[-105.746601649431,40.3713466385705],[-105.746784887783,40.3645284555827],[-105.751186954272,40.3575614981025],[-105.760632209478,40.3445163905025],[-105.764607035422,40.340288687289],[-105.769398134413,40.3396667793086],[-105.77671474801,40.3407695860541],[-105.788128458142,40.3494457879727],[-105.794384464122,40.3528569873593],[-105.79972507964,40.3513040585876],[-105.813816448445,40.3544365352547],[-105.8163647057,40.3566150492181],[-105.832264327477,40.3596789088722],[-105.850094147626,40.3549515665944],[-105.869457629121,40.3460807305156],[-105.874714546808,40.3431657417945],[-105.881161307343,40.3402087024046],[-105.890324096291,40.3416929072228],[-105.895207001307,40.3424255569344],[-105.900684811129,40.3431313798163],[-105.914394739993,40.3403612950441],[-105.925701658405,40.3376791787611],[-105.929767934641,40.335259920228],[-105.94482830716,40.3251719859513],[-105.948254054055,40.3223218440252],[-105.953197889102,40.3239587473844],[-105.958767447457,40.3260228460901],[-105.965687225786,40.3303074955266],[-105.968876375301,40.3329173370832],[-105.975018193729,40.3345044954301],[-105.979908639204,40.3352333830753],[-105.984028447844,40.3337185438339],[-105.987522694873,40.3317728069124],[-105.989147537017,40.3289873519882],[-105.993008014611,40.3233940119506],[-105.994038062441,40.3206314652081],[-105.998074196606,40.3177586115548],[-106.015034403543,40.318487271153],[-106.016235534622,40.3186662798776],[-106.004999600186,41.9876224349996],[-106.807247732688,41.9868957206248],[-107.277797847737,41.9880132674425],[-107.807286027929,41.9868958942309],[-108.728479333515,41.9872071017886],[-108.728557672896,41.9872068480578],[-108.728516432139,41.9872360043874],[-108.727291920609,41.9881013696012],[-108.719272947529,41.9970448555877],[-108.710911411796,42.0100976950268],[-108.711162773887,42.0137263313108],[-108.711254494573,42.0237305952693],[-108.712635519575,42.0345930527865],[-108.712276689331,42.0382484615879],[-108.710613514278,42.0410414537436],[-108.708332920842,42.0438571485866],[-108.701962077831,42.0500113100856],[-108.697247301503,42.0533729883192],[-108.684391823187,42.064319417205],[-108.680782995145,42.0658190139444],[-108.670795867176,42.0734767815931],[-108.663891235341,42.0810121844065],[-108.659298541857,42.0861897444893],[-108.652111198524,42.0987390681409],[-108.649998552317,42.1038250996499],[-108.649631763,42.1074763891673],[-108.649082414458,42.1175035831996],[-108.650707691385,42.1229025738335],[-108.657261396355,42.128114498291],[-108.667751558425,42.1363673344946],[-108.673168966425,42.1429872223836],[-108.676761789184,42.1501299038543],[-108.677792306833,42.1560056385187],[-108.677311339847,42.1669407409341],[-108.676968266054,42.17969207334],[-108.676021990615,42.1838204635998],[-108.673214766132,42.1880213379973],[-108.672451773062,42.1948740064402],[-108.672672802639,42.1980521194727],[-108.672306644838,42.2017034501039],[-108.67822671863,42.2064844881969],[-108.684078459375,42.21036103573],[-108.684917879313,42.2135125402481],[-108.685550953534,42.2225896791201],[-108.683987340561,42.2267406538944],[-108.682346843477,42.229983847594],[-108.6772271704,42.2365504426305],[-108.667957571764,42.245997637341],[-108.664951535736,42.2474741956661],[-108.661365714446,42.2494314413523],[-108.663418139393,42.2520831294073],[-108.665561930191,42.2560971471519],[-108.669422356581,42.2582260868819],[-108.672832715336,42.2626444462511],[-108.674778050322,42.27258373943],[-108.679447848003,42.2860563481458],[-108.682331962885,42.291859690377],[-108.681644640301,42.2996203244811],[-108.675793346917,42.3048475727954],[-108.674153243295,42.3080906643073],[-108.673824757244,42.3122000581983],[-108.678791405007,42.3211168740588],[-108.681568546708,42.3251039784567],[-108.696423360436,42.3331928263854],[-108.704022213916,42.3351807416584],[-108.713116187422,42.3407551871577],[-108.727642754949,42.3529417695797],[-108.738667074151,42.359348000485],[-108.745213069779,42.3641059643281],[-108.74694491834,42.3708669318517],[-108.747791643378,42.374018506783],[-108.751804469854,42.3779638765831],[-108.760258285024,42.3831032602658],[-108.772816579983,42.3848965149477],[-108.779774516949,42.3864531865501],[-108.791386357703,42.3923786632218],[-108.81133685949,42.4016197802845],[-108.821743112625,42.4080449867096],[-108.834667698335,42.4143748985351],[-108.840366665295,42.4159698482374],[-108.85101741829,42.4169197790216],[-108.86905355002,42.425321550966],[-108.88840151761,42.4345817274314],[-108.896145219938,42.4383742908933],[-108.901111897346,42.4381797496571],[-108.906017889963,42.437077109626],[-108.917271028933,42.4379965087],[-108.921963272819,42.4423691869238],[-108.921535816677,42.4451124343828],[-108.924351565274,42.4495536483376],[-108.931454084288,42.4529151791184],[-108.934177672923,42.4559942986647],[-108.938198544712,42.4599317966275],[-108.947124702143,42.4627630101414],[-108.969738509321,42.4655100455955],[-108.976055965456,42.4666203180272],[-108.984493845411,42.4712904986995],[-108.987797428615,42.4820845344434],[-108.994297567044,42.4941148553826],[-108.997494486985,42.5035428341588],[-108.999447587008,42.521220037206],[-108.99936354602,42.5285075674398],[-108.994808865645,42.5341544497718],[-108.97990846601,42.5433956876975],[-108.968014223676,42.5511524805132],[-108.958378548087,42.5556319428674],[-108.94817751508,42.5610461248627],[-108.944958554972,42.5680017184438],[-108.941998056342,42.5785897086595],[-108.938343723241,42.5882926029722],[-108.934917672715,42.592527656616],[-108.921871686881,42.6016886422726],[-108.915226391481,42.6046838181948],[-108.908130776919,42.6099683193107],[-108.904217466708,42.6160387910129],[-108.90432403385,42.6260506527689],[-108.90381279813,42.6360854246416],[-108.913807227606,42.6361501754192],[-108.920391571415,42.6408966979563],[-108.923053912015,42.6430714413965],[-108.925968326173,42.6570705857492],[-108.926884287963,42.6611301269161],[-108.93289609861,42.6663535807299],[-108.935131877791,42.6712755085728],[-108.934841797413,42.6758426717857],[-108.934894872575,42.6849503877531],[-108.937344135485,42.6925888954409],[-108.941418184843,42.6969842732016],[-108.948467478677,42.7076334641933],[-108.951664302499,42.7170690805819],[-108.953968732731,42.7228992247571],[-108.95742447078,42.7273136848689],[-108.964642327189,42.7320372220423],[-108.968464604824,42.7327964955799],[-108.976002239914,42.7334069294735],[-108.992268349174,42.7418659076809],[-108.998211407261,42.7461813134135],[-109.009151806748,42.7503020512316],[-109.015522117059,42.7518664664713],[-109.019924346143,42.7521449616926],[-109.022831176723,42.749302437389],[-109.028652523869,42.7436019962981],[-109.033428835692,42.7406793459086],[-109.040874708774,42.7385006919912],[-109.042881823596,42.741663767727],[-109.047481679348,42.7446666010625],[-109.04970230934,42.7491306371343],[-109.050564048819,42.7522860670084],[-109.048428010482,42.7569258041222],[-109.045544097722,42.7602299450909],[-109.042591920186,42.7626222683784],[-109.037121268141,42.7646636610438],[-109.033451778664,42.7657241990682],[-109.026173355144,42.7687499447707],[-109.023197582459,42.7706882772552],[-109.02148853853,42.7730309211298],[-109.023358038637,42.7811540729752],[-109.023014655823,42.7848132392463],[-109.027584586896,42.7873581776202],[-109.032673560049,42.7885218638853],[-109.054264860753,42.7926692461991],[-109.060635217776,42.7942336028326],[-109.073314807756,42.8046499342654],[-109.086384155178,42.8200645129024],[-109.088505246447,42.823162640236],[-109.091923269628,42.8271270150256],[-109.097828240943,42.8305303279797],[-109.114048567565,42.8380698502704],[-109.119831462325,42.8401112008728],[-109.12564494472,42.842152416191],[-109.129871629523,42.8483525642447],[-109.136608925882,42.8626606666759],[-109.146931266488,42.8827339156142],[-109.154445807688,42.8988277459641],[-109.160832031654,42.9163293603917],[-109.162357456347,42.9199084134201],[-109.167118785169,42.9247272055017],[-109.176571351764,42.9316257267763],[-109.179966615228,42.9287525993181],[-109.188671866152,42.9279360805918],[-109.195072666182,42.9295005339649],[-109.200832768886,42.9310839136955],[-109.219082475973,42.9398938406207],[-109.236706094137,42.9487267714955],[-109.251812256481,42.957212448426],[-109.253338261485,42.9607951990671],[-109.265751189268,42.9671098402458],[-109.270275764402,42.9687428783272],[-109.289608375292,42.9829670046456],[-109.293567923588,42.9855386522005],[-109.298481261729,42.9921623963321],[-109.304951209578,42.9946233870016],[-109.312611054174,42.9961267240125],[-109.329601624168,42.9967752764987],[-109.336467950941,42.9960312933044],[-109.340877726772,42.9963021435672],[-109.347271369026,42.9978513000818],[-109.351246593821,43.0004190393623],[-109.358578160775,43.0133193079988],[-109.36345324416,43.0272383044007],[-109.364956344819,43.0303631442278],[-109.366207339582,43.0458044326925],[-109.367931606362,43.0594028450776],[-109.372784075558,43.0728639261145],[-109.373783906758,43.0773776985092],[-109.376873421429,43.0845392903299],[-109.381077544145,43.0898276480505],[-109.38659375425,43.0959743584727],[-109.403911937133,43.1079931876788],[-109.41032806871,43.1095384571625],[-109.416744336831,43.1110875784791],[-109.422123093918,43.1154105579459],[-109.42548794941,43.1180012388538],[-109.429058766139,43.1233200842593],[-109.434635866749,43.1376663899026],[-109.434895333441,43.1408407673109],[-109.436443718174,43.144419755362],[-109.438625866136,43.1479757416474],[-109.445263491719,43.152249194422],[-109.449207841418,43.1543553573944],[-109.45433440637,43.1554999866235],[-109.464184412799,43.1527986174588],[-109.464306506423,43.1619098975541],[-109.466412382028,43.1645541202613],[-109.468311616371,43.1799687994082],[-109.467983974736,43.1836278202928],[-109.470462955712,43.1908123584544],[-109.4719436461,43.1934832573712],[-109.479061327778,43.1959099285875],[-109.482967576333,43.2126065821964],[-109.484867228393,43.2280211105438],[-109.485592212844,43.2444009983786],[-109.486126600844,43.2585107715452],[-109.486035199959,43.2726472659479],[-109.483760994443,43.2909806598334],[-109.48367704149,43.2973678932737],[-109.485188301547,43.3004926625906],[-109.497547315141,43.3127214118307],[-109.502407830547,43.3179830655854],[-109.504772947366,43.3238054376176],[-109.503498474235,43.3311579132894],[-109.50146170333,43.3371711783037],[-109.50188102882,43.3421655702901],[-109.505741914249,43.3506665392195],[-109.50789302991,43.3537609081299],[-109.512524189254,43.3562944297564],[-109.517704265051,43.3578930975467],[-109.536335708523,43.3543484408211],[-109.542477014912,43.3522577101362],[-109.548832706938,43.3528909683613],[-109.560871304945,43.3610256466756],[-109.563656461415,43.3640970860886],[-109.568287445588,43.3666305405564],[-109.583302133385,43.3801030817625],[-109.586048806028,43.3827206290928],[-109.589352102669,43.3843994319433],[-109.595768092312,43.3854868701831],[-109.593105738236,43.3915267989941],[-109.586193806691,43.39183194817],[-109.579235640655,43.3916831889628],[-109.57632097407,43.3945486891699],[-109.573047930892,43.4006191659732],[-109.57204896477,43.4038546441339],[-109.574711350287,43.4206085171672],[-109.575031387683,43.4242447004387],[-109.588505381224,43.434142114943],[-109.594433512905,43.4370723508511],[-109.597141862519,43.4392357855527],[-109.599201822535,43.4414220961207],[-109.601498494916,43.4458785317591],[-109.605343022024,43.4466226539347],[-109.610905302229,43.445008583101],[-109.625492233847,43.4457374329724],[-109.629978344019,43.446450985367],[-109.647732594294,43.4547801064832],[-109.667881619267,43.461182520175],[-109.686245070137,43.4690311137276],[-109.710377211605,43.477528248701],[-109.713291377828,43.4746589280737],[-109.718715807958,43.4570809073624],[-109.720188701868,43.4519986046888],[-109.72489569609,43.44813360628],[-109.727932280228,43.4466302539121],[-109.73285309954,43.4450430333738],[-109.73981154046,43.4451842068273],[-109.746296756076,43.4471720020778],[-109.750203016308,43.4483662370864],[-109.755512421658,43.4513156978975],[-109.75955620408,43.4543260828297],[-109.762386759607,43.4578477989299],[-109.763531001277,43.471022729096],[-109.759892279099,43.4871508095417],[-109.758762909039,43.5031645805828],[-109.757618582029,43.5118868186604],[-109.763012684138,43.5230470853438],[-109.765842574014,43.526568841523],[-109.781407180783,43.5381755899825],[-109.786847024208,43.542490840154],[-109.805172571562,43.5494123183649],[-109.824734207934,43.5558184882903],[-109.843708545536,43.5627054537435],[-109.85015568516,43.5642316289219],[-109.854771285684,43.5662997030564],[-109.864407290954,43.5749837419844],[-109.867245111158,43.5785054211843],[-109.871304282618,43.5815120894843],[-109.872936932917,43.58554120385],[-109.86951143216,43.5898031503477],[-109.857548321383,43.597655411156],[-109.853886019327,43.5991892852285],[-109.84911747883,43.6026042107769],[-109.846836336523,43.6054468335743],[-109.847248167369,43.6099872483803],[-109.848141121507,43.6131426344327],[-109.858257587114,43.6199800259764],[-109.866772251467,43.6232384480311],[-109.872066751071,43.6257299492074],[-109.877887908673,43.6341317227136],[-109.87970440189,43.6404349331905],[-109.868778679078,43.652808616407],[-109.854587771549,43.66440778405],[-109.850445694571,43.6677920701556],[-109.846813686402,43.6697838097338],[-109.843861370525,43.672202782109],[-109.841564456497,43.6750453686361],[-109.839108287339,43.6829128762956],[-109.840641509408,43.6860378676334],[-109.843495105825,43.6895557521877],[-109.858448683928,43.7007351604835],[-109.86187392058,43.7037761993251],[-109.864147442478,43.7077748005838],[-109.864422187717,43.7109569177728],[-109.866688351514,43.7149593831294],[-109.869412084778,43.7171150903353],[-109.888302190949,43.7226361682554],[-109.893001921394,43.7256160551241],[-109.893818727143,43.7347046599923],[-109.882374349425,43.7416221361071],[-109.868878010291,43.7468035735509],[-109.860432182042,43.7517561589732],[-109.855664028718,43.762470033168],[-109.847347507564,43.7760838259131],[-109.839054473762,43.7828525197384],[-109.828533934262,43.7860689953131],[-109.81134470364,43.7854852426392],[-109.803501452707,43.7831043405189],[-109.779407914542,43.7759845890325],[-109.770847641824,43.7727184813079],[-109.764698830909,43.774820814405],[-109.758518452297,43.7842261510369],[-109.746182310708,43.788430714292],[-109.722904308972,43.7908460006734],[-109.708546201612,43.7937762273521],[-109.700558391988,43.7968668043963],[-109.696407716336,43.8002474333216],[-109.682354668762,43.8068024683422],[-109.668117818695,43.8110910756489],[-109.670208146259,43.82058028291],[-109.67249735364,43.8250405838188],[-109.668384797099,43.8288751727961],[-109.665401946588,43.831290358769],[-109.654362071259,43.8358842186426],[-109.642567488921,43.839142592346],[-109.64089616525,43.8419585595052],[-109.641292702278,43.8465027978219],[-109.642826467828,43.8496315299027],[-109.647053196648,43.8544619442414],[-109.648647897618,43.8580408880014],[-109.642696833746,43.8628675246207],[-109.640354858426,43.8652522139543],[-109.636944048717,43.8699681682473],[-109.649547871193,43.8758020489129],[-109.655437704997,43.877824313448],[-109.659611296672,43.882204512254],[-109.665478404897,43.8837650580078],[-109.669277724288,43.8909038118533],[-109.66129719461,43.9017551698574],[-109.657818263856,43.9055631221629],[-109.657528208631,43.9096799705922],[-109.66104527197,43.9136329287184],[-109.666828293393,43.9142930028763],[-109.674663856543,43.9166776298162],[-109.680004255567,43.9196346869948],[-109.681088052296,43.9246138590011],[-109.67817367497,43.9279372049387],[-109.674618264348,43.9308331586671],[-109.675679045341,43.9431076351129],[-109.684986626543,43.9404139002691],[-109.693706971858,43.9382009641369],[-109.704433489663,43.9372661944041],[-109.734768275386,43.9418485635735],[-109.749614885698,43.9443782389407],[-109.764904659195,43.9532607340258],[-109.768086077808,43.951761266185],[-109.784924149799,43.9405054180706],[-109.79415543439,43.9368883861032],[-109.800412006308,43.9356941446243],[-109.810207827257,43.9457480240314],[-109.822941476054,43.9602354615883],[-109.835491745464,43.9724489577508],[-109.847523163237,43.9860512442514],[-109.853718398187,43.9912479740339],[-109.870731815932,43.9964065107633],[-109.874508665763,43.9957769652582],[-109.892536397346,43.99083974144],[-109.903088475797,43.987619389747],[-109.917782612362,43.9883099957679],[-109.932751125855,43.9917287208083],[-109.947361638249,43.9983486000055],[-109.948345607896,44.0092647806586],[-109.955074747552,44.0272167129731],[-109.96953215648,44.032024356993],[-109.990841037639,44.0351416411904],[-110.004582003296,44.0390677563904],[-110.013768078373,44.0486827681787],[-110.013065958741,44.0551081001128],[-110.006756070014,44.0627124849807],[-110.003811485938,44.0724381844668],[-110.005901921299,44.0883259811893],[-110.006565237305,44.0956022038256],[-110.002201391436,44.0967201432837],[-110.003948442187,44.1158206555025],[-110.00646644059,44.129403740724],[-110.014042062739,44.128591079108],[-110.025043591683,44.13721421612],[-110.02669203706,44.1412471457249],[-110.023411597153,44.1473405323872],[-110.009113987735,44.1585122839714],[-110.001224814026,44.1629917983581],[-110.000248142293,44.1662349776742],[-110.001255136659,44.1703023018962],[-110.010823193361,44.1771587096658],[-110.021595195564,44.1762011039987],[-110.037754481662,44.1713325311998],[-110.049038436439,44.1689744580701],[-110.062214402207,44.1733775447187],[-110.083401291253,44.1815160252723],[-110.097431763265,44.1881588071559],[-110.10718202346,44.1899788302153],[-110.12106778227,44.1879489790836],[-110.133923291128,44.2024098449537],[-110.138927632201,44.2081101866443],[-110.148388347414,44.2136007190237],[-110.158863260582,44.209441794906],[-110.176387915843,44.2054088653636],[-110.190937426342,44.2106475740728],[-110.191906180324,44.2142532023859],[-110.191151529908,44.2266267946746],[-110.18760382773,44.2363907402233],[-110.190151626844,44.2499740069856],[-110.183842399277,44.2644424764704],[-110.175572220412,44.2716918537382],[-110.173961889654,44.2818259251225],[-110.168956945812,44.2966873651489],[-110.169353635553,44.3007776413398],[-110.170276915019,44.303933001861],[-110.173893583557,44.3083284509502],[-110.188221579388,44.3176955615149],[-110.21470284946,44.3269329854366],[-110.237568533464,44.331767183681],[-110.253948782664,44.3355445645488],[-110.266667201424,44.3212172506287],[-110.270572756479,44.3219461033405],[-110.274708397027,44.3249412048033],[-110.280071829754,44.3342777888178],[-110.292408115073,44.3359604839019],[-110.302311131985,44.3322784517264],[-110.307735987019,44.3288139846243],[-110.318356206278,44.3260095537243],[-110.336101679114,44.3242239557605],[-110.353138556362,44.3279593008663],[-110.368305847265,44.3326905298909],[-110.38100866678,44.3380055893566],[-110.405964018984,44.3577928780454],[-110.417927412731,44.368628910668],[-110.431667624702,44.37799981892],[-110.439884862254,44.3835323102042],[-110.45600583251,44.3909572506382],[-110.464611640829,44.3937273241856],[-110.480984253451,44.4038766101689],[-110.481434515122,44.4148271229376],[-110.478183841791,44.4209320143577],[-110.473202255942,44.4289522266812],[-110.470981745426,44.445526869166],[-110.471927957084,44.4614756869239],[-110.472286367815,44.4651156982934],[-110.485264375437,44.4731549612536],[-110.491787744299,44.4741927414563],[-110.518101380654,44.4742423656577],[-110.534755955579,44.4738646928606],[-110.552181818617,44.4684084445189],[-110.555607121745,44.4641198210908],[-110.545124748966,44.4491057563197],[-110.532917458129,44.4360033241628],[-110.527546261263,44.4271322301909],[-110.528324563422,44.422065218572],[-110.53107115881,44.4173568199615],[-110.549702049818,44.4049793638427],[-110.556827788485,44.3991339565176],[-110.572674364745,44.3910144778599],[-110.590717614724,44.3855277889786],[-110.623294980774,44.3779120758065],[-110.632725344608,44.3760576802781],[-110.643833278997,44.371830144738],[-110.650242206984,44.3655574386265],[-110.652065610941,44.3581476415603],[-110.649815451528,44.3422636244196],[-110.654621807506,44.3328698339597],[-110.664097265869,44.331469623646],[-110.677792427328,44.3339610865933],[-110.681721110409,44.3346746132216],[-110.686505003114,44.3376240367234],[-110.691471796405,44.3424010099954],[-110.700916725523,44.3533401482761],[-110.70648659739,44.3640196995058],[-110.708828685897,44.3680145757154],[-110.714565652492,44.3741193792961],[-110.725605552973,44.3817733270317],[-110.738605610642,44.3897859521401],[-110.749058361474,44.3979205575059],[-110.758198646726,44.4056775143632],[-110.768001828471,44.4138503961218],[-110.780323561981,44.4150332138388],[-110.795948490622,44.4110154560134],[-110.810421158333,44.4084247732563],[-110.815471936916,44.4077036113873],[-110.819401659348,44.4084056099327],[-110.82592416942,44.4094396599873],[-110.831211739421,44.4109887195401],[-110.847103471295,44.4127324895309],[-110.809505872975,44.4465874934326],[-110.855374647289,44.464688415574],[-110.856510902936,44.4648370962415],[-110.868999822802,44.4669280675042],[-110.869580002423,44.4670233810522],[-110.876583781316,44.4689883633038],[-110.883595304585,44.4709533531254],[-110.894299148912,44.4728077575612],[-110.901546891372,44.474066889149],[-110.910160397355,44.4762226641476],[-110.918591303689,44.4783287631792],[-110.923389953918,44.4814689727204],[-110.923962054091,44.481842877024],[-110.928456155676,44.4845709794515],[-110.929188293412,44.4850174047962],[-110.932277814372,44.4878027399265],[-110.932865601825,44.4886535993454],[-110.935665804178,44.4927285719461],[-110.936199952327,44.4935984731177],[-110.938694648431,44.4972995645836],[-110.939266767469,44.4981504398776],[-110.940731810103,44.5061133796907],[-110.940525680882,44.5102188860963],[-110.940075487482,44.511306299832],[-110.93780973152,44.516773971499],[-110.938374285845,44.5187732599343],[-110.938564949671,44.519444814262],[-110.939769867148,44.5213259139005],[-110.941784232273,44.5222645115014],[-110.943737104123,44.5226994950749],[-110.945515091056,44.5234549033302],[-110.946880686595,44.5235351017839],[-110.949558511456,44.5236914858571],[-110.950642093488,44.5238479124214],[-110.953548859389,44.5242714155102],[-110.956150554725,44.5274726915579],[-110.958126489923,44.529712385419],[-110.959431150041,44.5311890201269],[-110.95973663473,44.5317193043625],[-110.965527110372,44.5344283456971],[-110.966870157299,44.5345466295246],[-110.971287430469,44.5349319847206],[-110.974476302404,44.5354928914956],[-110.97774167397,44.5360690768418],[-110.97974861452,44.5374883654536],[-110.982555755459,44.5418533787568],[-110.983516865677,44.5453026465243],[-110.983944689229,44.5468173132026],[-110.98432540962,44.5484389818234],[-110.985187609934,44.5502284872975],[-110.98607326616,44.5518919640488],[-110.986728972537,44.5531206151624],[-110.988704886174,44.5558487199231],[-110.993839462302,44.5591987389509],[-110.996060234228,44.5599007295358],[-111.005848110478,44.5638727749971],[-111.009418612796,44.5643153763196],[-111.012875242873,44.564517522011],[-111.016468339618,44.564731212178],[-111.022991862092,44.5638497815813],[-111.02351071283,44.5638612462893],[-111.025730806529,44.5638116695554],[-111.031338167787,44.5652272481822],[-111.032406637461,44.5656927102956],[-111.035167989474,44.5677988900422],[-111.036823848647,44.5724652644192],[-111.037266113516,44.5737015286728],[-111.037998844141,44.585628783073],[-111.038471986801,44.5868993309517],[-111.040096572026,44.5912452544691],[-111.041470129333,44.5940992732609],[-111.042103429032,44.5954156113184],[-111.046604303015,44.5983841323603],[-111.047405511316,44.6000553173835],[-111.046734713242,44.6017264377096],[-111.044979194971,44.6036457406253],[-111.039966973876,44.6051413412676],[-111.038929376604,44.6054542589484],[-111.036480774854,44.6060189130412],[-111.035519434668,44.6062402276952],[-111.03104063229,44.6065340302871],[-111.028210401953,44.6067209818919],[-111.027309618098,44.6068965259189],[-111.025265506161,44.6080258792399],[-111.02415924616,44.6095253660243],[-111.026897807914,44.6117460283874],[-111.028888820435,44.6133600262731],[-111.034038934723,44.6175303465219],[-111.038593971728,44.6223721926406],[-111.041630231574,44.6256039982276],[-111.044735557493,44.6289082298769],[-111.048283276739,44.6308579767821],[-111.049320746451,44.6314226645301],[-111.053150856497,44.6324337318321],[-111.054943681802,44.632906880611],[-111.057507138551,44.6335822225867],[-111.058948949853,44.6365850997056],[-111.061535134878,44.6383936501598],[-111.065311586755,44.6375924182312],[-111.067936112774,44.6369895084891],[-111.073658452101,44.6349291229564],[-111.079960610824,44.6353755333199],[-111.080654314141,44.6356579035257],[-111.083096026711,44.6380693039286],[-111.083820992299,44.638786620059],[-111.083973424724,44.6432354978656],[-111.082592215568,44.6449105526901],[-111.080890774978,44.647409748689],[-111.076450818449,44.6515419240521],[-111.074284326325,44.6539113126649],[-111.074665555162,44.6551742907833],[-111.075230342151,44.6570247997245],[-111.077679233159,44.6600543076186],[-111.077999720611,44.6604511012759],[-111.080257972048,44.6622177370929],[-111.082569481004,44.6640262896584],[-111.083973262129,44.6651213800988],[-111.08596503193,44.6681126206366],[-111.087002198011,44.6696770846782],[-111.087894514346,44.670863737978],[-111.088604409795,44.6718023316866],[-111.090183761253,44.6729011860865],[-111.092892324666,44.6747631680776],[-111.097782453934,44.6781208082454],[-111.098683006922,44.6787427469888],[-111.100392124513,44.6829550627643],[-111.101604618381,44.6859311959761],[-111.102932040012,44.6891973180805],[-111.103367227055,44.689479631908],[-111.110043434381,44.6937872973276],[-111.113758216016,44.6962102168905],[-111.115192741982,44.6971411939561],[-111.118771392918,44.6994724173086],[-111.121258500953,44.7007087287553],[-111.123058925107,44.7016053439061],[-111.12372270644,44.702005938858],[-111.124477819488,44.7024676682259],[-111.127873306633,44.7054513784963],[-111.128162849819,44.7069623101708],[-111.128788364718,44.7101826603433],[-111.128841913292,44.7107320948504],[-111.130741547385,44.7140477593364],[-111.131062369909,44.7146047715209],[-111.133251813988,44.7161882278025],[-111.13604392791,44.7178137089777],[-111.137654009835,44.7185538982494],[-111.142124839664,44.7195954868791],[-111.142872346676,44.7195153711364],[-111.143582109176,44.7194390634261],[-111.149395432569,44.717439767089],[-111.150524437015,44.7170506061807],[-111.155399900388,44.7157876103471],[-111.156261879717,44.7155663566276],[-111.160709979474,44.7163065331552],[-111.164875223105,44.7170010229304],[-111.165760888313,44.7181608249007],[-111.173488751546,44.7282377156702],[-111.173886034175,44.7287527480083],[-111.176998825094,44.7328086395569],[-111.180256611286,44.7366928294985],[-111.184170518877,44.7412332899725],[-111.188824005847,44.7413058292275],[-111.190586389044,44.7410693179711],[-111.194645486842,44.7405274589881],[-111.199406404236,44.7384822312443],[-111.201458272228,44.7360976576727],[-111.202121974509,44.7338770590343],[-111.203075502945,44.7322020492411],[-111.203388963776,44.7315800419474],[-111.204052788228,44.7250746098743],[-111.204380982327,44.7219191162173],[-111.204411034566,44.719748157319],[-111.204556141231,44.717832745119],[-111.204869160988,44.7137539386466],[-111.206516584981,44.7111212676077],[-111.209011872177,44.7070500471651],[-111.20958380167,44.7065807561585],[-111.21344448947,44.7034138676714],[-111.214443400795,44.7027004297665],[-111.217694057957,44.7003919878043],[-111.223499560618,44.6997548285483],[-111.224163386866,44.6996823125258],[-111.227420931412,44.7008117350539],[-111.228351828591,44.7015710568521],[-111.23113671377,44.7038450799005],[-111.231601988985,44.7043296998698],[-111.235233834559,44.706981393296],[-111.237339566433,44.7085190460303],[-111.237766937235,44.7087937686398],[-111.239475784434,44.7093241563296],[-111.240444383906,44.7095493008047],[-111.241596837075,44.7098124721733],[-111.244968818903,44.7094462283349],[-111.246044967375,44.7091485735476],[-111.248631264689,44.7084350837396],[-111.254567000608,44.7063518153933],[-111.26340895805,44.7034558511967],[-111.266514125865,44.7026317254057],[-111.272999531923,44.7011016524687],[-111.274235378395,44.7007582793528],[-111.283870911152,44.6982401137679],[-111.285168158372,44.6975761475484],[-111.289509142117,44.6952105142443],[-111.293240431193,44.6916086331897],[-111.294293086027,44.6905937048203],[-111.294049072154,44.6875641899979],[-111.293720966988,44.6862135155038],[-111.292141522106,44.6796661297399],[-111.291737278432,44.6789487928349],[-111.289928698474,44.6756941596352],[-111.285191152549,44.6718328148692],[-111.282459845589,44.6687155544544],[-111.280643877886,44.6660141908366],[-111.280361780835,44.665201466981],[-111.279430775858,44.662553504725],[-111.278766728623,44.6584327344562],[-111.278370214952,44.6555024029387],[-111.280369541381,44.6521600197582],[-111.282299809822,44.6495959633334],[-111.285190908207,44.6457575532165],[-111.288319036062,44.6416062925416],[-111.292576061464,44.6368865184683],[-111.295109508194,44.6345895344293],[-111.297398017585,44.631663033786],[-111.300205808006,44.6302970655811],[-111.30341019205,44.6307892703243],[-111.307316216924,44.6313883455273],[-111.311771962243,44.632071298432],[-111.313282818956,44.632303995702],[-111.316906525794,44.6323688813832],[-111.31849366295,44.6323956021166],[-111.32074435686,44.632113235215],[-111.322239352919,44.6295836139079],[-111.321575424262,44.6271912982715],[-111.318707334427,44.6248293746666],[-111.315716656895,44.6213496623],[-111.313099218583,44.6191175763851],[-111.311718631061,44.6169656137841],[-111.313473290542,44.6135812643561],[-111.317356169425,44.6097085796176],[-111.318958868096,44.6086287272332],[-111.325435728481,44.6042638208337],[-111.32781686855,44.6021919262005],[-111.329807652001,44.5952286713075],[-111.32961742835,44.5919014559669],[-111.329190132108,44.584590916777],[-111.328007367086,44.5794247393147],[-111.327289852126,44.5779290961277],[-111.325039719663,44.5732092873419],[-111.32181989358,44.5690084088829],[-111.318455020121,44.5664596874515],[-111.314678434395,44.5635980099318],[-111.311947403218,44.56152615616],[-111.311741353048,44.5608966016049],[-111.311641938292,44.5596184409109],[-111.311466354485,44.5573940036912],[-111.3130686031,44.5554290138155],[-111.314724139778,44.5533953394492],[-111.315868887199,44.5519988074509],[-111.315029210344,44.5504878599094],[-111.314228198774,44.5497553288124],[-111.308598199971,44.5487136283402],[-111.306064986802,44.5489578653963],[-111.303479086544,44.5492096760705],[-111.299626010169,44.548782320496],[-111.298298435825,44.5484160444069],[-111.29653571037,44.5476148379559],[-111.292469338913,44.5457718801612],[-111.284573005632,44.542185300102],[-111.282223269767,44.5424943790447],[-111.280727720346,44.5426889514265],[-111.277744389236,44.5430133226514],[-111.276844064421,44.5430209473991],[-111.275188926595,44.5430323381005],[-111.274456672976,44.5425248763803],[-111.273861703492,44.5421089605691],[-111.27257984531,44.5402202538718],[-111.272335446959,44.5389917030906],[-111.27160286276,44.5353555717896],[-111.271465958613,44.5345809711644],[-111.270916372017,44.5331310697464],[-111.269680345881,44.5299489310055],[-111.272084144157,44.5280755155595],[-111.275311314866,44.5276405593192],[-111.27620366354,44.527766454219],[-111.281994061927,44.5285906261038],[-111.28834928683,44.5294911226509],[-111.291531487875,44.5300213967299],[-111.292934638383,44.5298535608056],[-111.294864731653,44.5301130280421],[-111.298710395129,44.530086257697],[-111.301106263078,44.5295787785623],[-111.303181083025,44.5291400724581],[-111.307049181027,44.5283235324585],[-111.307651630783,44.5281976349202],[-111.310825556548,44.526347119513],[-111.314228464676,44.5241416965649],[-111.31847036694,44.5230962854729],[-111.321003562142,44.5236152104622],[-111.32365831108,44.5247369246954],[-111.324505373884,44.5251261708341],[-111.327481011822,44.5285372056796],[-111.328930113851,44.5302045785208],[-111.330341564792,44.5319063576319],[-111.333118808002,44.5344436390624],[-111.334088210568,44.5351990442188],[-111.340061718848,44.5384880850924],[-111.342449679825,44.5397509940548],[-111.344852728906,44.5405789807953],[-111.348919548622,44.5419067703199],[-111.351337697485,44.5428568649653],[-111.352741398659,44.543333807048],[-111.358517031439,44.5437725829375],[-111.360836101515,44.5429217327652],[-111.364124699023,44.5425973751156],[-111.367924211552,44.5422196365966],[-111.371883933222,44.5434711233049],[-111.374234015837,44.5442113164655],[-111.376400365128,44.5451690190952],[-111.38045952491,44.5470271861645],[-111.382785922544,44.5480879357379],[-111.385594160327,44.5486373184943],[-111.387524099087,44.549015076829],[-111.392651166197,44.5489731190951],[-111.393818447857,44.548770880985],[-111.401066091502,44.5476872663324],[-111.401936217653,44.5471607030541],[-111.405124790449,44.5456193294827],[-111.405926518873,44.5451461373703],[-111.414753175311,44.539937995915],[-111.416882240924,44.5388734423786],[-111.420079175239,44.537732575972],[-111.422359571944,44.536919894615],[-111.423306371101,44.5365841102866],[-111.433422802572,44.5390527251065],[-111.437916595136,44.539468647384],[-111.443066399505,44.5392053762307],[-111.444782885976,44.5394113804678],[-111.44559155209,44.5395106375804],[-111.446850626301,44.5396594067197],[-111.450229743447,44.5403577394634],[-111.454014406824,44.541490881466],[-111.454601364234,44.5416664406724],[-111.455135984897,44.5416549146076],[-111.458446618977,44.5414069903356],[-111.462857131427,44.5414564875577],[-111.466793873294,44.5413763982947],[-111.473942371677,44.5421548096313],[-111.478420767118,44.5440319926409],[-111.486118470313,44.5472638105875],[-111.491856049559,44.5468364324034],[-111.497647051614,44.5467028821193],[-111.504338006583,44.5460198748354],[-111.505970477219,44.5460694968193],[-111.507893087523,44.5461305632746],[-111.508701962046,44.5458367331891],[-111.512760488516,44.5439595148994],[-111.516293034319,44.5408002718683],[-111.516545185131,44.5402889573309],[-111.517910427631,44.5373586560927],[-111.518345166415,44.5369313454193],[-111.521068809847,44.5341117120039],[-111.521618053287,44.5339171160806],[-111.52746249522,44.5317078954384],[-111.528035085874,44.5316162903293],[-111.537739540074,44.5301053458899],[-111.539013253231,44.5299565766759],[-111.546039737941,44.5289264097738],[-111.552510073862,44.5269270086396],[-111.556461778068,44.5256908385782],[-111.557926704819,44.524809425084],[-111.562405391314,44.5221080288066],[-111.56303835145,44.5217417584726],[-111.564869571648,44.520253672292],[-111.566395313446,44.5191357833517],[-111.568256899395,44.5177736239713],[-111.56945463035,44.5155568198751],[-111.571003183966,44.5154957905347],[-111.572064150911,44.515488144888],[-111.573246517081,44.5154766591211],[-111.574726443002,44.5157590548537],[-111.576702807594,44.5163236897638],[-111.579785058488,44.5172050958493],[-111.580463913552,44.5169075020366],[-111.582913286057,44.5156979219558],[-111.588688157065,44.5134735556884],[-111.592495124712,44.5125235133299],[-111.596104418082,44.5123631603054],[-111.599567817862,44.5129317548851],[-111.602467409818,44.5134086179314],[-111.604366718721,44.5131606381039],[-111.607242834105,44.5127829315625],[-111.611485036406,44.5122220136365],[-111.614833947701,44.5086393012989],[-111.616886340308,44.5031296771612],[-111.61793169633,44.5017866518041],[-111.622349459082,44.4989936229079],[-111.622928732303,44.4989288176688],[-111.626842752183,44.4987151197969],[-111.628979171406,44.4986006774883],[-111.632923961279,44.501095946219],[-111.633587307828,44.5014394288468],[-111.63494534045,44.5031906938236],[-111.637577468911,44.506575095226],[-111.639256148886,44.5083416317108],[-111.641193704461,44.5098870131754],[-111.643223508931,44.5113864323709],[-111.647312322999,44.5138513467932],[-111.650021464928,44.5158887252057],[-111.650951620997,44.5165908326643],[-111.652867154373,44.5192273152147],[-111.65485797196,44.5228558967625],[-111.656857163641,44.5264882864049],[-111.658520542612,44.5289454195771],[-111.659382182378,44.5302236833252],[-111.659870661975,44.5306967738672],[-111.66194614937,44.5328525190634],[-111.664951835056,44.5362140454771],[-111.66597438914,44.5369503967917],[-111.6685608221,44.5392473326813],[-111.669018516432,44.5396556130144],[-111.671261465068,44.5427804872575],[-111.671505540025,44.5432269246907],[-111.673183703469,44.5468860581727],[-111.673984897396,44.5491219248722],[-111.674503688845,44.5517088728858],[-111.674633834069,44.5523650776377],[-111.675999211317,44.5536624461278],[-111.679173001437,44.5533380695887],[-111.6797378019,44.5532235853908],[-111.682201741486,44.5522277663571],[-111.685566118176,44.5508694158528],[-111.686825142979,44.5503619885216],[-111.688274732794,44.5500987045322],[-111.688854704904,44.5499918883703],[-111.690602051201,44.5505335922635],[-111.69154805984,44.5508236063025],[-111.696469184578,44.552345951931],[-111.70075624605,44.5499194167689],[-111.703587043224,44.5481413619154],[-111.704716104264,44.5474354503523],[-111.707729486715,44.5464663565698],[-111.709789952482,44.5458024129127],[-111.714046976087,44.5453674565396],[-111.717480286797,44.5450469417237],[-111.726933130971,44.5445738211464],[-111.729648782092,44.5444364729178],[-111.730740234264,44.5444784825797],[-111.739063576326,44.5447989537885],[-111.744366305397,44.5450011301518],[-111.747952006312,44.5454132191662],[-111.748874965079,44.5453216682681],[-111.753987023138,44.5448142457106],[-111.754902341734,44.5444365087709],[-111.759144262862,44.5393084267823],[-111.760746869007,44.5379576505495],[-111.761944480486,44.5374311484549],[-111.763478006186,44.536835911736],[-111.765865853975,44.5359164117323],[-111.769588685413,44.5344817799284],[-111.773105916737,44.532310753092],[-111.776028494784,44.5305021582081],[-111.777446983127,44.5295826984423],[-111.778995851153,44.5285792498682],[-111.782497913526,44.526572206074],[-111.783436634133,44.5263088862205],[-111.789555208653,44.5250116317917],[-111.794392252878,44.5244622028542],[-111.797802753566,44.5243973362648],[-111.806507256193,44.5242256881435],[-111.810589445186,44.5254542270252],[-111.811718209781,44.5257938726983],[-111.814518196538,44.5270758880599],[-111.817257391605,44.5290599201451],[-111.818531570088,44.529658926319],[-111.819149611004,44.5298077385594],[-111.819706093068,44.5299413135116],[-111.822910694503,44.529956588203],[-111.827397102018,44.5299756341724],[-111.828663619669,44.5299793824],[-111.831226943468,44.5306166608389],[-111.834492449781,44.531868127348],[-111.83634588891,44.5321085397037],[-111.837689236772,44.5320397913718],[-111.842548622996,44.5317994760693],[-111.843159510627,44.5313873886721],[-111.845234347642,44.5297810705373],[-111.846211318514,44.5282166391976],[-111.844509648854,44.5268812756723],[-111.841640811621,44.5246263307194],[-111.838703449999,44.5223179216663],[-111.834743858585,44.5192120780621],[-111.833904577886,44.5185482367554],[-111.835666814657,44.5156445998834],[-111.839245684783,44.5153888846248],[-111.841388905151,44.5159002448405],[-111.843098051488,44.5163046668741],[-111.843853508591,44.5165564925874],[-111.84762210021,44.5180598286653],[-111.849652087038,44.5190670408449],[-111.854916426605,44.5217798461702],[-111.860043019405,44.5243782673363],[-111.86293449598,44.5250230766117],[-111.86417069549,44.5251413481593],[-111.868321300175,44.5251947480014],[-111.871251030609,44.5252328949245],[-111.876377314388,44.5241493756609],[-111.888050809216,44.52147464239],[-111.889301964777,44.5211808351895],[-111.891239566166,44.5205818423889],[-111.893703921672,44.5198225544854],[-111.899189228833,44.5185557993735],[-111.900516947806,44.5174836489835],[-111.902165022179,44.5161520108092],[-111.906322922082,44.5129126732357],[-111.907192366411,44.512557856424],[-111.910931143844,44.5115238233208],[-111.911564315084,44.5114894431034],[-111.9166916993,44.511741242862],[-111.92108558034,44.5128592634172],[-111.923588011837,44.5139313983236],[-111.926304590918,44.5154461290436],[-111.927517663301,44.5160527651283],[-111.931080136478,44.5178346566908],[-111.935719368982,44.5207382311871],[-111.942440730126,44.5249505925002],[-111.943928088708,44.5253016551337],[-111.948093753649,44.5252062248078],[-111.950199837663,44.5250307274118],[-111.954609583849,44.5246186901134],[-111.956089548398,44.5244813325984],[-111.962208569381,44.5256945736323],[-111.963764809881,44.5260037100097],[-111.964328983321,44.5261181817769],[-111.978863445242,44.5290751399929],[-111.979397004995,44.5291019447443],[-111.984074161675,44.5276786943938],[-111.985691423834,44.5270224771337],[-111.992840616615,44.5241149683074],[-111.997776485402,44.5242332858903],[-112.001965246029,44.5251107827975],[-112.004749926391,44.5255648898783],[-112.014690967193,44.5275642417038],[-112.016613721227,44.5280144474577],[-112.017102057094,44.5281289607429],[-112.020931987477,44.5291476304994],[-112.024868490392,44.5304220583603],[-112.027416765613,44.531280586845],[-112.030567399859,44.5323451255072],[-112.031643268956,44.534203226741],[-112.032429319084,44.5355539389497],[-112.032795647565,44.5367061996411],[-112.033909522585,44.539812015275],[-112.034320880018,44.5408040482117],[-112.034771149774,44.5440282331532],[-112.036121681464,44.5467448427702],[-112.036594525884,44.5474087673554],[-112.038319373874,44.5498163568314],[-112.038944816009,44.5503810764701],[-112.042027222312,44.5521437485858],[-112.045933595732,44.5543758811047],[-112.053509200812,44.5555472626606],[-112.061184498228,44.5561348361115],[-112.068211380892,44.5550245183864],[-112.071583577417,44.554494112246],[-112.075547650526,44.5532698398684],[-112.092877042587,44.5566000496412],[-112.095875960365,44.5549814780622],[-112.097134905219,44.5502116078915],[-112.11046947394,44.547146301634],[-112.120807894389,44.5393411021371],[-112.119953089006,44.5289823594417],[-112.124025455819,44.5267073011424],[-112.137562245192,44.5258280824452],[-112.140049168174,44.5261753958013],[-112.140980353713,44.5263051102179],[-112.147121875697,44.5270148285165],[-112.148105830073,44.5268240745094],[-112.152203306595,44.5259273550256],[-112.153172168375,44.5256145120039],[-112.159207053149,44.5236533180703],[-112.162426497447,44.520467405218],[-112.162594345862,44.5198530835509],[-112.164173422434,44.51553010049],[-112.165508975615,44.5118786291319],[-112.165600250736,44.5107606941831],[-112.166248605301,44.5054151873118],[-112.166004243781,44.5044918258257],[-112.164898210155,44.5003481654749],[-112.164242448981,44.4957504180856],[-112.164044105458,44.4898248970678],[-112.164196840616,44.4851814123948],[-112.16473788064,44.4820832753147],[-112.165065941788,44.4802328125847],[-112.166332868173,44.4775885808278],[-112.16714161783,44.4750703315655],[-112.168743948192,44.4713616453811],[-112.169300847973,44.4701521132353],[-112.170780371449,44.4661153672585],[-112.171398882183,44.463650480474],[-112.17210055176,44.4617618224298],[-112.173764096919,44.4583888454651],[-112.176586350217,44.4523070094814],[-112.176960539855,44.4514942705008],[-112.178547779419,44.4491133356408],[-112.179042988296,44.4483732053868],[-112.179638646788,44.447735932586],[-112.185985925193,44.440925330076],[-112.189633161603,44.4371784034146],[-112.190067643469,44.4367282196626],[-112.193943543339,44.4364840111698],[-112.198895124559,44.4374760827808],[-112.204075153644,44.4407917749775],[-112.206585251364,44.4424018865305],[-112.210224367004,44.4435847326834],[-112.214047238425,44.4441036195429],[-112.217259221317,44.4433939250051],[-112.217915222342,44.4432489358422],[-112.223552995166,44.4427643909552],[-112.226871798525,44.4422721701273],[-112.229297744764,44.4422569269735],[-112.233662368574,44.4422263521466],[-112.237453904962,44.4433825045642],[-112.24001755934,44.4456450839507],[-112.241276394599,44.4469652413903],[-112.243313557169,44.45003293233],[-112.245174804454,44.4518834516771],[-112.247631699451,44.4528029637119],[-112.252735731063,44.4547107397379],[-112.253353389296,44.4547909141437],[-112.255970102667,44.4548596343341],[-112.256527323146,44.4548748491917],[-112.259159344708,44.4552945534007],[-112.260311749368,44.4561530241456],[-112.262913069209,44.4580875172419],[-112.263767344586,44.4583851323865],[-112.263988796371,44.4592817529104],[-112.264706179279,44.4622196973588],[-112.266109631621,44.4639252927582],[-112.266574956243,44.4644899853938],[-112.268543941175,44.4652377501957],[-112.269726512161,44.4656917685688],[-112.273533136652,44.4663557117437],[-112.276821498801,44.4660123340595],[-112.278629851486,44.4657757764191],[-112.279339223218,44.4656842048625],[-112.28373343394,44.4648371712514],[-112.284565779644,44.4645242074019],[-112.288776526537,44.462887402433],[-112.292889238487,44.4612200168207],[-112.294361637425,44.4603500713681],[-112.299328480123,44.4574159049943],[-112.303333612529,44.4550503058124],[-112.304203629085,44.4547756306536],[-112.30543968217,44.4539781558671],[-112.307896513386,44.4523832518556],[-112.31110851694,44.4519749512575],[-112.313351075707,44.4532074566224],[-112.314793200521,44.453997262574],[-112.316028766719,44.4549435160622],[-112.316562965174,44.4553518055242],[-112.318554765518,44.4580683368547],[-112.318905670824,44.4585491532902],[-112.322094487961,44.4628950357439],[-112.324276473329,44.4638565447697],[-112.325306073798,44.4643106123521],[-112.328663412188,44.4651499923797],[-112.33182937888,44.4659436276357],[-112.332462586053,44.4660237808482],[-112.333134129728,44.4661076619247],[-112.337604679283,44.4676758504382],[-112.341518687485,44.4694005188709],[-112.341999379587,44.4696942941123],[-112.344799383411,44.4711136738878],[-112.348911762086,44.4730633910171],[-112.351414015717,44.4733991946426],[-112.35273425352,44.4733762789559],[-112.353779406522,44.4733609811003],[-112.354664416859,44.4734106053679],[-112.360195344063,44.4737158576271],[-112.361119139162,44.4733685963752],[-112.365276505466,44.4718462696919],[-112.366276503752,44.4716096459495],[-112.371586480431,44.4702131451715],[-112.376133439785,44.4687480110675],[-112.376629428399,44.4685877517602],[-112.380527685541,44.4694768152125],[-112.38357973238,44.4699194193385],[-112.384465120009,44.469827781202],[-112.387630814511,44.4700987418107],[-112.391857477755,44.4707397424968],[-112.392796187582,44.4708808902322],[-112.395076922054,44.4718539351651],[-112.397587584814,44.4728573226842],[-112.40132545405,44.4746964556524],[-112.403415831919,44.4757227994538],[-112.406468200355,44.4768674145972],[-112.409008921643,44.4774512079724],[-112.409611540282,44.477397814379],[-112.412419237278,44.4771383040643],[-112.41408209343,44.4768674351085],[-112.419857622903,44.4756426653291],[-112.420444992639,44.4754938410402],[-112.425571694135,44.4742080788364],[-112.42989004303,44.4731244532419],[-112.430798237087,44.4733076222253],[-112.431385739775,44.4734258705187],[-112.431759588951,44.4738455740657],[-112.433895780002,44.4752992756158],[-112.436023967962,44.4777603137485],[-112.438625781876,44.4791033675257],[-112.444264252691,44.4792406704734],[-112.444820700619,44.4791987663072],[-112.451931455387,44.4786607548525],[-112.458225772717,44.4769437800177],[-112.461597683577,44.4764668276505],[-112.467220723133,44.4757571341004],[-112.471180642432,44.4755816134311],[-112.471714857955,44.4755587191132],[-112.475666594501,44.4777183316028],[-112.479443191007,44.4797786887588],[-112.480144784227,44.4801373937019],[-112.487332504852,44.481953479127],[-112.488720693919,44.4823045200592],[-112.49084135759,44.4824572263137],[-112.494801198736,44.4852158151775],[-112.496578551458,44.4862803309439],[-112.497762093523,44.4869899041899],[-112.499729679778,44.4875318064069],[-112.503444730009,44.4884628613851],[-112.506695279373,44.4892755208714],[-112.509900252711,44.4902293526375],[-112.511936498102,44.490729257102],[-112.517109484395,44.4919997685484],[-112.520642805444,44.4928657845139],[-112.521572550085,44.4930414524759],[-112.527332543195,44.4929460692815],[-112.531475395419,44.4921333449514],[-112.53233753914,44.4917479860429],[-112.541821572821,44.4875127170837],[-112.542416364438,44.4869900144189],[-112.543635965777,44.4857195450898],[-112.546749898454,44.4824838704897],[-112.549237015472,44.4800343506448],[-112.5500833722,44.4796146243096],[-112.553867969102,44.4777373843911],[-112.555744830005,44.4772413560818],[-112.556735554084,44.4769820777458],[-112.55949147129,44.4772985501486],[-112.564586729955,44.4778862491076],[-112.57037012328,44.4770467855875],[-112.574291417717,44.4757152069207],[-112.57742693691,44.4746506887481],[-112.578105977027,44.474681216474],[-112.579166812817,44.4744064695707],[-112.583576823108,44.473269409264],[-112.585644622722,44.4722621134278],[-112.589352024696,44.4704536086863],[-112.593441705639,44.4665998633183],[-112.595905785361,44.4642762562256],[-112.600437476949,44.4593389863777],[-112.601398952781,44.4577211921737],[-112.604793856021,44.4537645247991],[-112.607541582388,44.4497733529264],[-112.609699436312,44.447606267146],[-112.611141990521,44.446656150808],[-112.61528466937,44.4439204679497],[-112.616115984707,44.4436419558816],[-112.617817260006,44.4429093300125],[-112.623798792039,44.4403301204204],[-112.626888939124,44.4382047988044],[-112.633098758223,44.4339276652799],[-112.635075240494,44.4314017482969],[-112.635625435249,44.4280859376848],[-112.636059107732,44.4254381299459],[-112.636654674596,44.4237096262739],[-112.637165740534,44.422713805788],[-112.638874855431,44.4207869251892],[-112.640072602555,44.4184823850604],[-112.641117941509,44.4164410586344],[-112.643643393233,44.4141250031905],[-112.643902555396,44.4128392402995],[-112.644405887738,44.4104621968655],[-112.641492035926,44.4074173355651],[-112.64052229739,44.4064101365812],[-112.639897846097,44.4060513765504],[-112.637028083598,44.4043955498877],[-112.635067294895,44.4020795237898],[-112.634342602396,44.4012668242228],[-112.628139403881,44.3943188451473],[-112.625905509365,44.3906939026316],[-112.622378825069,44.3849861417777],[-112.62107594092,44.3822196966514],[-112.620609425132,44.3768628035251],[-112.620587950905,44.3736957710907],[-112.620579173466,44.3727839983155],[-112.621510753365,44.3685753784212],[-112.62288218975,44.3649584940392],[-112.625271240384,44.3598989920846],[-112.627765940081,44.3580293892208],[-112.630069851087,44.356300989394],[-112.630955915147,44.3558430283423],[-112.632381934067,44.3553852127277],[-112.635944874368,44.3542367263806],[-112.639576961589,44.3521190823187],[-112.641910031909,44.3505701878488],[-112.643390963944,44.3494597482188],[-112.646061799014,44.3478151741332],[-112.647785649874,44.3466629451692],[-112.652279401116,44.3451214749005],[-112.654263415761,44.3453809369458],[-112.657406338869,44.3455297438508],[-112.662999225574,44.3490285184124],[-112.667118671295,44.3520810213347],[-112.670116804843,44.3543092639323],[-112.683361351593,44.3651186073367],[-112.684330417291,44.3659084650715],[-112.686855801642,44.3698384180381],[-112.687702260778,44.3712577909727],[-112.689762347456,44.3756379925629],[-112.690144098214,44.3772443427971],[-112.690510993532,44.3788162233206],[-112.691311436468,44.3833644244236],[-112.691883892374,44.3863900593297],[-112.692005864725,44.3870387180067],[-112.694210489434,44.3906596482835],[-112.696728343208,44.3919340490521],[-112.69734630597,44.3917737792608],[-112.698527833114,44.3912321198873],[-112.703060291863,44.389164036345],[-112.706738130282,44.3874851636742],[-112.707631233541,44.3871264346035],[-112.708735890947,44.3869053196836],[-112.711208007897,44.3864093069013],[-112.713841165827,44.3875194815081],[-112.717884006814,44.3883780358066],[-112.719518260607,44.3893775941811],[-112.720891157652,44.390213161352],[-112.727223534803,44.3964401474567],[-112.731564254443,44.3979473108639],[-112.734188255846,44.3988592501815],[-112.734722032093,44.3990004541861],[-112.741239045375,44.3990689665768],[-112.741848467853,44.39907672825],[-112.745593736512,44.4002443172159],[-112.748866391619,44.4010303881581],[-112.752865518787,44.4025144339997],[-112.75431549847,44.403514040378],[-112.755932917834,44.4046358711109],[-112.758479962363,44.4074212963865],[-112.759122632389,44.4081193215029],[-112.759709362525,44.4092869578159],[-112.760288847749,44.4100844728174],[-112.765264138204,44.4114808233405],[-112.768466516309,44.4120495446309],[-112.771755438109,44.4126294340211],[-112.773396104974,44.4133047477585],[-112.776844189377,44.4147279672794],[-112.778424636779,44.4155824977094],[-112.785206633307,44.4196728025829],[-112.788083108915,44.422652712655],[-112.791493474856,44.4266170039389],[-112.792255530085,44.4274794861133],[-112.793843136161,44.4289330874048],[-112.795345783171,44.4303143016021],[-112.796444677885,44.4310774069208],[-112.798557492976,44.4326800206156],[-112.802556602178,44.4347402413653],[-112.807058028625,44.4370562498854],[-112.807667392713,44.4373691954735],[-112.809980038937,44.4394562001454],[-112.810535814027,44.4399599767695],[-112.811901750925,44.4416922354561],[-112.813900658739,44.4439891624508],[-112.815235467217,44.4471026500855],[-112.815578170904,44.4503688511331],[-112.815747448538,44.4549929892715],[-112.815868965443,44.4581866884759],[-112.816722934495,44.4620938128219],[-112.818585231012,44.4640129588119],[-112.819439695036,44.4652186349858],[-112.827404882387,44.4745552004822],[-112.829365040473,44.4782181792024],[-112.830708218554,44.4807210902671],[-112.830868615443,44.4812018521603],[-112.830761852468,44.482266371954],[-112.830105403184,44.4888481990628],[-112.827633439846,44.4907063437356],[-112.823375426298,44.4949912949226],[-112.822324142294,44.4968111040047],[-112.821080224459,44.5019658731364],[-112.818188278963,44.5065064064515],[-112.815564616225,44.5104515621246],[-112.81523662245,44.5124241403984],[-112.815845512228,44.5140306405712],[-112.816075924708,44.5144845002833],[-112.821172382624,44.5165754186732],[-112.832470296323,44.5215128391451],[-112.836765644753,44.5237220365925],[-112.839588409192,44.5253894159783],[-112.842411244598,44.5267706396564],[-112.847066519216,44.5289339057235],[-112.848132715254,44.5294911847697],[-112.854733162263,44.5347374056259],[-112.854518844897,44.5356264803029],[-112.852750063899,44.5430131478629],[-112.845868090271,44.5479542871741],[-112.844166445764,44.5492210783646],[-112.844738982519,44.5524222844409],[-112.850002921437,44.5556311225315],[-112.855610354561,44.5587256162706],[-112.857212292359,44.5596069561648],[-112.859844696603,44.5606562511516],[-112.861249427248,44.5612208028803],[-112.86372064678,44.56221674708],[-112.865696027717,44.5635560556713],[-112.86766437215,44.5648953308698],[-112.868741323716,44.5655972636018],[-112.870236169757,44.5666084286761],[-112.870685522333,44.5672800522228],[-112.872532445981,44.5700156071023],[-112.871594280532,44.5763760981768],[-112.8752401533,44.5784289598471],[-112.875843313623,44.5788639173791],[-112.878474941722,44.5807602612095],[-112.883137296862,44.5832631720909],[-112.884258773425,44.5838622430855],[-112.887890804053,44.5856745210751],[-112.891269116308,44.5887652633137],[-112.891995768931,44.5905698307048],[-112.892422598049,44.5916496413438],[-112.890240686343,44.5952553918641],[-112.888187783492,44.5965144866131],[-112.880580566697,44.6033099863315],[-112.878682142634,44.6050077969083],[-112.877606177418,44.6058624795961],[-112.873614807202,44.6077245529847],[-112.869947059559,44.6094374979647],[-112.86628407658,44.6111469506333],[-112.86510917002,44.6116926101034],[-112.864467902264,44.6120970625159],[-112.862446861758,44.6133561075592],[-112.859166705719,44.6165572921268],[-112.858044222144,44.6208727415123],[-112.857792604033,44.6218342044578],[-112.858273683309,44.6244287498803],[-112.860653289055,44.6282367173381],[-112.865864561546,44.6327962211416],[-112.869953092644,44.6363714850801],[-112.87294526677,44.6452118591779],[-112.87440957009,44.6495425108541],[-112.874729819489,44.6504925874596],[-112.875935319973,44.6540524998035],[-112.877224528169,44.6568301887567],[-112.876041173852,44.6599666374375],[-112.875186698151,44.6623818725102],[-112.875073558036,44.6650067595093],[-112.875584270038,44.6653807212757],[-112.878849124174,44.667776974645],[-112.881366658148,44.6694634839418],[-112.881833595246,44.6697761629082],[-112.886448592102,44.6728744405694],[-112.886997320807,44.675919279023],[-112.887401695635,44.6781589992502],[-112.889355229544,44.6799866185006],[-112.891521679447,44.680864190037],[-112.896595881601,44.6829130611809],[-112.900898553996,44.6846491491473],[-112.902164866831,44.6851337490354],[-112.90732210386,44.6881556536979],[-112.907002196719,44.6946382014797],[-112.906842046867,44.6977859570505],[-112.906567304324,44.6996936744481],[-112.906751103224,44.7042570139967],[-112.906909302834,44.7082330078396],[-112.906887040785,44.7092555057961],[-112.907993524466,44.7128955571899],[-112.909169737177,44.715810420428],[-112.910740367789,44.7181418073786],[-112.911136020875,44.7185539825073],[-112.916135484994,44.7207094839787],[-112.919186315514,44.7220259559358],[-112.921688890742,44.7231095330292],[-112.924022818054,44.7241169925285],[-112.925160235223,44.7267533771803],[-112.92686933934,44.7307215547921],[-112.92752511848,44.7322439595541],[-112.932858860988,44.7374100815946],[-112.933255293811,44.7378069185102],[-112.936909050194,44.7398330091622],[-112.94132626138,44.7432937679248],[-112.944036121063,44.746948874727],[-112.943706636085,44.75020365456],[-112.938999121738,44.75728532082],[-112.938793682422,44.7597462178898],[-112.941295951324,44.7629207801587],[-112.946729390659,44.7649504979867],[-112.96478701009,44.7700901645572],[-112.968228765862,44.7706318592869],[-112.976467823492,44.7721809943737],[-112.977559025034,44.7723870290844],[-112.980480292439,44.7740201284355],[-112.985660919802,44.7767596991472],[-112.987003674776,44.7777058881317],[-112.99228353813,44.7821127767247],[-112.998500220358,44.7877027370915],[-113.003597343026,44.7922812865446],[-113.01294339009,44.7955740461137],[-113.018292042835,44.7974626505548],[-113.02146471545,44.7984739049403],[-113.027341323359,44.8003814533934],[-113.029240160647,44.8008928426615],[-113.036953073218,44.8021024283795],[-113.043301463738,44.8032011403145],[-113.044544533564,44.803666745986],[-113.046375869644,44.8049448959779],[-113.053584651272,44.810198987925],[-113.054150290762,44.8104125581799],[-113.061031011241,44.8088444829486],[-113.063114410997,44.8082720910783],[-113.066090485516,44.8072914151804],[-113.068783235886,44.8064024369879],[-113.070957767931,44.8059483639838],[-113.075703245082,44.8050326576928],[-113.078189910247,44.8045557778104],[-113.081211691946,44.8038651230889],[-113.085148283794,44.802579306871],[-113.08590344086,44.8023312903407],[-113.0877650322,44.8006257704843],[-113.091068975627,44.7977488415466],[-113.092091422813,44.7968559884767],[-113.102108842871,44.7918766960766],[-113.104550062267,44.7907778896215],[-113.125332469584,44.7814412556054],[-113.129139791168,44.7792893244394],[-113.129948305466,44.7788963578346],[-113.135212164435,44.7763438041432],[-113.136310015306,44.7761302212799],[-113.142856736773,44.7748480978728],[-113.151043155822,44.7755273001107],[-113.155490802829,44.777011507503],[-113.156216260692,44.7773663040118],[-113.158146253351,44.779144407499],[-113.158543545862,44.7795564194842],[-113.159671886453,44.7817351385945],[-113.160069848208,44.7838946291178],[-113.159388791374,44.7859475852337],[-113.156652117878,44.7881030641977],[-113.155651570722,44.7888930293583],[-113.153492681939,44.7903123788461],[-113.153005159946,44.7914683707743],[-113.153561400363,44.7949673080822],[-113.15609492884,44.8017893951919],[-113.15635448716,44.8022624825064],[-113.160732816566,44.8058682844083],[-113.161785342042,44.8067344348077],[-113.163448368873,44.8079859720419],[-113.167416402654,44.8101759977599],[-113.170087297013,44.8116524972389],[-113.171841122858,44.8126714331996],[-113.177815564488,44.8161510853193],[-113.179333413688,44.8169332644442],[-113.181034620715,44.8179596333067],[-113.182506720514,44.8191425069346],[-113.186687257064,44.8225040044756],[-113.187824100209,44.8234197296662],[-113.189976680123,44.8245871704538],[-113.19375339341,44.8262125682762],[-113.197612902621,44.8259799680892],[-113.2031299796,44.8260255497083],[-113.208600348676,44.8266856954724],[-113.215328723866,44.8274946765378],[-113.216343942308,44.8275518466971],[-113.220844893547,44.827452691957],[-113.225353903572,44.8273534848028],[-113.229428444309,44.8279943804079],[-113.229976620549,44.8280822981821],[-113.23138796998,44.8294520760344],[-113.23120485919,44.8317795379224],[-113.230983755052,44.8345534732448],[-113.230724262309,44.8377851612249],[-113.230679168679,44.8383307121262],[-113.231862287637,44.8402003024405],[-113.233258242639,44.8409786487899],[-113.235013352177,44.8415700031186],[-113.237606933031,44.8426155838261],[-113.240765143668,44.8432107550992],[-113.243382578386,44.8441722217702],[-113.244038197627,44.8444736901646],[-113.247204622459,44.8460418651953],[-113.250142163744,44.8477053943317],[-113.256726517434,44.8526998845079],[-113.261952327361,44.8567863693451],[-113.262684847779,44.857526596053],[-113.266346115875,44.8661802818529],[-113.267041005866,44.8678208548741],[-113.268834145581,44.8709648483099],[-113.270290700932,44.8735136429617],[-113.27160264998,44.8762685614276],[-113.272014976696,44.8765699261055],[-113.275204477451,44.8788744243843],[-113.277660851426,44.8803968465664],[-113.279681980865,44.8817590307584],[-113.282543951376,44.8834988782188],[-113.283268680706,44.8840674011028],[-113.284184019065,44.8854028816873],[-113.283100163946,44.8882378008143],[-113.282940525235,44.8887681193092],[-113.281437791986,44.8908475142043],[-113.279865124893,44.8951248837506],[-113.281780856797,44.9001803658009],[-113.282872195781,44.9013173778022],[-113.285664703165,44.9043811591089],[-113.286175447506,44.904938335351],[-113.288831023793,44.9061782911752],[-113.292584389866,44.908261538734],[-113.294795761821,44.9094864923593],[-113.298366618974,44.913519485279],[-113.30022882027,44.9185558429467],[-113.3014870842,44.923023896747],[-113.302494693912,44.9266028072113],[-113.303546922943,44.9303344682967],[-113.302548619778,44.9327877087428],[-113.301273572623,44.9345429948479],[-113.297374842968,44.9367979618804],[-113.294597705759,44.937034558162],[-113.282390910791,44.9380722901672],[-113.279285520194,44.938335614576],[-113.275960186981,44.9381982098037],[-113.270953932496,44.9384539494138],[-113.268009488557,44.9386332030758],[-113.262012730979,44.9400106338538],[-113.255535827475,44.9431621966158],[-113.253376866826,44.9455697918699],[-113.25284275461,44.9461650214044],[-113.252200874203,44.9491679453357],[-113.252293631544,44.9509916121418],[-113.25245368348,44.9541852671887],[-113.253605011061,44.9624268048198],[-113.254085368091,44.964811608068],[-113.254558336478,44.9687682832763],[-113.254796087296,44.9742358444446],[-113.253246734179,44.9793028938969],[-113.252994305788,44.9839616830744],[-113.251735645701,44.987010360933],[-113.249065965864,44.9888149557162],[-113.246654204922,44.9908678474348],[-113.245243155528,44.9954121036642],[-113.247372004648,44.9993305818894],[-113.249951649937,45.0034894323384],[-113.252148382048,45.0070378997641],[-113.253688691825,45.0095219176367],[-113.253902638186,45.0131008295582],[-113.253940689025,45.0136884344638],[-113.254399348147,45.0211782455388],[-113.255177231691,45.0220710648073],[-113.257877516231,45.0238300378878],[-113.259701657705,45.0250166177931],[-113.261067317024,45.0257606240882],[-113.263241993698,45.0278592023712],[-113.263278786896,45.0283592168939],[-113.263386277506,45.0296640172393],[-113.262509358295,45.033132260017],[-113.262089398595,45.0335367941223],[-113.259304184633,45.0382833344068],[-113.257863040779,45.0404199096524],[-113.258029962132,45.0428695947783],[-113.261486701803,45.0474862732277],[-113.266086672539,45.0484593325591],[-113.26967293041,45.0492147480139],[-113.270496195045,45.0493865023424],[-113.278271304272,45.0491079087868],[-113.28730518318,45.0491078840351],[-113.287907799124,45.0491421347299],[-113.29041727521,45.0501266187669],[-113.292400950291,45.0509775477265],[-113.295406447331,45.0522672245667],[-113.295612327719,45.0537628729652],[-113.295573927436,45.0564300176704],[-113.294231757265,45.0596120339825],[-113.295413676972,45.0617602974608],[-113.29599402907,45.0628171070031],[-113.298458087233,45.0648660991234],[-113.303829278708,45.066956987487],[-113.304317370233,45.0671211175164],[-113.316067831816,45.0701161501942],[-113.321140362206,45.071409722092],[-113.321842464771,45.0715737238729],[-113.32824434727,45.0749389306736],[-113.328534150069,45.0798419141304],[-113.328083709633,45.0808340065214],[-113.326877867789,45.0822572231634],[-113.326153752009,45.0831156418218],[-113.324383197736,45.0850082054123],[-113.321796520435,45.0876943838717],[-113.32018010449,45.0893731157818],[-113.319400500672,45.0900142434105],[-113.316395108735,45.0925782729153],[-113.314716126927,45.0938488349499],[-113.312672346468,45.0971987480304],[-113.314784688146,45.0994271766591],[-113.322696586536,45.1022163222843],[-113.323947693588,45.1025177510459],[-113.331051972402,45.1037309129911],[-113.336292805753,45.1029450156692],[-113.33687967423,45.1028571364394],[-113.338924668313,45.1020102832053],[-113.343960692966,45.0999230425772],[-113.346630487787,45.0988166299546],[-113.350292730555,45.0985533069723],[-113.351864650249,45.0984426455679],[-113.354831645496,45.0988738505964],[-113.358394654967,45.1004458390818],[-113.360753229356,45.1022199257074],[-113.361668391645,45.102727512791],[-113.364277542998,45.1045781306396],[-113.365307732762,45.1053067215985],[-113.368236873901,45.1067147618652],[-113.374279344947,45.1095192015006],[-113.377857877306,45.1125333850162],[-113.379467205544,45.1135904258753],[-113.381259740693,45.1187032027109],[-113.37964300315,45.1221370814422],[-113.379314615913,45.1228391812432],[-113.377483251985,45.1251094524588],[-113.373996720585,45.1296155625927],[-113.376660500287,45.1325915738596],[-113.377094647081,45.1330723864519],[-113.380994098084,45.1346138122192],[-113.386174225085,45.1370290549532],[-113.386859734868,45.1373610618687],[-113.392566697732,45.1403218986474],[-113.393017219915,45.1405812270693],[-113.396983892749,45.1437635677099],[-113.398632773809,45.1460375235454],[-113.399243280554,45.1468769169748],[-113.400211420987,45.1512649034089],[-113.399960286169,45.1521919953774],[-113.398563179527,45.1573355092262],[-113.398220174904,45.1585869154968],[-113.396648749283,45.1612348016423],[-113.39590142912,45.1625396743946],[-113.396954327396,45.1675990202326],[-113.397212839179,45.1681906048296],[-113.399723166867,45.170960583274],[-113.400738284698,45.1720747050928],[-113.404164341512,45.1747759438304],[-113.407712052674,45.1772408411327],[-113.410252850318,45.1791142718622],[-113.410695263409,45.1794119199607],[-113.414127269766,45.1818387191703],[-113.416705985298,45.1836587253691],[-113.418987076401,45.1852689113574],[-113.426959995552,45.1901527728671],[-113.430973633207,45.1926136809026],[-113.43852663937,45.1972571104894],[-113.444943331495,45.2016374051721],[-113.454036851352,45.2125957023032],[-113.455685803379,45.2153961204197],[-113.457470953478,45.2196084786723],[-113.459576847948,45.2245953499814],[-113.463208314433,45.2279836002213],[-113.469119911722,45.2330468888807],[-113.475743142701,45.2360915782862],[-113.482281732618,45.237308766949],[-113.48519560599,45.2383618989523],[-113.493443673722,45.2450656992882],[-113.494061135224,45.2455694102481],[-113.496571125146,45.2501670754758],[-113.496891369155,45.2507585570369],[-113.498349104893,45.2553141899149],[-113.49917283755,45.2578897322744],[-113.496922219099,45.2602247686068],[-113.496547427589,45.2606141357018],[-113.494412175278,45.2606025631814],[-113.49345873847,45.2605949179313],[-113.492442873241,45.2605912151285],[-113.491245464781,45.2605834023149],[-113.489232253991,45.260571996718],[-113.486812822335,45.2623843829544],[-113.48845404346,45.2663220504251],[-113.488857053748,45.2672912528846],[-113.489834048874,45.2685656320175],[-113.494365561698,45.273083154658],[-113.497784218191,45.2752121492384],[-113.504413692461,45.2797336003843],[-113.509265877789,45.283053231152],[-113.513561937685,45.2859872858694],[-113.517910185207,45.288959644375],[-113.518520532052,45.2895700530232],[-113.520565331201,45.2967966077695],[-113.521359429336,45.2996010733404],[-113.527531802162,45.3025237171814],[-113.533436573153,45.3052747363705],[-113.535572591727,45.3060302741844],[-113.539921797752,45.3098609641209],[-113.540546735034,45.3106279740685],[-113.543431478736,45.3155651491906],[-113.545131922195,45.3184727146143],[-113.545360785082,45.3212962140654],[-113.545696833151,45.3253292577729],[-113.544331309478,45.3317201989243],[-113.543217145201,45.3336394287601],[-113.54174445431,45.336180574167],[-113.540363950331,45.3385538093443],[-113.540416949136,45.3410797242944],[-113.538632205076,45.3443267040105],[-113.53897452159,45.3469289905792],[-113.540806051707,45.3497829044782],[-113.541134884508,45.3502979524154],[-113.541927485151,45.3517632853417],[-113.543431319734,45.3536556260732],[-113.542888803778,45.356521203837],[-113.542736885189,45.357307090936],[-113.54108063435,45.3591577473691],[-113.540081562227,45.3602756993036],[-113.539715163677,45.3630762693542],[-113.539639368325,45.3636485221241],[-113.539967723222,45.365418989257],[-113.540677297075,45.3677044425984],[-113.541127330575,45.3691543488264],[-113.540883375093,45.370737715114],[-113.54044831112,45.3735307771159],[-113.540310162805,45.3763048084667],[-113.540241869284,45.3777279346682],[-113.542591803677,45.3800935320994],[-113.54386636664,45.381375479232],[-113.547016050469,45.3834321568693],[-113.550189927725,45.3852751157157],[-113.551663113587,45.3861182262876],[-113.555553576047,45.3884916117002],[-113.558506012297,45.3903001018017],[-113.561253739562,45.3919787291291],[-113.561824702469,45.3922766363915],[-113.567639555694,45.3934249251034],[-113.568287610221,45.3934211458114],[-113.569103634435,45.3934173091139],[-113.570187556928,45.3932303035395],[-113.570881674369,45.3932608603244],[-113.572819455421,45.3933486188092],[-113.576733150111,45.3937110863518],[-113.580447917372,45.3957486485049],[-113.581241883455,45.39644687734],[-113.58144077495,45.4037802338334],[-113.580876326626,45.4041885859801],[-113.575925145157,45.407767524504],[-113.571109559888,45.4096600539801],[-113.568263835409,45.4107780746743],[-113.567601247936,45.411113654468],[-113.565990726736,45.4131780041241],[-113.569050291575,45.4175238583449],[-113.569607047625,45.4176841342756],[-113.573208136681,45.418721943983],[-113.578944883189,45.4209922711182],[-113.58044863333,45.4226252020974],[-113.580945052237,45.4233387697055],[-113.580875537906,45.4297564798564],[-113.580838124871,45.4329347494821],[-113.584538303492,45.4371089494134],[-113.586551559198,45.4393793697565],[-113.586888230698,45.4397568711148],[-113.586842183955,45.4442554729833],[-113.586583009216,45.4449423085084],[-113.584973419568,45.4463386940686],[-113.583194708593,45.4478765334407],[-113.581966382816,45.4489409614112],[-113.581448052202,45.4512112364747],[-113.580333825941,45.4560454620321],[-113.579632495928,45.456911622938],[-113.578861227578,45.4578120585672],[-113.574092608029,45.4604640447948],[-113.571430617771,45.4621426573816],[-113.568753426222,45.4650272044244],[-113.56705129932,45.4668511079956],[-113.566556254834,45.4675491891826],[-113.566349858813,45.4682131280911],[-113.565197710172,45.47185707303],[-113.56568525103,45.473562594777],[-113.567410002901,45.4774086774349],[-113.56888225721,45.4798582799711],[-113.569682876215,45.48185771027],[-113.572452588849,45.4868331096874],[-113.57407104397,45.4908392369797],[-113.574482765221,45.4918542237759],[-113.574970284519,45.4953302718472],[-113.575709998646,45.4994471952181],[-113.576435964058,45.5034686840469],[-113.576535390492,45.5040409630744],[-113.578021953167,45.5069180678758],[-113.579746989804,45.5094056278762],[-113.584561224007,45.5110845082356],[-113.585147893057,45.5112028509907],[-113.588551622245,45.511622452052],[-113.592350931755,45.5117330564147],[-113.593578005281,45.5117714424359],[-113.598750939471,45.5111875274023],[-113.607174177786,45.510523629023],[-113.609265338986,45.5105464239308],[-113.619015524621,45.5103022283585],[-113.620151987778,45.5102718910418],[-113.626826971599,45.5095241340623],[-113.632427996142,45.5080740650324],[-113.637508208924,45.5056626543025],[-113.640506771867,45.507307167433],[-113.639377435943,45.5091043114993],[-113.638737549797,45.5101305970289],[-113.635869257841,45.5146901285616],[-113.634777414003,45.5204630982008],[-113.633816368465,45.525560565472],[-113.63036086218,45.5310281845189],[-113.630016798443,45.5315700582364],[-113.627208887647,45.536961525894],[-113.626522353785,45.5382816872488],[-113.626011999312,45.5392851229923],[-113.621357013952,45.5483584546685],[-113.621350366418,45.5504454781634],[-113.621784622807,45.5579697636923],[-113.620609923757,45.5591106455531],[-113.618840219291,45.56083135895],[-113.618037859351,45.5615831882292],[-113.615620081493,45.5625217671133],[-113.613277936392,45.5634298480823],[-113.612370580463,45.5637998054663],[-113.610409836675,45.5646430889084],[-113.607395604418,45.5677070383109],[-113.605152037742,45.5693668448474],[-113.604046179288,45.5707861241799],[-113.6039399562,45.5725869954608],[-113.605549821631,45.5756738604481],[-113.607243258231,45.578924716207],[-113.609753674853,45.5825112444964],[-113.613018422988,45.5871854195297],[-113.614147545113,45.5882613054318],[-113.615772800481,45.5898103694642],[-113.618817650917,45.5927063143511],[-113.623165769081,45.5961136181429],[-113.625278164658,45.5977696711532],[-113.627911787018,45.5984372272608],[-113.632427752698,45.5995819753388],[-113.635647898582,45.5990057840176],[-113.639629145683,45.5985405087934],[-113.640186848557,45.5985251008936],[-113.648060194848,45.5983381561069],[-113.651859458544,45.6016156621497],[-113.652691207767,45.6023292045441],[-113.660328700483,45.6089148126791],[-113.667949484534,45.6106013372592],[-113.668766734948,45.6105821440498],[-113.670169647402,45.6105479081941],[-113.670750681321,45.6104485473666],[-113.671383663017,45.6104523799855],[-113.673291297506,45.610086085001],[-113.676571258611,45.609471942416],[-113.681034872273,45.6079227826172],[-113.684498472378,45.6069574588134],[-113.68613124395,45.606331712258],[-113.690968420227,45.6044849497547],[-113.69519461994,45.6047063058139],[-113.69784248958,45.6048435072175],[-113.699413260329,45.6049237569869],[-113.701786661412,45.6050763991575],[-113.705716080213,45.6059996497551],[-113.70917980159,45.6068543932475],[-113.711537488444,45.6092504442877],[-113.71214744003,45.6098725172898],[-113.713352042199,45.6122801888703],[-113.712620754269,45.6140618875337],[-113.712437346136,45.614641882856],[-113.710972399621,45.6157598163188],[-113.70952349612,45.6168701567565],[-113.707645099098,45.6183048761328],[-113.706790962061,45.6200028328935],[-113.705127979247,45.6232993810085],[-113.70288479166,45.6289158385907],[-113.701923746121,45.6313234105624],[-113.701604032118,45.6338453468947],[-113.703647549371,45.6359783584089],[-113.705029474485,45.6374282787154],[-113.706653781232,45.6385577869517],[-113.711155552633,45.6414918311886],[-113.71295545756,45.642667032236],[-113.715244887724,45.6441587936225],[-113.717122185208,45.6451393312008],[-113.719120172249,45.6465207317606],[-113.720852526562,45.6472761316321],[-113.723698511553,45.6491343513654],[-113.725566880681,45.6503706282965],[-113.727550671646,45.6519082945715],[-113.72896313409,45.6530260374655],[-113.730686294146,45.6547318254599],[-113.733012928037,45.6570821810977],[-113.736394172393,45.6611951762767],[-113.737042052647,45.662015596548],[-113.738323644927,45.6661669581458],[-113.73916305678,45.6688835693448],[-113.739659091208,45.6705050531908],[-113.739826990826,45.6737825862763],[-113.739811476023,45.6770869661449],[-113.739583061396,45.6783193044895],[-113.740253170462,45.6819097973977],[-113.721295437319,45.6938904963932],[-113.7302061051,45.7128537078482],[-113.73291456431,45.7248192568012],[-113.719173224953,45.7396121121818],[-113.69815479338,45.756518710538],[-113.685544232642,45.7608111636601],[-113.67038333954,45.7499294180538],[-113.654164312781,45.7339917363358],[-113.638257317632,45.7391120833599],[-113.617343797606,45.7395358997855],[-113.614842335391,45.7509250394901],[-113.609493272116,45.7672786055598],[-113.591076056179,45.7700448357276],[-113.587094155104,45.771322942702],[-113.580105068158,45.780770242514],[-113.567210860775,45.7905382161007],[-113.547732955473,45.801511582916],[-113.521062138181,45.8123169802826],[-113.501125863911,45.8191622635871],[-113.482884245255,45.8178000234451],[-113.465702212833,45.8214973382452],[-113.444973837384,45.817777131672],[-113.429355423325,45.8292962828391],[-113.425343494266,45.831028420739],[-113.421146512258,45.8364161085267],[-113.409435578344,45.8480306055707],[-113.396794215273,45.8522886768054],[-113.374454961093,45.8544749949629],[-113.347973618257,45.8606714356199],[-113.352238535359,45.8667342847031],[-113.359898017036,45.8829579846778],[-113.350521539542,45.8996624417325],[-113.336521330874,45.9171680954354],[-113.333912378947,45.9294693885363],[-113.329823270231,45.932571446794],[-113.321781906642,45.9360282543733],[-113.298076789226,45.9262567765363],[-113.28899831615,45.937016546406],[-113.278721697097,45.9454488627065],[-113.283467196706,45.9671020284215],[-113.266918686765,45.9703376966106],[-113.244670962828,45.9697539743529],[-113.233006167286,45.9795254875121],[-113.211476190972,45.9899532097754],[-113.205547823035,46.0026247029878],[-113.183758235401,45.9937993849945],[-113.166668646808,45.9947150666548],[-113.146167901757,45.9978324261225],[-113.133937942832,46.0057458185864],[-113.108486241788,46.0270518948288],[-113.09573821276,46.0441148548986],[-113.085674527668,46.0479609413007],[-113.074733865872,46.0439966251722],[-113.055027558519,46.0329162792711],[-113.032841253296,46.0309245955521],[-113.009617029204,46.0357741660372],[-112.965816632119,46.0446299978469],[-112.938832065638,46.0461524156091],[-112.905537515208,46.0433708591967],[-112.887005237659,46.0350453786608],[-112.855938043807,46.028188919344],[-112.830212467095,46.0196495467681],[-112.809307481962,46.0075773659957],[-112.785602890958,46.0091722595249],[-112.768421617613,46.0114119777676],[-112.752865115444,45.997660735014],[-112.731433917879,45.994268710294],[-112.741207909767,45.9739433027874],[-112.744023177765,45.9708221865386],[-112.742740976427,45.9593298926285],[-112.730511229504,45.9452161530092],[-112.73090818335,45.9282751337902],[-112.733845143425,45.9123300618966],[-112.712101189309,45.9038862804337],[-112.695538208408,45.9175878416442],[-112.673603651551,45.9123376845212],[-112.6574669491,45.9191789079524],[-112.634365894813,45.9221358952288],[-112.619702075491,45.9157296685818],[-112.585896250714,45.9119331302108],[-112.571804861248,45.9069119572591],[-112.565174877632,45.8979988868151],[-112.557728201457,45.8918099592135],[-112.535038598926,45.8782725300848],[-112.505527656354,45.8690924265309],[-112.476383655812,45.8640444114762],[-112.458828420102,45.8726484196213],[-112.438412469725,45.8843581973516],[-112.420208362919,45.8823971129205],[-112.413036524507,45.8720874888265],[-112.399891553312,45.8432573558196],[-112.402828753237,45.8286972405305],[-112.381611648459,45.8133434681839],[-112.366436823386,45.8055216425941],[-112.359722831122,45.7888096330476],[-112.349858084237,45.770163112128],[-112.32638212705,45.7693885386368],[-112.31338168041,45.787737451093],[-112.308758129796,45.7981195147705],[-112.29027248559,45.8007140795277],[-112.267841975154,45.8036291777454],[-112.260044663166,45.8125269594722],[-112.261463988739,45.829983053225],[-112.259068277996,45.836316876977],[-112.251728721426,45.8383618926153],[-112.233204319407,45.8413991878511],[-112.223591764657,45.8575732449848],[-112.209278489519,45.8754109363039],[-112.213581447577,45.8888453772125],[-112.228031457082,45.8975829329382],[-112.228115481002,45.9154549483458],[-112.238682273857,45.9236010853696],[-112.238995396921,45.93827565611],[-112.248211287083,45.946833900288],[-112.242588486479,45.9622296499845],[-112.249454880626,45.9862904996435],[-112.249348478774,45.9972829958508],[-112.256237249056,46.0021020224532],[-112.251972756858,46.0070011798524],[-112.251812465072,46.0189094217607],[-112.267102091245,46.0253805149017],[-112.275997577497,46.0298027685387],[-112.278416047058,46.0326339492967],[-112.27364740056,46.0448513490345],[-112.27274771804,46.0484913490887],[-112.279621252895,46.0629293179709],[-112.282657830744,46.0666952974737],[-112.285076907566,46.0695264270505],[-112.29880197484,46.0800688047366],[-112.301235782236,46.0828997723419],[-112.304928685402,46.096315198965],[-112.315297039513,46.1081205888185],[-112.318386504777,46.1109708232213],[-112.320782243367,46.1142597938132],[-112.321262680348,46.1170261430761],[-112.320782115807,46.123886455329],[-112.319958421777,46.1266145087755],[-112.316997916858,46.131555663021],[-112.317455390205,46.134321983069],[-112.321170964154,46.1376566465024],[-112.322956410697,46.140464972697],[-112.318882116099,46.1522511275401],[-112.317318578584,46.1558720658349],[-112.316952343527,46.1613588858441],[-112.32066755815,46.1646936556375],[-112.326443190031,46.166715794338],[-112.331028684416,46.1668684546765],[-112.340008401202,46.1607445850564],[-112.342808412213,46.1580850630385],[-112.346706999036,46.15867265629],[-112.349804183523,46.1615229304749],[-112.353641851994,46.1630261958367],[-112.358357233786,46.161343470839],[-112.372738637156,46.1627286170283],[-112.377194170473,46.164712725528],[-112.37888749658,46.1688945646444],[-112.379338028644,46.1721149204924],[-112.379147030645,46.1748620129757],[-112.384701527846,46.1800853912996],[-112.385845535953,46.182874716417],[-112.383373900501,46.1901318353777],[-112.381893544286,46.19283321773],[-112.379765173969,46.1950575841646],[-112.378178344037,46.1991326961418],[-112.381214949734,46.2028985293552],[-112.39922768574,46.2089844252447],[-112.401577634506,46.2131890886984],[-112.394466661447,46.2212132483341],[-112.391682405987,46.2234186493597],[-112.38827193135,46.2251432759869],[-112.382878202042,46.2272570548204],[-112.378483637384,46.2339953029618],[-112.373051212247,46.2462012408036],[-112.369373743036,46.2520466644752],[-112.365307681498,46.2537445931535],[-112.361347466652,46.2637069570895],[-112.361698882202,46.2683046728936],[-112.368496290226,46.2749437416901],[-112.37228808443,46.2773665511617],[-112.375385428818,46.2802169121353],[-112.371106026382,46.2851235924708],[-112.362423403123,46.2967685617519],[-112.353138175598,46.3074712488811],[-112.345226815298,46.3173038280662],[-112.340267781655,46.3226456931751],[-112.335491670156,46.3247861464274],[-112.326458707529,46.3221914761535],[-112.323475065602,46.3175099346321],[-112.314953251559,46.3167696770245],[-112.309254403177,46.3230119213743],[-112.303898333941,46.3242099915755],[-112.291966124311,46.3155486701352],[-112.286342737108,46.3112372319066],[-112.281231198275,46.3087723020804],[-112.275418024002,46.3072040475262],[-112.270817457683,46.3070514506979],[-112.259922786935,46.31219487597],[-112.255695871265,46.3161858838114],[-112.253468180515,46.3197802209322],[-112.253277304686,46.3225273692113],[-112.257572765406,46.3272547964936],[-112.260387844758,46.3342335022352],[-112.258846955568,46.3373927293726],[-112.240902476252,46.3395484462691],[-112.23427249084,46.340242954924],[-112.236011619349,46.3435128729693],[-112.235767769868,46.3471758215988],[-112.233578502757,46.3503120910619],[-112.226666340345,46.3546693980557],[-112.222637445703,46.3559095626157],[-112.220371585536,46.3599655344464],[-112.214413210275,46.3698553001648],[-112.209011951289,46.3715113568606],[-112.203716314417,46.3717898359402],[-112.184902398857,46.3674821091317],[-112.180691503742,46.3710114524463],[-112.166378747829,46.3682337353821],[-112.161808269682,46.3676194834145],[-112.154751658173,46.3742584260755],[-112.15248549707,46.3783106348745],[-112.141903644857,46.3880440534366],[-112.133282451092,46.3978461588208],[-112.12403528788,46.4076215650501],[-112.125843656734,46.4191560246758],[-112.128971182718,46.4215598259074],[-112.129444443956,46.4243336794127],[-112.128498242179,46.4284278021053],[-112.125561164425,46.4324608289655],[-112.118824655888,46.4345210810013],[-112.11465083155,46.4371348661425],[-112.112438932284,46.4407290517288],[-112.112248093287,46.4434762511149],[-112.115978834391,46.4559951510928],[-112.117741401742,46.4679873953216],[-112.117603989148,46.4794607395195],[-112.117977714357,46.4836006052703],[-112.117740984025,46.4868056859074],[-112.112225449453,46.4994693323424],[-112.110012496463,46.5026057547964],[-112.108433554638,46.5062267528328],[-112.106861747232,46.5190240653379],[-112.107235504781,46.5231677763421],[-112.112973008568,46.5353050443725],[-112.119884618516,46.5497737044455],[-112.12169309427,46.552127804176],[-112.123501054391,46.5544896260894],[-112.120807991407,46.5645015516414],[-112.117352298273,46.5666764885206],[-112.106228180734,46.5741015030327],[-112.105358434571,46.5772837255511],[-112.10512222616,46.5804887450495],[-112.106243767402,46.5832855435173],[-112.100803538601,46.585391809653],[-112.096668348108,46.5875437726824],[-112.095135269769,46.5907067630528],[-112.09533372648,46.5971435581897],[-112.096424230031,46.6003906069688],[-112.103718097387,46.6093686337577],[-112.112484429258,46.6165571830563],[-112.118854809638,46.6291751838282],[-112.123294961101,46.6412667234312],[-112.132191510959,46.6558076923202],[-112.133823706711,46.6609128912764],[-112.129834089109,46.6704211783237],[-112.128971488145,46.6731494167267],[-112.131321489013,46.6773617446358],[-112.13242747413,46.6806125313328],[-112.143772547585,46.6888121561778],[-112.161655919902,46.6981450150795],[-112.169346644086,46.7020788961139],[-112.173221649235,46.7035859048476],[-112.186306546494,46.7058677865341],[-112.192227197005,46.7065240224208],[-112.197635801515,46.7048719313355],[-112.204227593256,46.7055508629553],[-112.20869152582,46.7079966882285],[-112.220692423331,46.7070237721447],[-112.226665818424,46.7067604304761],[-112.236431776678,46.7093854983406],[-112.24030756965,46.7108927724671],[-112.246197282182,46.7120031451477],[-112.250850955104,46.7117016014632],[-112.265812715063,46.7062262969556],[-112.271236606205,46.7045704463743],[-112.276966413226,46.7079737838728],[-112.293217365212,46.7126440700179],[-112.311603870445,46.7150861629839],[-112.322094080126,46.7168068687428],[-112.325977690237,46.7183140741809],[-112.326381933013,46.7219998812518],[-112.323994467907,46.7278910694223],[-112.319928009313,46.7291386649068],[-112.315762142251,46.7317562124899],[-112.321857668696,46.7397650351243],[-112.324978216567,46.7426228339345],[-112.328823370699,46.7445841127971],[-112.337101756573,46.7494488951695],[-112.338947764837,46.7614524896764],[-112.334858132404,46.7728038211985],[-112.335995206416,46.7756005810516],[-112.332844099655,46.7828502954921],[-112.327305509822,46.7863453452693],[-112.323178078078,46.7885047461001],[-112.324123987004,46.7940487478431],[-112.325924396785,46.7968609728719],[-112.324764356444,46.8041752368458],[-112.322391749472,46.8096125242285],[-112.320881557512,46.8123176243846],[-112.31732573097,46.8158777747948],[-112.304745257506,46.8251150530671],[-112.292797601345,46.8348295371601],[-112.280323595309,46.842227917001],[-112.276897814278,46.8439525490343],[-112.274677681054,46.8471002481084],[-112.278537886458,46.8490615965223],[-112.283032208131,46.8510494669284],[-112.286937944645,46.8525527183369],[-112.290775757745,46.8545177728555],[-112.291813338848,46.858687997255],[-112.296207625028,46.8625113867244],[-112.29938177088,46.864453324328],[-112.302548179543,46.8668533568609],[-112.301693201683,46.8695815138848],[-112.308391837247,46.8785327790989],[-112.300213394339,46.8911317914961],[-112.301983326977,46.8944054324953],[-112.295467492286,46.9024638654854],[-112.281017560036,46.9093432244317],[-112.274967951875,46.9105222981689],[-112.268207791595,46.9121400561628],[-112.269733571122,46.918626719854],[-112.265652518498,46.9198703398133],[-112.264827936933,46.9225985767203],[-112.265247523832,46.9258303055631],[-112.264393674256,46.9285622209912],[-112.26221107534,46.9312485156277],[-112.258648488975,46.9348044858992],[-112.251782313119,46.9377957940185],[-112.246472039098,46.93761653854],[-112.24120731595,46.9369833101545],[-112.23731671515,46.9354761725671],[-112.234127222479,46.9335301721692],[-112.229595252413,46.9315423078079],[-112.221577377972,46.9321945916122],[-112.216167844604,46.9333927525221],[-112.203076049181,46.9398485592115],[-112.198147055201,46.9438169898757],[-112.194561879801,46.9473767691041],[-112.181637570771,46.9515395505295],[-112.178181246122,46.9532603306416],[-112.177922163909,46.9569271278601],[-112.166126633848,46.9638866883373],[-112.1599626441,46.9664355789954],[-112.154522404519,46.9680914044144],[-112.151058249255,46.9794656519409],[-112.151486090774,46.9826974621878],[-112.150586065996,46.985887172443],[-112.137256788351,46.9955481172484],[-112.130833148655,47.0017676166235],[-112.129292450806,47.0044727530209],[-112.121837928745,47.0065178370269],[-112.11957181166,47.0193150761027],[-112.12830799607,47.037084121113],[-112.143498115859,47.0481760829035],[-112.154087327969,47.0586497912469],[-112.176998727238,47.0644799576377],[-112.194805763417,47.0765714766872],[-112.205997808863,47.087983572082],[-112.216381472063,47.0920128382746],[-112.22932841235,47.1071568475226],[-112.232472137653,47.1192179433422],[-112.229931121718,47.1366129774688],[-112.251736398428,47.1492920135384],[-112.280902928718,47.1520966117188],[-112.311581229307,47.1521804001041],[-112.339688087124,47.1512532291033],[-112.370655914729,47.1568506732716],[-112.374523863612,47.1588194406981],[-112.381023711885,47.1714451093531],[-112.396663985548,47.1770082396405],[-112.400822433423,47.1946170750691],[-112.410641172192,47.2073534274132],[-112.441051578994,47.2119969235523],[-112.472477308442,47.2116076223685],[-112.483708184465,47.2133400465947],[-112.50321615099,47.2213107209122],[-112.531094494467,47.2240198088048],[-112.540211642711,47.2376412969773],[-112.538235088575,47.2578255995286],[-112.552845145523,47.2697760183347],[-112.581013216341,47.2784638900869],[-112.616695541796,47.285072553975],[-112.632755610767,47.2952179690792],[-112.648571124182,47.2984575865303],[-112.673832785729,47.2904754114392],[-112.68837396076,47.3037916947797],[-112.705265156422,47.3116554459067],[-112.7254982673,47.319614856083],[-112.741452059285,47.3320496540237],[-112.742558195318,47.3357660347673],[-112.745968042931,47.3455260829524],[-112.743443290096,47.3647794987591],[-112.742282987448,47.383151432471],[-112.755497149582,47.3968873767145],[-112.784862850742,47.4092496836741],[-112.800251247579,47.4202843218746],[-112.804981331199,47.4415904837672],[-112.811901566771,47.459741155361],[-112.813656158879,47.4639343666976],[-112.824002169194,47.4702185456837],[-112.84393710138,47.4730955129954],[-112.873516908802,47.4716380800596],[-112.898953200146,47.4723551871241],[-112.921978261451,47.4799138585652],[-112.929775686626,47.4953174596289],[-112.935451804038,47.5125139648887],[-112.936557996666,47.5281962149225],[-112.935184748379,47.5396657019063],[-112.932277995054,47.5437292640333],[-112.937191493994,47.5622842152294],[-112.944347713397,47.5776799719567],[-112.960491445166,47.5882605201631],[-112.956737999143,47.6065754361615],[-112.949108783505,47.622020682607],[-112.938488705282,47.630933753082],[-112.948215857214,47.6482449534629],[-112.962994330312,47.6597146658877],[-112.97641445009,47.6831153893386],[-112.976544225207,47.7038454814076],[-112.964725938125,47.7214885354924],[-112.94868119082,47.7311801165784],[-112.91776721991,47.7303178397721],[-112.89946385735,47.7325651050961],[-112.890736504278,47.7433783833462],[-112.879543436549,47.7614909761983],[-112.874736979062,47.7853153033231],[-112.866771938136,47.7943086035496],[-112.876316901847,47.8148553649346],[-112.869694038279,47.8238908062571],[-112.858738074581,47.8493901893508],[-112.873737952753,47.8687159654644],[-112.890438583404,47.8825550747769],[-112.894856235663,47.8988131699958],[-112.873752945635,47.9129726637436],[-112.841243902751,47.9148156837395],[-112.815624756637,47.9251442641194],[-112.775318323612,47.9332068083583],[-112.739628137898,47.9317070083951],[-112.725315863483,47.9335920644861],[-112.724384776759,47.9377166240682],[-112.709095855763,47.9552531015642],[-112.686222378874,47.9642615604632],[-112.687702607528,47.983671366307],[-112.711147649195,47.9977430872111],[-112.715031384172,48.0001620785722],[-112.725254916384,48.0096857750495],[-112.738888138106,48.0188508314845],[-112.757877669813,48.0286303462985],[-112.758145026408,48.0457086464734],[-112.781262211742,48.0546789983722],[-112.793735827011,48.0610357603854],[-112.791668665201,48.0725128669837],[-112.801708412886,48.0852569257459],[-112.80086147405,48.0880004738854],[-112.794765740094,48.0988978095549],[-112.811878611222,48.1067692905192],[-112.8488811107,48.1105961681599],[-112.865238380097,48.1087533619624],[-112.865635337536,48.1133777056103],[-112.867924406577,48.1314443400227],[-112.882633746229,48.1346228220825],[-112.900051763381,48.1263430094244],[-112.913914477709,48.1211921467388],[-112.936085641828,48.1241223216977],[-112.945164176888,48.1308302345393],[-112.978893455321,48.1446844322861],[-112.998707520983,48.1530711204185],[-113.02756200978,48.1460123261324],[-113.03835744274,48.1583021878785],[-113.040493800877,48.1800434515629],[-113.042202325581,48.1971676740751],[-113.028873580637,48.2166577697424],[-113.04565890086,48.2314161372057],[-113.070324767371,48.2385436807283],[-113.096081386267,48.2507725039751],[-113.111538234728,48.2650275401128],[-113.132694856836,48.2748182973482],[-113.144161342093,48.2760432541972],[-113.140796803706,48.287493692028],[-113.149372811315,48.291873963432],[-113.165485581749,48.2950637873302],[-113.181683391199,48.3088761175314],[-113.197651537364,48.3268321314546],[-113.191418426747,48.3289840574132],[-113.170063356013,48.3344326767143],[-113.153263669932,48.3432277632172],[-113.147518289716,48.3606266840266],[-113.161434503211,48.3789985631664],[-113.16866761481,48.3953520638302],[-113.169506405028,48.4046087959498],[-113.187336513537,48.4018386026701],[-113.212666504538,48.3987977684725],[-113.235134320211,48.4104582173452],[-113.261615987339,48.4235989528552],[-113.289295429438,48.4400020613009],[-113.286045844865,48.4496250183435],[-113.283253504568,48.475883636338],[-113.282772275274,48.4846480914552],[-113.289531985497,48.4977547698998],[-113.291385999548,48.5139746135741],[-113.28813601702,48.5360706792283],[-113.306408142463,48.5383750434611],[-113.323421751549,48.5512793784411],[-113.308933949022,48.5670912051637],[-113.303982741502,48.5702009596751],[-113.302341614699,48.5752452196224],[-113.296612426617,48.5801823258211],[-113.293125317601,48.581941313838],[-113.287602035059,48.5831929590696],[-113.279255670974,48.5862149844138],[-113.279026319403,48.5903776206396],[-113.278164292464,48.5935902101917],[-113.275875593529,48.598153870292],[-113.270932174402,48.6012635498095],[-113.259251203794,48.6028202881889],[-113.236042404674,48.6031520796951],[-113.230862430386,48.6104169921695],[-113.221356062791,48.6342070963483],[-113.220013497361,48.6582146931199],[-113.210232420461,48.6741446667202],[-113.203106790489,48.6919979578067],[-113.196193975002,48.7177148129202],[-113.183086600996,48.7562256035693],[-113.17920341489,48.7764785048547],[-113.172802651691,48.7929657278111],[-113.15903171554,48.8064841778667],[-113.133541217158,48.8215483119347],[-113.113323277029,48.827958278019],[-113.09605834987,48.8307476903669],[-113.084683125361,48.8395615098837],[-113.091252090012,48.8561820924651],[-113.107235094311,48.8675031067223],[-113.135601668552,48.869258126216],[-113.1692933471,48.8669038713482],[-113.172062078774,48.8785414687291],[-113.168408251424,48.8946430196223],[-113.143803133484,48.9055748423541],[-113.121128897535,48.9068302051904],[-113.09703463353,48.9085167296784],[-113.073711559723,48.9088218722112],[-113.04825258502,48.9104550063346],[-113.025676900546,48.9098522222578],[-113.011143633384,48.912240577417],[-112.995732201947,48.9178379889296],[-112.976543609861,48.9293496252113],[-112.952602686479,48.9398044980062],[-112.933674637267,48.9466913690507],[-112.917485031232,48.95318933306],[-112.892811388005,48.9756517891598],[-112.884003001504,48.988412704347],[-112.87919300196,48.9883940624714],[-112.808452964938,48.9880982131333],[-112.174732519423,48.9891361674904],[-111.99779167232,48.989063503272],[-111.806439076758,48.9884530304067],[-111.075405945721,48.9892618501828],[-110.808659352753,48.9886132372919],[-110.546054958036,48.9892964057791],[-109.887775549122,48.9888803305427],[-109.868580493658,48.9888230195523],[-109.806866303708,48.9886131524064],[-109.465381761072,48.9892963833791],[-109.298054156829,48.9895863473979],[-109.166393862701,48.9895100019943],[-109.122501452979,48.9891474866147],[-109.077930763114,48.9892276341002],[-109.034046807437,48.9893002067106],[-109.012096838185,48.9891016878253],[-108.94695720497,48.9889490213531],[-108.903752001948,48.9889871364356],[-108.807751239424,48.9884607962745],[-108.774830130336,48.9885673578417],[-108.46757174408,48.9895176338873],[-108.247417663017,48.9892466765069],[-108.112293368135,48.9895175843717],[-108.091045801486,48.9891856375035],[-108.045078520612,48.9893841825806],[-107.981296719695,48.9892696807668],[-107.93740469535,48.989002430444],[-107.915447696781,48.989093994563],[-107.827679281472,48.9884988740036],[-107.806401081373,48.9885865178079],[-107.755627278333,48.98907117296],[-107.732990923441,48.9891170159882],[-107.711719799372,48.9891932046039],[-107.536091414255,48.9895518945706],[-107.510708599621,48.9895060955634],[-107.465435950922,48.9895289051778],[-107.356357692358,48.9896013977709],[-107.333713544581,48.9895862913981],[-107.226696740829,48.9895976670095],[-107.13888197784,48.989502406058],[-107.096325419539,48.9899258167334],[-107.051044948311,48.989811386311],[-106.982441372733,48.9896015215597],[-106.921383378741,48.9895366620359],[-106.852787640065,48.9892579997325],[-106.808872819173,48.9890979181211],[-106.786236293601,48.9889986660375],[-106.764263458632,48.9893727155521],[-106.718960366927,48.9896128671046],[-106.653072727235,48.9897733308058],[-106.609165791755,48.9895519452652],[-106.412861282596,48.9902769574805]]]]},"properties":{"OBJECTID":1,"FID_":0,"DATE_":"1803","NAME":"Louisiana Purchase","NOTES":"A $15 million deal between the US and France that resulted in the US gaining about 827,000 square miles of land","Shape__Area":3801910590768.3555,"Shape__Length":20046882.022681773}},{"type":"Feature","id":2,"geometry":null,"properties":{"OBJECTID":2,"FID_":0,"DATE_":"1818","NAME":null,"NOTES":"Purchased from France; ceded under the Convention of 1818 between the United States and Great Britain","Shape__Area":null,"Shape__Length":null}}]}